id,text,label
10001,1、电池不太强 2、没有任何预装软件；起码电源管理还是需要弄一个的呀，惠普？,0
10002,散热不好，机器用一会就很热，怪不得送散热器呢， 自带的红旗系统很垃圾！！！,0
10003,"闹钟震动,不好,大大的不好.短信铃声比来电铃声还长,还大.这是大大的不好啊~相机一个字:差!!!!!",0
10004,发热是挺高，静音一般，屏幕一般，还有就是快递公司很差，就放到单位传达室就走了，是EMS，我都没验验货，要是途中摔坏了，我找谁。我刚买一天就赠杀毒软件，过两天又降100，我真晕，强烈不满，请京东给个说法,0
10005,喜欢蒙牛核桃牛奶～我得买去，除酸奶外唯一喜欢的。,2
10006,"此宾馆号称三星,可实际上这个酒店的硬件和服务水准,目前根本不能上星.走进大厅一股甘水味,高度白酒的酒精味弥漫空中,令人窒息;我们要求看房间,接待小姐满脸不高兴的让我们上五楼,我们看到的是落后的设施,破烂发霉的墙壁,摆设还算整齐,唯一能表示满意的是床单的清洁度,但是有股刺鼻的洗涤剂味道,问有空调否,答是24小时......我想这个宾馆是市府招待客人的地方,应该不差,就住下了.没有想到一连串的麻烦就开始了......首先不能上网,回答是,4块钱一个小时,一会拿了""猫""和路由器过来,好恐怖,不要了;要求送十瓶矿泉水,只送了七瓶,服务员说只有这么多没有了,要求签字确认,服务员说把房间的二瓶也一起算吧,我说,不要算,你查房的时候算,不然会搞错,服务员说一样的,9瓶三元一瓶签字了27元,.结果离店结算时果然又要我们付房间的二瓶水,我们解释也没有用,还是多收了二瓶水钱,从这点看管理太乱......服务员个个是祖奶奶,不能得罪,一点服务意识都没有,够呛;空调很弱,到了下半夜几乎感觉不到空调在运行,给冻醒,,结果我们二个人全部感冒,回到家里挂水(有515医院的证明);算了,不说了,反正也没有什么结果,只是提醒朋友们这种酒店千万别入住,也希望携程能对与你们挂靠的酒店有个评估手段,我现在是钻石会员,还是第一次遇到这样的酒店,太差劲了......因为这个夜晚的寒冷,染上了风寒,在医院刚刚打了点滴,觉得要写点什么,就这样了,睡觉,希望不会有第二次!",1
10007,这本书从结构到情节直至文字都毫无新意，典型的网络文学。如果对小说的要求不高，纯粹是为了解闷或许还能凑合,0
10008,怀着十分激动的心情放映，可是看着看着发现，在放映完毕后，出现一集米老鼠的动画片！开始还怀疑是不是赠送的个别现象，可是后来发现每张DVD后面都有！真不知道生产商怎么想的，我想看的是猫和老鼠，不是米老鼠！如果厂家是想赠送的话，那就全套米老鼠和唐老鸭都赠送，只在每张DVD后面添加一集算什么？？简直是画蛇添足！！,0
10009,这本书只值的娱乐与消遣，不具有任何学术性，因为基本的科学性很不够，即起码的准确性都无法达到。,0
10010,酒店设施确实旧了，但地毯可以换啊，好破还好脏，服务态度不错，每到一个客户，都有服务生送你进客房，还有一壶带保温设置的茶附送进房，很温馨。,1
10011,看了一半不想看了，内容就一个，反复絮叨,0
10012,又一蒙牛吐槽,0
10013,人生当中的种种际遇不是为了折磨一个人，而是为了塑造一个人。最甜的水果常常是那些有瑕疵和缺陷的。我知道我比许多得到文凭的人教养更好，但是我厌倦争辩。尽管你说话不多，但以我的理解力，我没有必要让你说许多话。心存烦恼的人不想多说话。学会耐心和坚持，梦想越大，实现梦想的时间就越长。当你有说话的冲动时，先倾听。但当你有退缩的冲动时，先行动。,1
10014,电池好，屏幕好 漂亮 实测上网、聊天的话可以坚持6个半小时，还不错,2
10015,外观漂亮，视觉感很好！,2
10016,这是一本小说集，好多章节故事，我都已经看过了。书印刷还是不错的。但是还是买整套的好，有点后悔。,1
10017,"背景灯的紫色特别棒,而且这款机的铃声很酷",2
10018,这本书的最大有点在于它的朴实和实用，书里没有什么说教，没有什么大道理，但是教给我们许多与孩子交流沟通的技巧，再加上一些练习，对我们教育培养孩子确实有很大帮助。我想，如果照着里面说的去做，即使不能说百分百地有效，但一定会大大改善与孩子的关系。可惜许多技巧我现在还没办法去实践，两岁半的孩子还停留在无理取闹的阶段，不过很快我就可以用上这些方法的，所以现在要抓紧学习，呵呵呵。,1
10019,我刚买了一个星期不到，但是它的优点真的很多，还算得上是非常值得！mp3不错，送的配件也都够用了，送得联机线不用软件也能与电脑传输得非常棒！屏幕是不错的，照相移动还是很快的，闪光灯真是帮了大忙，最厉害的就是内存卡了，有钱就买个大的，顶了！送32MB也够用了。,1
10020,为了达到那些令人羡慕的拥有， 而在区别彼此的不同，忘了做真正的自己，也许正是因为太多的惯性和常识才让自己更孤单，这套书很好，可惜一直都无法买全，它的另外几本至今也买不到：爱你本来的样子，你所需要的，你很特别……你是特别的，并不需要具有所谓的成就、才能、性格，而是，你本来就是特别的，在这个宇宙 我是独一不二，没人能取代，梦在手里，我可以。,2
10021,做工不够细致，没主要表现为 启动按钮生涩 光驱合上时生涩 发热较大  外壳会粘手印,0
10022,电池制作的太粗俗，电池上面的纸很容易掉。用电快的不得了,0
10023,如果你是要操心老小的家庭主妇，如果你是在工作与家务之间分身乏术的工作女性，如果你是即将嫁人或刚刚嫁人却对家务缺乏信心的女性，如果你是我这种天生不善整理 房间经常乱糟糟的人（不分男女），那么，你可以把这本书放入购物车了。受到这本书的启发，我和妈妈开始整理房间的每个角落。我很感谢它，给我的家带来了变化。尤其是我，从在猪窝里心安理得，变得爱上收纳和整理，不能不说是是个奇迹。,2
10024,"看到评价及书的介绍，我自已很喜欢。我买了三本，因为书很厚，文字很多。我担心女儿不喜欢，因为她喜欢图画书。我先拿了一本回家，打算睡前给孩子讲，结果上一年级的女儿,自已看到书后，便一发不可收拾。根本不用我讲。一口气看完一本书后.才松了一口气.还问我还有没有买其他几本.为书中最后一头战象而叹息.为被象群踩断脊骨布哈依难过.现在每天睡前都让我再给她讲一遍。直到她睡着为止。",2
10025,这孩子真可怜，一不小心看个电影就疯了，连蒙牛都不用喝就这么崩溃年,0
10026,还行，就是太远了，物流走了4天,2
10027,蒙牛赞助,2
10028,但总体来说 ，女性手机的特色功能还不是很全，女性特色突出得不够鲜明。在短信铃声方面，希望增加备选铃声，增加短信提示音的个性化；在键盘的布局和质感上希望能有所改善。外壳颜色虽绚丽，但两款颜色对于爱美和品味越来越个性化的女性来说，无疑显得单薄了许多。此外，不支持目前最为流行的拍摄功能，不免让人有些遗憾，但在同等价位的机器里，这款手机还算是不错的选择。 ,1
10029,优惠的时候买的，4249送包和杀毒软件。 感觉性价比很高，用着顺手，信赖联想大品牌。 希望能稳定耐用，也希望联想的服务不会让我失望。,2
10030,这本书我是买来送给爸妈，听说很简单易学，所以给妈妈看，让他们了解一些基本的健身之道，这样我们在外面工作也会比较安心。妈妈正在学，听她说还不错。,0
10031,因为介绍而感兴趣的书，题材也很喜欢——命案加悬疑加推理，赞！看后很有挫败感阿，我果然离天才有很大一段差距~~~~为了知道来龙去脉发狠把半本一口气看完，直到最后十几页真相才慢慢却强烈地剥落！作者的文笔很简练，没有多余的文墨卖弄，每一个字都是成为故事情节不可或缺的构架~~~完全没有煽情的意图，却能在末尾赚人热泪~~~我开始不禁要想，为了所爱的人，我可以以及愿意牺牲什么呢？,2
10032,我很喜欢这本书的封面设计，看上去就有一种西藏文化的神秘感与沧桑感。内容看上去有些晦涩，全书都有关于性爱的描写，不同的人、不同的时间、不同的地点都有，啥子事从这种经历开始聪明的转变，看一遍可能无法理解作者究竟要说些什么，我还是对一些内容不是很了解，可能与对西藏文化的不了解有关系。书中还间接的有些西藏与中原关系的历史，也许就是这种历史关系，才导致今天达赖与政府关系的对立把！总之复杂！,2
10033,今天的天气再配上蒙牛冰工厂的广告，那叫一个美,2
10034,很差，去到餐厅后发现什么也没有，当初在携程预定时所谓的双早根本没兑现，我们几位连早餐都没吃就结账走了，这个宾馆太需要改进了！,0
10035,和小妹一直聊到现在。问她晚上睡前喝奶吗？最近喜欢喝蒙牛酸酸乳。问平时都吃什么啊，她说：不告诉你，你好给我买了。怎么那么喜欢她啊，好可爱的小姑娘,2
10036,是包装得蛮漂亮的一本书，但是内容让人有点失望，我是冲着＂庄子＂来买这本书，原先看原箸，有些地方看不太明白，没能真正悟出其中的道理，原以为看于丹的心得会有所启发，结果发现她的心得比我所悟到的东西还要敷浅，失望啊～～虽然我本人也说不出什么深刻的道理来，但是这本书对于我想更深入的了解＜庄子＞是一点帮助都没有～～,1
10037,1、电池超级垃圾！待机时间根本不象宣传的那样能待机290个小时，最多2天就完了，而且你还不能通话，要通话待机时间更少！2、外型看着还可以，外壳的做工粗糙，后盖打开时必须有空手道3段的力量才行！3、内存太小，而且不支持扩展！简直就是给你块天鹅肉告诉你只能看不能吃一样！4、客服超级垃圾！,0
10038,个人觉得这本书是作者对之前的书的提炼，总结。看完之后就知道了财商究竟是怎么回事。财商是几种能力的结合，它们是不可分割的，而不是莫一种能力。看完后你会对你的生活状况和接下来做什么有一个清楚的目标。如果你不满意你现在的生活，你想改变，那么提高你的财商就很重要了。从学习开始改变吧。希望和更多富爸爸粉丝交流！QQ：383161223（注明：当当）,2
10039,"建筑较老,房间内饰一般.属于地方典型的老式3星饭店.门卡经常失灵.特别是服务上还没有形成为宾客服务的理念.当门卡无法开门去前台做卡时,刚对饭店提出意见.让人无法相信的是前台的服务人员竟然说""谁让你们总是一天一天的延住的!"" -事实上在前一天刚刚续住了3天.这样的服务态度也就是在N年前某县的招待所遇见过.对于省会的五星级酒店实在是无法评价.结果是和前台吵了一架.搬出了这个酒店.性价比上(价格和房间的内饰)远远比不上中振和华庭.当然如果对房价没有要求的话还是世贸比较好.",0
10040,第二次买了，很满意，全5分,2
10041,1.不支持主流的MP3铃声。2.反应速度太慢。3.内置的金山词霸其词汇量也太少吧！4.电池续航能力不理想。5.机身总内存容量仅有2MB。,0
10042,我不太懂电脑，别人帮忙装的系统，听说比较难装，另外就是用一会，就很热了。电源也很容易发热,0
10043,粗略翻了一遍，同事也借去看了一下，我们的感觉是这本书写得比较乱，很难看下去。而且里面描述得比较粗，不太实用，也没什么意思。,0
10044,看了大家的评论后买的，可书拿回来后孩子不太感兴趣，给他讲也是总心不在焉，等他大点再看吧。,0
10045,才三成，看来舆论的力量不够大呀… #快消头条# 蒙牛负面报道致销量下滑三成？,0
10046,一次偶然的机会让我看到这本书，这让我这个非常怕进医院的人眼前一亮，这里一再提起的现象不就是我们常说的有毛病，医院的各种机器又查不出来的“亚健康”吗！我也想通自己的手来医好我和周边亲人、朋友的“亚健康”，于是我通过“当当网”买了一套，看后非常喜欢，于是又买了若干本送给朋友和长辈，相信他们也一定象我一样喜欢这本书。,2
10047,装了电池管理的那个不开效果最佳会有些卡~~~而且我买了不到3天就降了200~~~哭了~~~,0
10048,从小事看不像四星级酒店：车到门口，门童似看不见，自顾自聊天说话，连啦一下门也没有，早餐品种很少，房间的设施不如三星。但这酒店在黟县算是最好的了，想住的话只能将就了,1
10049,"这本书的观点是颠覆了固有营养学上的许多论断.令我感受最深是她提出的三种健康食法:素食,生食,断食!素食我是推崇的,至于生食与断食,并不那么容易可以做到了.断食都还可以,但生食对于现在的生活来说,不是件容易的事.要不是就自家种罗!那时间不是要花在上面去吗?那正常的工作应该如何安排呢?是件头痛的事啊!!不过,她的这些观点对于现在肉食的人类来说算是一种提醒.因为这样子下去,这个世界肯定会失衡的.",1
10050,电池后该处有一处卡扣没有卡进去，被我使劲按进去了。 本本扣盖后，扣得不是非常齐，从侧面看右边悬空，不知是上板不平，还是下板。,0
10051,书里的每个故事都很能给人以感动。是否能被触痛的 就因人而异了。里面的故事大多数都是存在的。通过了解别人的经历相信也对自己帮助很大。爱情也是门艺术，看这本书感觉让我更好的了解什么是爱情。本人很喜欢《意林》，记得第一次买是因为高三语文老师推荐的。此后就喜欢上了，距今有3年了，几乎每期都买。当当网 就是我给意林杂志社打电话说想买这本书，然后经他们推荐的。呵呵真心希望 《意林》越办越好!!!,2
10052,这本书我现在推荐给我同学在看，他跟我说这本书还是很有价值的，比如它强调的一些关于钱的只是都是我们平时不太注意甚至不懂得概念，很肯定这本书会影响很多人的理财及人生。向这本书作者致敬,2
10053,房间里面居然有好多黑色的硬壳小虫，让我们觉得很是恶心阿...当然也有可能因为我们住的是3号楼，是不是有点成旧的关系？早餐虽然是免费的，但是看到票价也要20呢，菜品实在是.....不过门口那部劳斯莱斯幻影倒是的确让人震撼！看得出，老板还是很有实力的！,1
10054,1、外观大方，整体做工不错；2、待机时间超长；3、百万像素的拍照功能，效果还不错，64和弦铃声的表现令人满意；4、配合红外线和数据线使用，和PC数据交换非常方便。,2
10055,"看不下去的书.给朋友们看,都不知好在哪里.",0
10056,thinkpad品牌号召力是非常好的，联想收购了ibm pc部门后把商务机的研发全放在thinkpad品牌上了。专业的就是好！,2
10057,差劲呀，还市中心的酒店呢，上网还要另外接线，４块钱一小时，抢钱啊！！！！！,0
10058,告知所有的朋友，这个酒店，简直就是一个黑店 1，一楼大堂吃饭，白水5块一杯。2。小卖部里的东西，市场5-8倍。3，深夜12点有色情电话。转天问服务员，他们说是一楼的美发，和他们没关系。奉劝各位千万不要入住。,0
10059,曾经以为作为老师讲的道理已足以面对人生，从朋友那看到《小强升职记》的第一眼，我就喜欢上了它，小强走的每一步都是人生中必须经历的，而不只局限于职场。即使第一遍以看小说的心态看完了它也不禁要感慨：我能做到多好啊！当拿到自己的《小强升职记》，我才发现它不只小说那么简单，按照小强搞定生活搞定工作的方法，我决定从此刻开始改变自己的习惯，但愿我能成为像老付一样的导师，培育更多“大树”……,1
10060,书中给我们展现的是非常完美的爱情故事，随着故事情节的发展，我也心中甜蜜，酸楚，失落，幸福。在看书的过程是使自己也在爱一次的过程。我们的生活中也需要激情，在小说当中会找到我们也曾有过的恋爱的感觉。当自己对幸福迷茫的时候，就会想到，不要将自己手中的幸福随便就放掉，那样，当自己发现那是你的最爱时，已经找不回来了。学会爱，抓住爱，把握爱，珍惜爱，那就会有幸福。,2
10061,键盘反应很慢，外壳也很软,0
10062,每次中途休息都会住在这，不是因为这家酒店有多好，主要是上下高速比较方便。房间一般，餐厅饭菜比较差。,0
10063,人可以失败，但不可以被击败，外在的肉体可以接受折磨，但是内在的意志却是神圣不可侵犯的，这是《老人与海》一再强调的论点。真正的大师都是用最简单的语言来表达最深刻的道理，真正的好作品都是用生命的历练做题材，《老人与海》所刻画出来的正是海明威的一辈子最好的画像，正如海明威所说，?我一直读过２００多遍，每读一次，我就多一份收获，好像我最后得到了我这一生辛苦工作所欲得到的东西?。,1
10064,特价房环境非常不好，只有一扇非常小的气窗通向宾馆过道，有点象住在地下室的感觉。房间下水道还往上翻难闻的臭气。请慎重选择此宾馆。,0
10065,"我还以为很搞笑,买来才发现也不怎么样啊",0
10066,她是不可多得的成功的传媒人士为什么一定要写15字？对这本书来讲，没什么可写的哇？？,0
10067,"国际酒店一向都是很好,住过很多四星酒店,我一直最满意的. 房价是很合理,除了牙刷洗发露,肥皂品质很好,房间视野很好,装饰和色调非常清爽,在工作忙碌中回到这家酒店的房间就感觉很舒服. 最近酒店换了新款式的牙刷感觉不是很好. 50楼的旋转餐厅也是观景很好,四楼酒吧有卖雪茄,二楼西餐有正中乳酪, 免费停车. 所有服务人员都很专业而且态度很好. 我外国人长住在中国已有10年了,除了牙刷,感觉是最好的酒店.",2
10068,"刚买的时候儿子不太喜欢看,因为在那以前都是给他读比较短的,内容比较简单的书,可能是太长的原因他不太喜欢。但现在非常爱看，几乎每天都要读上几遍。《汤姆走丢了》、《汤姆挨罚》、《汤姆上幼儿园》、《汤姆的小妹妹》他都爱看，本来以为《汤姆去海滩》那本会不太喜欢，因为他还没去过海边，怕他不明白，没想到他也喜欢。第次看完都嚷着要去看大海。这套确实不错，很值得推荐。说明一下，儿子现在27个月。",1
10069,小资写的，蛮恶心的。我喜欢自我的人生，而不是刻意的迎合别人,0
10070,要是送个鼠标就好了。另外2个小时后，触摸板右边温度有点高，由于没仪器也没测量。,0
10071,这几天旅行中也在看《杜拉拉升职记》，的确是值得推荐的职场读物。虽然是虚拟的，但很多skill是可以在实际生活中运用，既是不完全运用，也可以做参考和借鉴。看完之后，觉得比较受用。,1
10072,最恨的就是你这种坏了一锅粥的！蒙牛,0
10073,这个价位的15.4寸屏幕性价比较高。送货也很快，我是江西九江的，前后两天就到了。,2
10074,"1号刚去过.酒店很旧海景别墅是木板地很响,白天房间很晒空调又不太制冷.到处是蚊子.餐厅好难吃.服务员太度很好.看海很美,离海很进就是沙滩很不好太脏比三亚差太多",2
10075,还来？ 别骗人了 做人如做事。抵制蒙牛和抵制牛根生相关的其他产业可以同时进行，并不冲突！ 回复 貌似蒙牛被中粮全部控股了吧，不管牛根生什么事吧？,0
10076,"酒店位置较偏僻，环境清净，交通也方便，但酒店及周边就餐选择不多;浴场海水中有水草,水亦太浅,不太理想;有A2水上运动中心基地,能进行帆板运动，是亮点;酒店设施陈旧、简陋,清洁一般，但房间面积足够大；早餐不好，更糟糕的是因本人去时有旅行团，人较多，接待能力不足，甚至早餐盘简单冲洗后即重复使用，非常不卫生，我夫人当即拒绝早餐，并表示立即退房（本来预订了2天），另外，晚上加个枕头还要收取清洗费，以前未遇到过。",1
10077,"这本书我最喜欢的是那一句人生若只如初见.也就是这书的名字。人生若只如初见,所有往事都化为红尘一笑.只留下初见时的惊艳、倾情。忘却也许有过的背叛、伤怀、无奈和悲痛。这是何等美妙的人生境界。时光匆匆，我们已经回不到过去,也许曾经一见倾心,但是再见之时,也许会是伤心之时。若是如此,不如初见时的那份感觉……这本书，介绍的不仅仅是诗歌，更让我感受到古代那美丽的爱情~！",1
10078,看了当当的推荐和网评，于是下决心买来看看，看过后发现并没有想象中的那么有趣，有时还觉得很幼稚，不知道我他真的不令我满意还是我不懂韩国式的幽默！,0
10079,接口太过分散，前后左右都有。右下底部散热不是很好，扩展坞的接口没有盖子盖住。,0
10080,散热不怎么好，还有系统实在是。。。。。！！为啥要是vista呢！！！！！,0
10081,蒙牛公司用人制度，有德有才，破格重用(极品）；有德无才，培养在用（半成品）；无德有才，限制使用（毒品）；无德无才，坚决不用（废品）@首脑吕海锋,2
10082,抵制蒙牛！！,0
10083,N多年前在上海看《琥珀》，不知道它是廖一梅的，因为有影帝（刘烨）和美女盖住了她的光芒。去年在话剧中心看《恋爱的犀牛》，被一群黄牛围堵，才知道原来她的话剧那么红。这是一本不错的书，记得书中的很多细节，比方说关于男人变老和变成熟，比方说关于美感实不实用，比方说引用的《两只狗的生活意见》里关于门的台词。,2
10084,"指纹太郁闷了......,刷卡不给开增票,不知道怎么解释,刷卡之前没说明,刷完了才说,我订单上明明写着开增票的",0
10085,TM的机器发热控制要比家用的好，价格方面也很不错，这个价位这个配置，只能用超值来形容,2
10086,由于实在很欣赏它的外观，所以我倾尽所有买了它，但是它实在太令我伤心了，因为我在买来的第8天开通了GPRS，结果发现下载的原音音乐无法作为铃声，结果售后给我换了一台，仍然不能，最终我被告之是软件的不健全造成的。而后我就抱者新机等待着编出程序，结果发现这台新机摄像比那台清晰，但却不能象别的手机一样调整亮度，以至于在阳光下看不清屏幕上的字。而更让我伤心的是照相时竟然有时按下一分钟也没有动静，售后又说给我换一台，但由于手头没有机子，让我等一周。直到现在我还在等，不知今年还能不能等到没毛病的好机器啊！,1
10087,我不是很受别人影响的人，也不是此书最热的时候买的，，事实上我也不知道此书，在当当最近遇到之前，只因为看到它有这么多的评论，才买了它。读了的感受，后悔。没有什么实质的内容，个人的小感受罢了，并不典型，也不经典，而且，他的公司也不是前沿的公司，，，不知道别人怎么读的，评论的，，没买的，不买也罢，，当然，也不知道当当的推荐是怎么推荐的。,0
10088,喜欢的话买其中的一本看就好了浪费时间,0
10089,双核独显LED屏DVD刻录机HDMI输出带发票，这个价钱还有什么可挑的，买之前去电脑城看了看，觉的16：9有些不习惯，但还是 买了 哈 。。。收到发现没什么不习惯了，可能是没有比较的原因，完全可以接受。。。觉得小的 可以去看看 10寸的本，那本都有人用。。。这 14的怎么就不行了呢。。呵呵 收到的是完美屏，可视角度很大,1
10090,"我住241房间,比较安静,地痰很旧,上面还有很多毛头.早餐非常简单,很差,我觉得200多的酒店这种水平还能将就,连牛奶的味道都很淡,除了桔子和小番茄,就没有水果了,而且每天早上要去总台领餐劵,这也很离谱,即使我们不嫌烦,也增加总台工作量,况且早晨总会有人退房.本来房间送瓶装水是好事,但是那个水质量实在太差,首先瓶子就发黑,而且各个瓶子发黑程度不同,没有开启的时候手捏就很软,明显就是回收原料做的(违法的)(本人就是搞塑料材料的,所以敢这样说,水也有股怪味道,这个实在太过分虽然前面有的评价说这个价格对这个质量还是合适的,那我想说,你们仔细找找,北京远有比它价低,质优的酒店.",1
10091,隔音太差，好像开着窗户一样。吵的没法睡。再出差不敢住这里了房间设施还可以，床上被褥很干净,0
10092,要不是打半折而且是买生日活动礼品，我才不会买这么贵的牛奶。原价98一箱，居然只有8瓶！虽然味道确实还不错～至于身为孕妇还敢喝蒙牛，我想说，反正光明伊利也都喝过了，不差这一个。,2
10093,第二次都买了，一如既往。款式跟照片的一样，好用加热也挺快的啊，冬天的好帮手，卖家服务好发货快、很满意的网购，全五分啦，下次需要还过来你店里购买啊，(*^__^*) 嘻嘻&hellip;&hellip;,2
10094,没有SLIC证书，无法激活Vista，不知道各位高手能否解决？ USB接口比较少。 附送内容少，除了电脑，电源，一张驱动盘（还仅支持Vista，XP还不能用）。,0
10095,中国古代诗词由于用语都比较含畜、精炼，欣赏起来需要安安静静的环境，而作为它们的载体，一本书的印刷、装订质量的好坏，相对于其他类型的书而言，更会对读者产生更直接的影响。这本书真的只能用精致两个字来形容，如果改版的时候再适当配以精美的插图，那就简直可以说是完美的。另外：惊喜的发现这本书的页码居然是仿古形式的汉字，更添了一种古香古色的美，实在是好！,2
10096,文字可开悟，行事太矫情。影响好感。,0
10097,很一般，不是近几年的。审美也有时间性的，色彩，表现方式都不如近几年作品好。,0
10098,用起来还不错，本人还有几张2000-100 1000-50 东券要的加qq 673946022,0
10099,酸奶就酸奶，还成长牛奶？！哀家又被骗了。#蒙牛坑爹#,0
10100,可能是因为国情不同，也可能是对这本书的期望过高，所以粗粗翻了下内容后感觉挺捻，教条太多！理论较强！,0
10101,已经给儿子念完两本了，书是好书，但是发现双语的非常不好的一个地方是，当孩子被故事激起兴趣时，他自己去看肯定会选择看中文，失去了用来提高英语阅读能力的意义了。,1
10102,觉得相当没意思的一本书。不伦不类的。看的时候很纠结，看完以后一点儿印象也没有。语言无趣，人物更无趣。很后悔买了它。,0
10103,外观好，，，做工不错，键盘手感好，应该是sony一贯的作风吧，，，,2
10104,热水器很好，是正品，来的美的的工人给安装的。很好,2
10105,很好巧，质量和散热都做得非常好，现在购买价格也相对比较合适了,2
10106,这个酒店唯一的优点就是位置好，离徐家汇地铁站很近，逛街也方便。房间隔音相当差，床垫也很硬，早餐基本没啥可吃的，服务员态度也很一般。上网另外收费，44一天，0.44一分钟，网速还可以，但是老掉线。前台服务员的态度一般，餐厅服务员更差，基本就是站在那一起聊大天。以后宁愿住远点，可能也不会选择这家酒店了。,1
10107,"太幼稚了.整本书除了有“大卫,不可以”这几个字.就什么字也没有。对小孩和家长一点帮助也没有．浪费钱．",0
10108,从来没有这么喜欢过周末，随时补觉已经快把我睡瘦了。我都怀疑，我随时昏睡的本事，不是脑癌就是被下了咒。不想起，睁眼就会想起周末的各种工作安排，所有事都在梦里解决，累点但有意思。刚才我就梦见自己变成了斗牛士，挑战成功一只大蒙牛。,1
10109,性价比高，led屏幕，西数的硬盘，ddr3的内存，装系统的时候也没有太大问题。使用起来非常舒适。散热较别人的hp好得多，噪音也小。,2
10110,满怀憧憬的看这本书，看到最后，也没有想象的那么震撼，那么泪流满面。作者的文笔很差，很初级，叙述让人不能产生情感的共鸣，建议他多学习那些名作品，同样写文革，请看看余华是怎么写的，同样写爱情，请看看琼瑶阿姨怎么描述的还有我觉得，这篇史上最纯洁的爱情，太名不副实。艾米你以为单纯的描写男女主角不发生关系，就是纯洁了？？？？看来你对爱情的理解还太浅薄,0
10111,服务不则么样，太旧，旋转餐厅不转的，早餐的服务员好像我欠了他们钱一样，很差,0
10112,看完这本书后我最想知道的就是谁才是我的那五个人？后来转念一想，我是永远猜不到的。也许人生就是这样吧，我们往往无法注意到一些在我们生命中起到至关作用的一些人或事。又或许，我们埋怨，颓废，却总是忽略了生命本身的价值。在看完这本书后，在我看来，那就是过好每一天。,2
10113,系统很好装，LED屏是不错，就是16比9的比例看起来比较长，是14.0的屏。外观比较酷，适合年轻人，键盘模仿SONY的，还不错。,2
10114,到货后，屏幕内有异物！！是异物！不是黑点！与dell报修说是要3周才可以更换或者找经销商，上门去京东总部售后，经过售后和dell确认情况后却要我自己和dell联系，京东不能更换。,0
10115,性价比不用说了，4455买的，配置也比较正常些，工作娱乐看电影玩些弱3D游戏都OK。键盘是个亮点，击键幅度小，没什么声音，打字手感不错。不过那键盘容易进灰，所以建议宏友们都去买个键盘膜，现在已经有4736G专用的。,2
10116,唉！这个酒店真是让我失望！！！上次住就感觉不好，这次去发现床上竟然有JB毛儿！不说什么了，希望携程努力控制酒店的档次！,0
10117,对蒙牛有利吧？,2
10118,让我失望的一本小说，内容牵强，故作悬念。,0
10119,这本书对提高英语水平没什么用处的~！,0
10120,设施不是很新但收拾的很干净，让人放心！不慎遗忘的价值不菲的摄影包被服务员及时发现且送回手中。。。让人感动！早餐免费且可口、粥粉面齐全！,1
10121,如果按照出书顺序购买和阅读的话，当你看到这本书的时候，已经不止是作为普通书籍来看了，而是收藏，虽然不是文物，但却是值得放入书架，慢慢回味、反复阅读。有时觉得这套书里的每本书就像是一个个引子，总是吸引着你不断看下去，不断买下去，不断收入书架中。将《马未都说收藏.杂项篇》收入囊中，将是为这套书画上了一个完美的终结，无论是意义上的、实用上的、还是观赏上的。,1
10122,图了离火车站近，不能太苛求。不过即使再住一定要住新楼。老楼好像属于文物一类，伪满时期建的？整体阴暗、楼道曲折、房间狭小、服务恶劣、还有骚扰电话。,0
10123,"两岁的儿子特别喜欢车,尤其是火车，于是在朋友推荐下我买了一套。没想到孩子特别喜欢，尤其是第一本《轱辘轱辘转》，天天睡觉前都要把书抱到床上看。他会不停的问我“这是什么车？”，“这是什么车？”。现在已经把第一本书都翻烂了。走在路上，看到车时，他会非常兴奋的告诉我“妈妈，水泥搅拌车！”。书中各种各样的车，给了孩子很多想像的空间，而且这是我第一次在当当上买书就非常的成功，不错，下次还来。",2
10124,恭喜蒙牛终于超越了我当年的成就！早日康复，重返绿茵！,2
10125,蒙牛客服太牛了……我刚发完一条带“蒙牛”的微博，就问我有什么能帮助的……佩服佩服……,2
10126,1. 这本书对王守仁的思想做了很全面系统的介绍和评价。2. 指出了守仁进步的一面和局限3. 对后世批判守仁也做了全面的介绍和解析4. 当年明月对王守仁的思想理解有些偏差，王守仁同样讲“去人欲”，不可不详细研读5. 无论后世怎样评价王守仁，都无法掩盖一代牛人的光芒。6. 至于对守仁的批判，作为学者的他，若地下有知，必然欣喜。,2
10127,"没什么特别的内容,跟其它同类书一样,而且都是些常识类的,我半个小时就看完了,可见期内容很空洞",0
10128,"信号弱。如用联通的号，最好不要买。若真是特别喜欢它（比如我），只有开通联通秘书了。否则。。。后果自负了。短信存储量太少,有时出现白屏现象，但检测“正常”。通话时间好像没有宣传的长",1
10129,外观简洁大方 配置均衡 各种随机软件易用性很强 说明书介绍很清楚,2
10130,自已没文化吧。受不了高文化的东西。,0
10131,看这本书前心情还蛮好的，当慢慢进入到悲伤逆流成河当中时，心情也变成了阴天，用了一个晚上看完了这书，书中所写和现实蛮像的，小四把现实写进了小说，在现实生活中不缺少像唐小米那样的人，让人狠的牙痒痒的，女主人翁易遥的故事，让人觉得她真的很可怜，我觉得不好的事情全部找上了她，所以她选择了跳楼自杀。推荐大家去看这部小说，温馨提示：看这小说，你可能会哭，所以旁边准备一些纸巾好拉。,2
10132,"周围环境差,房间设施陈旧.房间小.服务员懒散.去餐厅很不方便,路线复杂.早餐贵,而且没有什么可以选择的种类.",0
10133,XP的驱动很难搞，最后找齐了，可惜声卡一直不大好，驱动换了几个还是有破音现象.....,0
10134,酒店虽然有点旧，房间也不大，但贵在干净，地点好，在市中心的中山广场边上，上哪都很方便。早餐比较丰富，令人满意。房间洗澡水很大，好像水力按摩一般，很舒服。房间里最让我满意的是有小型桶装水，非常方便，不像很多酒店那样，非得自己烧来喝。酒店给我印象最深的是大门外的一位有络腮胡子的小伙子，对客人非常热情，问他什么都能得到细致、满意的答复。两点不足：1、我订了两晚房间，可第二天中午回来，钥匙竟然打不开门，费了很大工夫又打电话问又下楼到前台办手续，才能进入房间。这种工作失误是不应该的。2、洗手间的马桶很怪，前端非常浅，我坐着大便，小便处垂下来竟然碰到了马桶前端的底部，吓得我赶紧冲洗下部！后来我大便只敢蹲着。,1
10135,"服务尚可,房间大小适中,但被服及设施颇为陈旧.宾馆反馈 2008年1月14日 ： 感谢您对我们服务的认可,其他方面我们也会努力.欢迎您再次光临!",1
10136,称作4星，有点牵强，不过酒店下面的朝鲜料理还可以，还有歌舞，的确不错。想感受一下朝鲜风格，还是可以一试的。,2
10137,高二，我第一次看红楼。迷糊中看完整部，记得看完后，跟妈妈说，黛玉最后还是死了。后来大学暑假，我又断续的看，完整的又看了一遍，不完整的看了几遍。每一遍的看，都有新的感受。而这次看的西岭雪的【红楼解析】，让我从另外一个层面，更爱红楼了。西岭雪的许多观点，着实都是我未想过的，所以感觉挺新鲜的。所以愈发不可收拾的一口气看完了。看完的感觉，非常饱，就像品尝了一顿丰盛的大餐，愉悦至极。,2
10138,价格便宜，性能强，设计简约大方，屏幕很舒服，总之总之 我买过4个本本 这个绝对是性价比最高的，超级高！！！！！,2
10139,孩子先在别的书上看到的图片，一套三本书，有我为什么讨厌那个女孩、讨厌穿裤衩、讨厌喝牛奶，孩子看了就问我是什么书，开始最感兴趣的是我为什么讨厌穿裤衩，但是过了几天比较了一下，她决定买我为什么讨厌那个女孩（我规定每次都只能选一本书）。刚买回来时，天天都得讲，一天甚至有时一次得讲几遍，听多了，你不给她讲，她就自己讲起来。还不错啦。不过我有点担心会不会误导小女孩的想法。,1
10140,不过，对于一些阴谋论调，将信将疑，网上一搜，大家议论纷纷，我想写的最详尽的当属天涯的这篇了吧http://cache.tianya.cn/publicforum/content/develop/1/140524.shtml学术争鸣是好事，不过回头想想，这本书的确有点小说版的正史,2
10141,看这本书，我的笔从来没离开过。。书上又是记号又是折角又是重点号。。。很感慨地看完了这本书，因为期间还买了很多其他书，结果看的是断断续续的，但没有一次不拿出一段念给儿子听的，真是一本集育人和育教于一体的好书。说是读书不如说是读天下父母的一颗心。。。看到最后傅雷夫妇的离世，我简直哭的稀里哗啦的。。。那么多封绵连多年的家信那么多对亲人的牵挂那么多对现实的无奈与忧愤就这样在那夜戛然而止。。。血淋淋的历史啊！3千年的中国文化怎么就走向了这一步！这是我这个没有经历那岁月的人所不能明了的，可是胸中的愤怒却只能罢了——历史已经走到了今天，让我们好好珍惜它吧——我们的幸福时光。,1
10142,在早教中心，老师也给孩子讲这个系列书籍，于是我本打算买全套，可总是没货，我只好先买了这4本，儿子拿到手，欢天喜地的不得了，由于孩子爱哭，我特意先给他讲了“我不哭”，哎，还真不错，每当儿子一哭，我就拿书里的故事说给儿子听，儿子马上就不哭。我觉得很值得，在引导孩子的行为举止上，比一百遍的说教强多了。孩子就是喜欢动物哦！顺便说说我儿子一岁八个月。我觉得这套书值得孩子看！,2
10143,我买了一部1470元（单电单充），总体感觉可以，功能很全。听筒声音不小，图片、铃声、短信提示音、按键音（5个）不少。,2
10144,"有好多评论说这本书的好处,但我给儿子看的时候,三岁的他,反应出乎我意料.从一开始,他就不想碰.晚上睡觉的时候,还指定我要拿开,他说,妈妈,那个小孩我不喜欢,你看他牙齿,好象会咬人!---我真想不到结果会是这样!",1
10145,作为个人经验在网上谈谈可以，但拿来出书就有点过了，书中还有些明显的谬误。不过文笔还不错，建议写写散文好了。,1
10146,安装很到位，自购管材，一分钱未收，,2
10147,1.4096的STN屏，128*128的分辨率，感觉整个画面在阳光下看时几乎看不太清，颜色也较暗2.圆弧形的外观感觉不像索爱的其他型号抢眼3.功能杆处特别爱进灰尘4.没有自动开关机功能，有些遗憾5.不透明的按键可能不耐磨，那时可就太难看了,0
10148,1.高硬度的塑料翻盖不仅具备较佳的耐磨性，对“脆弱”的触摸屏也起了很好的保护作用,2
10149,电视看看，也就罢了，内容其实与我们平常所了解的没有多大区别了。,0
10150,看了这本书觉得并不如想象中 那么好，只是宣传的好罢了！书还是要亲自看看才知道内容如果，不能单凭排行榜或者别人的评论。,0
10151,完全没有我想象中的好。也许这本书更适合2岁以下幼儿。超大超重超精装的一本书。没什么实质内容，就几页纸，还挺贵。这样的书不值得一看再看，做个简包装，卖个便宜的价格就好了。,0
10152,我感觉这本书性价比很不高！不是很喜欢，孩子也不是很喜欢，总是那一句不可以，什么内容都没有,0
10153,"刚刚收到书5分钟,就跑来反馈了,真好玩,书宽宽大大的,封面那些个傻忽忽的猫,挺逗的,没顾上翻看呢,嘿嘿,看完和大家分享去!!!拉拉",0
10154,"非常不好,房间的装修太旧,就像90年代的感觉.入住的168的所谓豪华标准间,只能说普通标准间罢了,老公睡觉起来?",0
10155,1、内存要是2G 的就好了， 2、硬盘分区不合理，系统盘220G，  然后一个盘9.5G，一个盘1.5G ，这样分区是什么意思？    要想重新分区得去售后还是？,0
10156,机器声音很小，LED屏幕也很亮，自己加了一条2G DDR667的内存没想到也能组成双通道～散热还不错。,2
10157,听说这本书写的很好，拿到之后，简单翻了一下目录，就发现了平时的饮食习惯真的是有点问题，里面所讲的生活饮食点滴，照做之后，这两周果然比之前的气色都好多了，父母还做了固元膏，现在坚持每天食用，食疗是最好的保健治病的方法，我也在给朋友推荐很多饮食注意的问题。哈哈，大家还觉得我懂的多，其实都是这本书上学来的。想不生病，就看看这本书吧。真的很不错！,2
10158,地理位置好，环境不错，房间很大，但是早餐不如过去丰盛，整体感觉不错。特别强调，服务好！,1
10159,“人类千万年的历史，最为珍贵的不是令人炫目的科技，不是浩瀚的大师们的经典著作，不是政客们天花乱坠的演讲，而是实现了对统治者的驯服，实现了把他们关在笼子里的梦想。因为只有驯服了他们，把他们关起来，才不会害人。我现在就是站在笼子里向你们讲话。” ------小布什,2
10160,1、光驱读盘声音有点大； 2、总体感觉不如以前的IBM了； 3、后面少装了一颗螺丝,0
10161,交通方便，搭机场快线香港站出来坐H1直达，步行到地铁站5分钟，门口就有叮叮车；房间虽小，但干净整洁，在香港已算不错了；周边各式餐厅很多，吃饭不成问题；酒店离金紫荆广场近，早上可以步行去看升旗仪式。,1
10162,1.房间设施看得出来是比较久远了，但非常非常干净，润肤霜、沐浴露和洗发膏质量都不错，比很多5星要好，且味道很好闻2.地理位置就是坐落在商业中心，【强烈推荐】出了酒店大门往左绕到酒店后面的小路上，有一家【章鱼小丸子】，他家的鸡肉串和小丸子非常好吃，只是门面非常小，生意非常好。,1
10163,说实在的，如果您是一位经济学老师，我想这本书对你真的很有用处，因为它的例子紧密联系生活，生动有趣，可以活跃您课堂的气氛。如果您是位刚开始接触经济学的大学生，它能让您更快体会到学习经济学的乐趣，引领您入门。所以以上这两种人都推荐购买。毕竟从成本效益管来看，这书值得您购买。可是如果您曾经学过经济学，而且成绩还不错，又有一定的社会、生活经验，那么这本书对您来说有些浅，不推荐。,2
10164,"小巧好看,特别是针对女性用户推出特别功能很有人情味,功能简单使用,是比较适合女性使用的一款手机",2
10165,是收到“推荐”的迷惑买的。一看就没什么内容，太忽悠人了吧。还不如在网上搜点相关文章看。,0
10166,里面写的内容一点也不实用，对如何引导孩子朗读一点帮助也没有。,0
10167,竟然我的静音按钮的背光不亮了，才买了10多天，不知道能不能换（今天是第15天，要看京东怎么说啦，hoho）。。。 机子做工还是不够细致，和thinkpad差距，嘿嘿，很大。,0
10168,"以前曾多次入住瀛洲酒店, 这次的早餐质量和选择的品种比原来有所提高.",2
10169,服务值得褒奖，是见过的国营酒店里最好的，尤其是行政楼层长兴阁，贴心的服务，精致的点心，无线上网，免费的下午茶，感觉很惬意，尤其是服务员的素质，蔡雪妹妹的微笑实在让人难忘。大堂吧也不错。行政楼层1030一晚，含免费下午茶（长兴阁），每天免费洗烫4件衣服，免费享用4瓶小冰箱饮料，含早餐。性价比相当不错。好话说了这么多，批评一下：主楼和世纪楼的中餐厅真的很烂，据说是外包的，生意非常火，每天都是婚宴，要吃饭必须定位，否则排队吓死人。住了一个星期，两个中餐厅分别等到机会吃了一把，差点没被气晕过去。素质和环境和酒店本身相差太远，吵闹，难吃，奇贵无比，拿着红酒杯倒啤酒，拿着洋酒杯到红酒，厉害！服务员素质也不到位，和外面马路餐厅相当。酒店里两家中餐厅外包，天上人间也总会外包，都极差。日本料理店东西不新鲜，早餐每天都一样，只有鸡肉粥换成鱼片粥，呵呵，吃顿早饭吗，不用那么挑剔，也罢。4楼健身不错，很全，保健按摩很专业。总体来说，性价比不错，切记只选酒店自有的服务，准没错，外包的别再尝试了，只会影响心情。,2
10170,"都说原著比电影好看, 可是色戒除外!",0
10171,小海狸的书儿子看到后就很喜欢。那天中午我放在沙发边的桌上，想着儿子放学时就会发现“礼物”。果然，他看到了，而且一口气就看了好几本（他在电话里兴奋的告诉我，而且对我说谢谢）。在接下去的几天里，他自己看，有时也要求爸爸或我给他讲。我们有时也请他讲给我们听。很快乐的时光。甚至于周末去小哥哥家玩，他也要求带这套书去。。。。。,2
10172,还没安装，包装的挺结实，产品看起来也可以。,2
10173,图太乱了 有点看不懂重点  讲故事的时候很难让孩子集中 图画和字能够规则一些更好些,0
10174,已经学了好几章，感觉挺好，韧性已经有了明显改善了。但有个感受，呼吸难以掌握，俺们还是初学者，也许应该去健身房跟着瑜伽老师学习下在做某些动作的时候如何调整呼吸。不管怎么样，很喜欢这本书。坚持做下去是最重要的。给想买这本书的网友们的建议，这本书还是挺全面的，如果不是只想在短时间内专门减肥的话看这本就可以了，不需要再买其他的书，现在市面上瑜伽的书太多了，好多都是从里面拿些出来凑页数的。,1
10175,"首先,它的滑盖技术确实没有三星的好,滑闭的时候,两个部分有明显的间隙,不是很紧,有点松动的感觉,这我在手机店的时候就注意到了,觉得不会有什么大碍。再者,扩展卡(我的是SD)上的MP3不能作为铃声。第三,手机自定义的短信铃声有点小,在稍吵一点的街上就很难注意到(来电铃声是不是也是这样,还没有看出来,因为我也才用了两天,并且走在街上时,没人恰好给我来电话)。",0
10176,这本书是和那本“别叫我英文单词书”一起买的，收到后单封面就看出高低了，翻翻内容和版面设计，这本书真的太一般了只能说，一直放着没有读的欲望，到现在也没翻出10页；内容有一些不太专业，不值得看个人感觉,0
10177,个人觉得这本书很一般，没有别人说的那么好，那么神奇。很多东西都在网上看过，她只不过做了个总结罢了。。,0
10178,鞋撑在云南的协议酒店少得可怜，应该下大力气多做些工作，把如家的店子也到处开一开，要不然我们这些鞋撑依赖症患者都找不到住的地方啦。和当地大多数酒店一样，上网在这里是很奢侈的，非要住商务间才有的。订房的时候鞋撑说不能刷卡，到前台却是可以刷的，还比较方便。房间里就很一般，热水是几乎没有，害得阮一家人两天没法洗澡。早餐极差，不论稀饭干饭炒饭煮饭，只要有米的地方就一定有沙子。电梯有时候停运，不晓得什么原因。楼下有超市，环境一般。可走路到洱海公园或明珠广场，都不算太远。打车到机场约40元，到大理古城一带需要大约35元。大理的出租车在城内打表，出城议价，斩客现象严重。从开发区到下关市中心人民广场一带才6块钱，刚出起步价。服务水平有待提高，退房时说不见了卫生间里纸筒里的卷纸轴，非要问阮是不是给拿走了，NND，有谁会对他们的那个烂东西感兴趣的。建议要在大理住酒店的朋友，开发区这边的酒店有很多，看起来还不错。头一晚在这里歇歇脚，然后自己再去找住的地方也可以的。,0
10179,蒙牛特仑苏是不是有问题？每喝一次都拉肚子其他牌子牛奶喝了就没事~,0
10180,今天凌晨2点下的订单，下午3点就收到了 真是速度啊 本来想先验验货载载刷卡 呵呵 送货员不让 但是可以理解 回家打开一看 都说分区表态 现在果然是见识了 给客服打了2个电话 咨询了一下备份和安装驱动的问题 客户很好 把邮件发到我邮箱里了 还有各种xp的驱动信息和注意事项 不错不错,1
10181,速度慢，修了两次．正准备换．,0
10182,没有发现无线网卡开关，另外屏幕下面的asus的logo发热量惊人，开机不到十分钟就很烫手！,0
10183,电话不好查,0
10184,前台的197号服务员，是个大约四五十岁的中老年妇女，态度很差。入住登记的时候就一脸很不爽的样子，随时要跟我们吵架，句句都是在抱怨和指责，白眼一个接一个。我们忍了，但友情提醒以后来入住的旅客，对这里的服务期望值不用太高。另外，房间紧邻4环，噪音较大。,1
10185,"1、此款手机外形比较时尚，为双色套色。大小、重量比较适合男士及不是太娇小之女士使用。2、手机屏幕亮度好。6万5千色的TFT屏幕还是比较细腻，基本没有颗粒感。此款手机又设计为一定时间后屏幕变暗，而不是黑屏，个人认为此为一亮点。3、键盘设计个人比较喜欢，蓝色包着键盘数字，很是漂亮。功能区设计为半圆形，美观、大方且方便使用。4、手机铃声较大，不会漏接电话，且支持人声；通话音量大，嘈杂的地方也能听清；录音有选项，可将录音作为来电铃声，比较个性化。我就使用了3个这种录音铃声作为来电铃声，回头率很高。5、闹铃可设置两组，对于我这种需要早晨、中午叫的人刚合适。6、电话簿可按姓名、号码、位置、分组进行查询，比较方便，手机与卡之间可相互复制。7、通话中有一选项，可记载电话号码，做简单的数字记录。8、手机可存储短信40条，卡15条，可互相转存。短信量不太大的用户基本够用了。9、31万象素的摄像头可180度旋转，10倍变焦，10级亮度。拍照没有后滞现象。10、功能较全，除掌中宽带，联通业务全部支持，包括定位之星。容量在4MB左右。11、图片可显示的格式有：png,bmp,wbmp,gif,jpeg。可设为背景的图片格式有：bmp,png,jpeg，可设为休眠、来电、开、关机时的画面；铃声的格式有：qcp（语音）,mid,mmf.",2
10186,图太乱了 有点看不懂重点  讲故事的时候很难让孩子集中 图画和字能够规则一些更好些,0
10187,配置相对于价格还不错了，自带的LUIX系统一点用都没，还好我同事是电脑高手，半个多小时搞定XP,2
10188, 强烈建议携程取消这个酒店的合作！14日为招待客人预订四间客房，客人入住过后即发现房间内均有强烈的刺激性气味，怀疑是装修造成的，4位客人在房间内呆了2小时左右，即感觉呼吸困难，眼睛红肿，无奈要求店方换房，前台服务员态度十分傲慢，坚称从未有客人投诉房间气味问题，并称房间均已住满，不可能调房，要求退房也可以但是房费不能退。后来客人要求退房并请有关部门进行空气质量监测，这时前台经理才出现，给调整了房间。本次经历严重影响单位形象，而且深感奥运在即，对国宏的服务水平表示担忧。,1
10189,好文章是品出来的，在多次阅读过程中，发现这确是一本极富创新的理论新著。里面涉及应用的批评方法是我们做文本批评极好的范例。,2
10190,刚看完，觉得很一般，没有介绍什么很有价值的职场规则。只能说很一般的书，完全靠炒作出来的。,0
10191,"1,电池时间太短!(现在此手机已采用第三版了),最后的更费电!!2.功能缺陷太多我买了2个月就坏了,返厂两次,换机一台,退机一次.哈哈就是第一部坏了3次,第2台存在版本缺陷.3.群发短信15条时,你想提取详情时,会死机重起.4.第一版手机保密项功能存在,通讯录无法保密.第三版时.二者任何一项都可同时锁机.5更换主题时,铃声也被更换.第一版没有此毛病.害苦我了！！！！！！！",0
10192,香港还没成行，已经在看第二遍了，觉得日本人的东西确实很注重细节，因此书是翻译过来的，书中描写到与日本有关的东西的时候有种莫名的优越感，比如日本人开的家庭旅馆，感觉有点怪怪的，但好在篇幅很少。看过以后香港的地图有点了然于胸的感觉，很想满上就出发去实践呢，适合第一次去的朋友看，只是该书是2006-2007年的版本，可能会于实际有差距吧！等我回来了再告诉大家。,1
10193,高级大床房没看到一点高级的地方。床垫弹簧很明显的能感觉到，房间没有大顶灯只靠2个昏暗的床头灯照明，饮水壶和茶杯都放在卫生间里很是让人不舒服，茶杯里的茶垢也不知道是哪天留下的，浴巾很旧颜色看上去都不忍目睹，第二天退房时告诉我房间3个枕套及床单上有污物，和服务员一起重回房间他们拉开了房间的窗帘，这才看到枕套和床单上那些黑色的斑斑点点将我恶心到死。竟然说是我们弄的，晚上入住的时候没有顶灯根本看不清楚房间状况，白天这一看全是起鸡皮疙瘩，还说是我们弄脏的要赔偿，我反问他们你们收拾房间也看到了，我在房间里留下的垃圾中是否有能够造成这种污染的物品，他们也没法回答了。最后虽然是没有让我赔偿，但是还是说是我们弄脏的让人气愤不已。以后不会选择汉庭入住了。宾馆反馈 2008年5月30日 ： 首先非常感谢客人的入住，对于在我店不愉快的经历，我深表歉意！说明一下：一根弹簧的床垫一直是我们汉庭酒店的特色，已得到很多客人的肯定，但是每位客人的需求不一样，希望客人能理解。房间的灯光我们也是特别设计的，为的是能给客人提供一个温馨的睡眠环境，这个不用再做说明了。至于客人反映的三个枕套和床单是有污渍，经我酒店查实污渍是很明显的头发挑染的红色掉色。在这里我也不想多做解释是谁的责任。考虑到客人的心理，在礼貌提出赔偿未果的情况下，我店做了报废处理。我们的宗旨：服务第一！希望客人做出客观评价，也希望更多地客人对我店监督指导。谢谢！,1
10194,稍微有点热，噪音控制一般，键盘做工不好，有晃动感。没有送个内胆包很麻烦。,0
10195,性价比不错，外观也还不错，送的东西挺多的，还用了一张3000-150的券，挺划算的,2
10196,本本很漂亮，跑Vista很慢，还没换系统，不知道驱动好不好装。价格还比较合适，送货也及时。,2
10197,"宾馆背面就是省道,交通是方便的,停车场很大也很方便,但晚上尤其半夜路过的汽车声音很响,拖拉机的声音平均15分钟出现一次,影响休息.建议要入住此宾馆的朋友一定要选南面的房间,这样可以远离点噪音.",1
10198,我们住的三人间，房间很宽敞，卫生间不大，但都很干净。宾馆餐厅很实惠，我们只要能回宾馆，就在餐厅用餐。周边交通非常方便，基本上一部车就到各个景点，走到什刹海等处也很近。最近宾馆在外部装修，不过不影响内部卫生和晚间休息。总体来说，我们住的都挺满意。,1
10199,"什么书?不喜欢.我不明白,为什么都要死掉,如果说儿子死还可以理解,那女儿死就牵强了,最后女婿和外孙死简直是不可思义,所有的亲人都一个个离开,难道这样活着就是很有意义?",0
10200,flash分编程和动画两部分，这本书说的是flash CS3，可是脚本的运用任然是AS2.0的，这是已经被渐渐淘汰的脚本格式flash CS3使用的最新脚本格式AS3.0却完全没有涉及，而且就算在运用脚本的课程部分，也只是让人自己复制已经写好的代码上去，没有讲解脚本的详细构成而且书中有些动画的基础绘制部分的步骤省略过去了，完全初学者看起来会有些头疼不过总体来说，还是非常入门的书籍，不算很糟糕,2
10201,HP没有提供WINDOWS XP的驱动。在HP论坛，目前还没有推出CQ35-105TX的相应驱动。因此，想在WINDOW xp使用要看你的忍受力。安装驱动也是一种考验。没用鼠标和包包送，小气。,0
10202,酒店真的不怎么样，不知道怎么评上四星的。房间又小又旧，早餐也没什么吃的，服务也不好，而且会有骚扰电话,0
10203,有些失望，没有想象中的好。比较适合幼儿园的孩子阅读。但对于小学生不是太好。,1
10204,"爱德华的礼物看过后，真的觉得受益匪浅,原来在生活中、工作中遇到的人与事，是可以用那么有意思的语言来说明，并且总结出观点、看法、还可以用各种不同的方式去运用。对个人在以后的职来生涯中可以用到那些看似在生活中微不足道的事情，却影响事业发展的工作方式与方法得运用，使其达到那样完美的职场天地.非常棒的书,一本?一语惊醒梦中人?的好书.",2
10205,太喜欢BENQ的样子了！！所以马上买下！BENQ由于还没取得在大陆销售手机的许可，所以由CECT来组装/销售的，不过还是BENQ的技术！！觉得很不错！！只是大陆的价格太高了，台北的朋友告诉，这款现在台湾只卖，折合人民币1400...,2
10206,第三次入住了，觉得还不错，正好碰上了地震，楼层低感觉不明显。希望四川尽快从灾情中恢复过来！,2
10207,做酸奶失败了 天太冷了么 晚上去买罐蒙牛的算了,0
10208,不错的酒店。每次去泉州都住的。早餐很丰盛。门口有大巴车站，交通方便。（但是大巴是中旅的，习惯很差，喜欢在市区兜来兜去到处接客，从一个站到另一个站，非常耽误时间。商务客人最好去中心站坐车）,1
10209,摄像头差了点。屏幕时8.9，键盘时全尺寸的看上去有点不协调，鱼和熊掌不能兼得没办法了哈哈。,0
10210,对了印刷不错，而且我也推荐给朋友、同事，不错呢。,2
10211,标配竟然没有光盘和数据线！,0
10212,造型外观不错，实际到货是320G硬盘的，带VISTA BASIC操作系统，送的包质量也不错,2
10213,电话本太烂了，没有联系与添加的项目，手机没有配备数据传真接收的数据线！,0
10214,"这是我第二次入住了,非常不错的酒店.非常干净.整洁。里面的卫生间是我非常喜欢的布置。晚上12点回酒店的时候想吃点东西，厨师都已下班，在水吧点了份水果色拉，正好看见一只苹果，就问厨师能不能只把苹果切了，别的也不用放。那厨师居然说“送给你们吧，”我问多少不要钱吗？他说“不用了”。真是态度超好哦。从来没有见过这么大方的呢。每天都有当天的报纸。",2
10215,最大特点当然是小巧，三星的作工不用多说。键盘的手感相当好，外放音量不是很大，高音有点小尖低音不足，如果环境不是太吵闹可以应付正常使用。开机运行状况下很安静，厉害。,2
10216,酒店位置比较偏远，按照地址打车去被送到另外一个相同地址的地方，希望酒店引起注意。房间格调很前卫。也许年轻人还可以接受。,0
10217,拒绝蒙牛，以后再也不买蒙牛的产品了,0
10218,入住时说是四星级酒店，一进驻，，，，失望。。。。,0
10219,买了此套书后，女儿非常喜欢，我本人也比较喜欢，经常陪着孩子一起阅读，精美的图画和生动的语言让孩子对阅读有了极大地兴趣，推荐大家都来给孩子买这套书。,0
10220,预订的房间check in时是4楼，电话坏了几天还安排我住，到了晚上十一点发现了，前台回复说明天再给我换。我只住一晚啊，老大。在我坚持下，换了个一楼的房间，外面是停车场，一晚上完全睡不着。,0
10221,拍照、MP3、各方面都非常好的机器！,2
10222,我已经用了2个多月了，性能不错，稳定，如果要很快速度的话，在这个价位，我想比较难了。不过可以说，这台手提要有的都有了，内存就少一点，所以我另外换了一条2G的内存条。P8400的处理器速度还可以，各个功能部件都十分好用，而且挺轻便的，现在去那都拿着。160G的硬盘还够用，建议大的东西放在移动硬盘。我买了个9芯的电池，续航能力超强，可以达到7-8小时的普通运作，标配的4芯就只能用2个小时多。,2
10223,X77该产品经常莫名其妙关机,0
10224,外观很漂亮，开机也很快，上网配置也很全，摄像头，麦克风，网卡等都很齐全。 很轻巧，以后就要带上它一起到处跑了。还配置了放大镜软件，不用担心屏幕小看不清楚了！！,2
10225,时下很多的观念确实有颠倒错位误解等诸多问题，这是一本很好的书，能让我们重新思考人生的价值观应该是什么，该秉持怎样的原则和心去看事、想事、做事！每个人每天都或多或少地接触到各种“魔鬼的诱惑”，欲念贪念一生，烦恼就接踵而来，问题是你有慧眼看得清结果并有心理准备去承受吗？这本书是我今年所买的书里值得读两遍以上的唯一的一本！其中的禅语值得一读再读……,2
10226,现在这种书太多了，绝对没有介绍的好。,0
10227,话说回来，当当这次邮来的书，我遇到了跟那位朋友一样的遭遇，我的书是第十二章不全，第十三章整章没有，而第十四章重复，让我感到，怎么说呢，损失不小呀。,2
10228,人生在世，不因为生存而改变信仰，不因为生存而被生活改变，而是为了改变生活而生活着！精彩的辩词告诉读者的东西已超越了文辞本身。意大利哲学家克罗齐说过：“一切历史都是当代史”。我们从书中鲜活的历史事件和生动的人物内心，感受的不仅是生命的尊严和思想的自由，更多的是一种改变自我的同时又改变生活方式和生存状态的精神文化的传承。,2
10229,因为是跟着老妈看这些保健书的，家里关于求医不如求已系列的书也有好几本，而对这一本书的评价只能说是一般般咧。不过读书总会发现一些有用的东西吧，书中有少许方法还是实用的。,0
10230,完美屏，很好。速度超快。装XP很好装。外型设计简洁。与540相比，还是贵有贵的道理，  独立显卡好。酷睿2真是不错，比我的台式机都快。电池大概使用2个小时。,2
10231,外观设置的漂亮，音质不错，看电影挺爽的，键盘不错，vista系统正在努力探索中,2
10232,还是对VISTA不满意，占地儿，用着也不顺手。朋友说，这是个过渡系统，就像当年的WINME，不到一年就会被取代。话说。。。WIN7不错，不过好像只有测试版。,0
10233,价格便宜，操作简单，自娱自乐！！,2
10234,对treo650的感受就是又爱又恨！一、对650的喜欢对650的喜欢直接导致我抛弃133回归了移动。94年开始用手机到2002年，都是用g网的，02年用了c网的手机后发现长期出现的偏头痛很少发作了，所以就一直用133了。但是c网的手机的确又贵（与g网的同功能的手机相比），机型又少。去年入手了三星的i539，palm系统的，比原来用的其他c网手机好用多了，但是由于i539的cdma通信模块没有得到通讯类palm软件的支持，所以palm商务手机的很多应用没法实现，比如来电秀、来电防火墙、短信群发等。此外由于i539用的是cdma上网，很多网络软件也无法正常使用。虽然如此，但是对于palm系统还是留下了很好的印象。上月有朋友介绍treo650给我，价格也合适（2780），所以就入手了。拿到650后，用了一段时间，感觉太爽了，常用的功能太贴心了（当然是装了不少应用软件之后），直接促使我放弃了133，回归使用g网了（呵呵，至于偏头疼的问题，用了蓝牙耳机就没有什么影响了）。我把对650感受最深的方面总结了一下：1、650自带的软件和第三方开发的软件有了太多的贴心设计。2、装了“中文伴侣”后，打电话超级方便。使用拨号盘只需要输入联系人的姓名的声母就可以快捷的找到，在短消息中也可以通过输入易方便的把需要的联系人的全部通讯方式或者某一个联系方式调出来，对于商务手机来说太实用了。3、短信可以使用类似聊天的显示方式，非常好用。全键盘加上梅花或者巨硬输入中文太方便了，我原来每月只发几十条短信，上月竟然发了500多条！（没有包括群发短信哈）4、装了短信群发后，对于商务上需要群发短信来说，非常之方便。5、用了掌讯通后，也很少在电脑上看新闻了，股票信息、天气预报等等都囊括了。6、系统运行速度也很快。7、对于650的多媒体功能，当然也很棒，但是总觉得用650看电影没有什么意思，还不如在电脑上看，至于听pm3，650的音频输质量出只能说一般了（我至今只用md听歌，md的效果太棒了！）,1
10235,"电池强强劲,用外置光驱装上XP，包装内有XP驱动，自动全安装上了。",2
10236,我是刚买这款手机的，总体感觉他很不错的。,2
10237,电影里的edward坏坏的笑容，和小说实在是太契合。不过也开始担心，下面的电影，19岁的小克里斯汀该怎么演绎bella。第一部里她还能大舌头，还能无知无辜无所畏惧。下面，似乎要挑战演技更多一点。期待。。翻译还是不够好的感觉。谁叫我不敢拿原版自取其辱。只能先读着吧。期待有更好的译本。毕竟，梅尔好歹是科班出身，相信她的文字不止是这样而已。。。,2
10238,新蒙牛新变化，换汤不换药，加料不加价~,0
10239,拍出照片只能自己看！没有声音，单声的，而且也没什么音色好谈，声音还不大！电话薄简陋！而且，找联系人比较慢！短信只有20条！无彩信功能，照片无法传出到其它手机上面。,0
10240,屏幕为16:9。偏向娱乐及看电影。用来工作浪费了，因为太扁，视线不能兼顾两边。,0
10241,送的内胆包比较差，由于电池的缘故，重量也稍微重了一点，不突出设计很好，但是还是没有浑然一体，最大的一个问题是升级，没有提供空余的内存扩展槽，如果升级，需要用2G的条子替换掉自带的1G条子，非常不好！！,1
10242,内存太小而且不能加只能换，只有一个内存插槽。运行慢的要死，想办法换成XP。,0
10243,又是一个让上帝眷顾的女主！又是一个让优秀的男主痴痴的心甘情愿等的女主！等待时间为七年！悠悠岁月......那该是个多么同样优秀的女主啊！？呵呵，可惜女主只不过是个莽莽撞撞，可可爱爱，毫无心计，傻傻气气，马马虎虎......噢，和男主相差十万八千里！哼哼，这只能是缘分！缘分啊！分分和和，最终还是如愿以偿。也许这种女孩必然要有这种男人来呵护，来依靠！可惜这种情况也就是书本或偶像剧才发生吧！,2
10244,地理位置不错，，但是有点旧，，不是节假日基本上不用预定，价格到前台订都一样。,1
10245,蒙牛新产品还不错噢,2
10246,很满意 就是安装材料费有点贵花了两百多 棒！ 客服很好 很认真,0
10247,拉拉1很早就买过了，第一遍读是看热闹、看情节；等到再次阅读的时候，已将书中所罗列的职场要点贴上标记。其实本书意在总结作者在职场中的经验以及技巧，但高明之处在于她将所有的教条融汇于一个生动的故事中，并塑造了一个鲜活的白领形象。拉拉2与1的区别在于，1中故事情节更加跌宕，而2更侧重于职场经验的总结。总之，是本好书的同时，可以教会我们不少东西。,1
10248,我试一下自己买来整套的《鸾》，本没有想到其内容得精彩只是看到价格能接受又是以整套书就买下了。我是一个清史迷虽有时爱看看有关的书，但更多的是被这部书的内容所感动。女人傻痴情的女人更傻，傻得没有自我眼中没有了一切，去追寻那种爱。书中男主与女主的爱荡气回肠，男主的执著更是我看到了现代都市爱情的缺陷。此书值得一看此书值得收藏，美的东西人人都要去感受一下。,1
10249,太平铺直叙，文字就只是文字，很多道理大多数人都懂，其他书已有过类似的道理，没有精辟、独特之处！后悔买此书！,0
10250,第一次看到青山七惠的《一个人的好天气》是《青年文摘》上的一段节选，当时就觉得笔下的文字如涓涓小河流淌进心里，淡淡的名单是挥之不去。第一天拿到书的时候，一个人坐在图书馆的沙发上，读着读着就忘了时间，不自觉的觉得自己就是女主角，一起经历着这一年的春夏秋冬欢笑痛苦哀伤，五味陈杂生活就是这样，慢慢流淌，遇到该遇到的人又各奔东西，留下无尽的怀念和记忆，美好而感动,2
10251,外观很漂亮，开始还以为不像贴的图片那么好看，性价比超高，玩游戏效果也不错；而且散热相当不错，可能是我以前用HP的笔记本比较多，HP那个烫啊！！本本的声音也很小，很不错！,2
10252,１、130万像素的摄像头拍摄出的图片比较清晰，用来做PC桌面应该蛮挡的。２、支持存储卡，可以任意扩展存储空间。３、ＭＰ３　ＭＰ４播放效果尚可，可满足在此价位购机者的需求。,2
10253,大卫经历着这样的童年，真的让人不可思议。怎么会有这么残酷的母亲？看完这本书最直接的一个感觉就是大卫的经历虽然激励着不少人，但是却给人懦弱感。我认为不是要傻傻的挣扎着生活，而是要努力去改变不好的情况，改变生活，而大卫一直是报着等待，期待，一旦期待过了限期那个就不是期待，所要做的就是改变！不过这本书真的很好，看完后我哭了，深思了很久，感谢大卫能把自己的经历写给每个人,1
10254,"晕,怎么还推荐这本书给2-10岁儿童. 看了第一本,只有两个概念:1.不按时睡觉!2.结婚生小孩!",0
10255,"拿到书随便翻了下,发现书从154页下一页一下子跳到186页而且字都是倒着的....然后从186页倒着又到155页....后面才正常,,,...看着好不方便...影响心情",0
10256,让我给转乱了！ 都转 是转蒙牛倒闭呢还是转吃黑巧克力呢？转到蒙牛倒闭！！ 说蒙牛呢 快倒闭吧！,0
10257,没有其他颜色选择。送货的圆通服务真是一般，只送到楼下，以前京东用邮政快递的送到到家门口的。,0
10258,我看了一下，用处不大。作者好象是非专业人士，业余写作在网上发表的，倒是值得鼓励。,0
10259,酒店还可以，早餐也不错，值得推荐，若价格能再低点就更好了。,2
10260,职场如战场在这部小说里被阐述的淋漓尽致，拉拉工作勤奋如老黄牛，但性格却更似倔牛；王伟虽正直但有些过分天真；何好德思维敏锐、眼光独到却高深莫测；李斯特崇尚中庸，不喜做决定，却不失为一个温和而颇具慧眼识材的上司；柯必得天生的管家，却过于苛刻；岱西虽过分偏执但且不择手段却不得不佩服她的勇气的执着；TONY林在生意经上不似五伟有经验，却八面玲珑，关键能牢牢掌控自己的下属；约翰常虽做为颇为阴险，处处与王伟做对，但也是聪慧之人；李文龙表面温和却城府深、心机重，但却不影响他在DB的人际关系，因为他知道何为重何为轻，关键时刻也愿帮该帮的人一把；黄宏技术过硬，却人际关系始终无法处理妥当，且居小心眼；玫瑰经验老道但却有失光明。还有帕米拉、周亮、杰森、海伦、王蔷、罗杰、齐浩天等等，这些人个个性格鲜明，都有自己的独到之处。观完本书引人深思，故事鲜活具实用价值，无论是职场新人或才老将都能受益匪浅。,1
10261,装系统时，要长按F2进入主版，这个提示机器上不显示，到网上查到的，默认硬盘分区有好几个，还有一个显示为bos，后来才反应过来要把所有的分区都删掉，重新格式化，装上的xp才能读到，不然老是显示都不到。,0
10262,原来准备住四天，后来住了两天换成庐山宾馆。宾馆感觉：缺点：房间潮湿，装修陈旧特别是洗手间，房门几乎（门框对门框）对着公用卫生间，臭！隔音很差，偏僻、交通不便。优点：免费宽带上网值得一提的是餐厅：价格较贵，但态度不错，有天晚上正在关灯的时候我们进去的，还是为我们做了菜，虽然品种不多拉。和庐山宾馆比较一下逍夏宾馆 庐山宾馆位置 偏僻，上街走路30-40分 近街，上街10分钟交通 几乎没有的士经过 斜对面是美庐，随时有车周边环境 较好 很好房间设施 一般，较旧，乳胶漆有剥脱 较新，墙纸干净卫生间 很旧，感觉脏 新，干净宾馆环境 一般，大堂地砖 一般，大堂地毯隔音情况 极差 很好宽带上网 有 小标没有，大标部分有,1
10263,图画和内容都很和我的胃口！！看了书中的插图就像看了猫和老鼠的动画感觉似的。特逗乐~~孩子男孩三岁半，也超喜欢！！ 这些天天天看--醒来时看，没事时看，拉屎的时候也看！他也很喜欢卡门，这段时间老说自己叫卡门。大概他认为卡门聪明又能打架吧！书页不大，32开小，很好拿。纸质很好！！书中唯一不太好讲的就是卡梅拉和皮迪克恋爱的那一段。打算再买一套送给同事家的宝宝！！,2
10264,国内线叫餐木人睹国际线都以为是救灾回来的飞机 今年宁肯HK转了4次机 也不从BJ做CA除了蒙牛牛奶，还有难以置信的难吃的中餐,0
10265,以前给5岁的女儿读的大都是专门给孩子写的书，这次读的鲁宾逊漂流记给她全新的感受。女儿非常喜欢，天天都缠着我给她讲，并且美滋滋的看着本套其他记本书(还没给她讲)很期待的样子。本套其他基本书不知道女儿会不会喜欢，但鲁宾逊漂流记的确不错，印刷质量好，图文清晰，画面颜色很顺眼，图和文的比例适当。很不错的一本书。,1
10266,"以前的书名为《从中学生到女演员》，是留下青春回忆的一部书，即有作者的也有读者的。有的章节以前读的时候是很快乐的，再次读时竟然感动流下了眼泪。作者美丽爽直的文风在二十年后依然温暖，清新人的心灵。细细一看，人在年少时要如何对待困难,诱惑,批评,否定?自由有个性成长而又能融入世俗，一切皆有答案，但是不是只能在中年才能领悟作者在一群平淡，轻松的文句中所述的道理？",1
10267,档次不用怀疑，堂皇二字。房间设施略显陈旧，服务一流。要提醒的是，从机场大巴下车即到，小心过于热情的黑出租，会把你撞进车里，可能后果严重。补充点评 2008年3月20日 ： 自助早餐实在是太丰盛了。,2
10268,这本书没放到床上看。拿回来急不可待的去翻看了一下。呵。。。。随手放到了卫生间，只是在我方便时偶看一下吧。真的很不实用。倒是美女拍的很漂亮，连我老公也翻着看。,0
10269,读了“筋长一寸，寿延十年”一书，使我眼睛一亮，对我一个有自信的人来说：影响力很大，我虽然热爱健身运动，但养生书籍我也非常喜欢，此书是一本操作性很强的一本好书，在日常生活中很适用，尤其是拉筋方法学起来很简便，很遗憾就是缺少整骨知识操作要点，希望该书作者在今后的出版中加以完善。我会将学到的知识向身边的亲朋好友宣传，只要长期健身，必有回报。,1
10270,超喜欢张爱玲，购齐了全集，还有《千疮百孔的爱》，买这本书只是为了爱玲多一些了解。有些失望。莫名的悲哀，想像中爱玲应该是金枝玉叶，虽饱受风尘之苦，却也是冰清玉洁，不想竟也碰到胡兰成这样，恶俗的混世魔王。记得看过一本和坤的书，人家虽是大贪官，却也对妻子冯氏，有情有意，有始有终，另生一种敬佩。爱玲最后也是漂泊半生，郁郁而终。生不逢时啊！,0
10271,酒店就是离市区太远。离新国际展会也不近。 我的客人还算满意。,2
10272,可以说这是我看过的最好的一本有关孩子教育的书，关键是教会父母们改变了一些心态和观念，比如说“不管是是最好的管”，“拒绝惩罚作业”等。作者不愧是一位教育心理专家，可以从孩子心理的角度来思考和处理问题，让我信服。一口气读完，还想一读再读。推荐给国家教育部领导们读一读，也许对中国高考（现如今的科举制度）改革能有一些启发。,2
10273,冰箱里只剩半杯奶了耶，喝不饱，怎磨办呢？没有关系，兑半杯水进去就是一满杯了呀！不要惊叹我的智慧，我不过是站在了蒙牛这坨巨人的肩膀上呢。,2
10274,此书让人感觉很是恶心，我完全是头脑发热了才买回来的。她现在又弄起庄子来了，真的叫做“孔子很着急！庄子很生气”我感到很恶心！简直胡讲一通！让人无语评论！,0
10275,用来放高清，用hdmi接到电视上效果真的不错，哈哈。以后试试当BT机用,2
10276,噪音确实很小几乎听不见。光驱很棒，几年前的花碟都能读出来，赞一个。,2
10277,老爱死机，让人着急，有时还得把电池拿下去充电才能再用。我用的6个月竟然死了5次啊，有两次我还白白去维修了呢。屏里爱进脏物。小巧，但也给小偷机会，我的就这样被小便方便了。,1
10278,位置好，服务员热情，早餐不错，电梯也快。,2
10279,最近杜拉拉被炒得很火，很多人说她是职场新人的指南，不过我觉得带着一种平静而恬淡的心情来看待这本书也许更合适一点。可能是工作性质的原因，我并没有受益匪浅的感觉。平心而论，说它是一本新型的职场小说，应该来的更为贴切。对于小说的高潮部分，似乎是点到为止，总觉得有点意犹未尽。不过在看的过程中，整个心情还是很不错的。,2
10280,1.老标间一股怪味，换了个同价位的单间，新装修的单间感觉较差，卫生间漏水，屋顶漏水；2.去房间的走廊过长；3.结账太慢，要等待。,0
10281,家里有一本旧版的 卫斯理的《老猫》，孩子很喜欢，还借给同学看。这本书是孩子要求买的，买回来后爱不释手一口气读完。读过《大厦》后，我又陆续去图书馆给他借了卫斯理的 其他一些幻想小说，比如：沉船、活俑、蓝血人，地底奇人、妖火等等。卫斯理的小说充满悬念，但是个别作品 结局比较苍白，比如沉船。有些过于眩迷 ，比如活俑，但是幻想是生活的翅膀，只有充满幻想，生活才不会拘泥于眼前，难道不是吗？,1
10282,性价比较高，买了后就升值！安装搞了半天，一定要XP SP3版本以上的，否则硬盘不认。,2
10283,保不齐是做出来的呢。。不明真相的群众，不发表意见。。 珍爱生命 远离蒙牛,0
10284,这本书没有我想象的好，书本身的质量和印刷还可以 ，但内容与书名不符，应该改名字；而且有很多牵强的地方，有的地方有点鸡蛋里挑骨头（拼写错误也要拿出来说...）；感觉作者有点勉强的凑内容，想让书看起来厚实点？ 个人建议，仅作参考；,1
10285,住过好多次这家酒店了，上次来到前台，服务员能准确的报出我的名字，感觉很亲切。四星级就是不一样。而且当天服务员还给我安排了一间商务单间，房间很新，比我订的要好价格没变。说是酒店搞活动，像我们这样的商务客人都有机会享受，不错。,2
10286,今天看到伪随机数一段，豁然开朗。一直有个疑问，计算机产生的随机数怎么可能随机呢，肯定是确定的，难怪被称为“伪”随机数。今天知道，应该为“伪”随机数平反，准确的说，它应该被称为单向随机数。长了见识！,2
10287,看了那么多成功的女性推荐这本书，我就想赶在自己二十多岁时看看，期待也看出个“获益良多”。可惜，当我看到一半（肯能还未到一半），我就跳着翻了，实在没心思一字一句认认真真地读了。因为那些所谓了例子及其所要说明的，不都是一些最基本的道理和一个正常人应该具备的素养吗？二十多岁的女人至于要人教这些吗？如果谁的答案是“是”，那她的人生我想也不过如此了。,0
10288,网上看推荐买回来，发现书比较一般。,0
10289,无心插柳柳成荫，果然有很多事情是不能由己的，是你的命运你就要接受。尽管最后不是自己的医意愿你都要接受，这就是一个人的命运。甄寰为何会被选进宫，不是只是她的才智，看了后面的几本书之后，才发现，原来甄寰被选进宫，是因为甄寰长得像已故的皇后而已。这对于一个人来说是多大的羞辱啊。不是自己，而是别人的影子，这样的心情是看了后面几本书才知道。甄寰的一生就是这样被天注定了。,2
10290,也许期望过高，拿到此说后，读了一部分觉得不过而而，空泛大于具体，现在不知道把该书放哪儿了。。。,0
10291,房间一般，洗手间浴缸里的水有些下不去，标房是对着大堂餐厅开窗户的，晚上12点好象还有人用餐，放音乐，挺吵的．,0
10292,极度的败类，以前把蒙牛当做民族的骄傲，现在。。。。。唉，所以说当真爆发了战争，别国都不需要真正打，中国自己人都把自己人给打死了 狂妄至极！ 转发微博,0
10293,所谓升职，过程中掺杂了太多的勾心斗角，我自己不喜欢这样的风格，纯属个人观点。,0
10294,这是多么不可思议的书，多么不可思议的发现，给我极大的震撼，开始是在朋友处看到，书中作者并未告诉我什么，只是把一张张照片摆出来，让读者自己体味，但是就像书名，水告知我们答案，就连我们看来没有生命的水也如此的神奇，知道一切美好与丑恶，自命不凡的人类还有什么理由去做那些伤害别人或是自然的事。坚决推荐，不论什么年龄都可以读,1
10295,36M超大内存，可作U盘使用。支持MP3歌曲重复（单曲/全部）、随机播放功能，听歌很方便，而且音质不错。,2
10296,做工非常精致，可于进口的SONY小本媲美， 帮老婆选的，比自己的HP和朋友的DELL做工要好很多，超静音,2
10297,"多去了我春节前买的这个机器,毛病好多,MINISD卡坏了两次,通话音质不好,信号也不好,",0
10298,儿子自己拿着这几册书，看着看着就会大笑。这可以说是第一本令他那么开心的书藉。,0
10299,我很惧怕诸多“被奉为经典”的书籍，因为其中不乏有太多人为的因素：就象肯得基，麦当劳，买的最好的并非吃起来最好的。但是由于好奇其为何有如此多好评还是买来看了。如我所惧怕，这本书果然真“经典”，对我来说，他的归宿地只能是废纸篓或二手书市场。,1
10300,总的来说这本书还不错，就是内容好像少了点，看完整本书就一个中心思想，中医方面内容具多，象我们这样没有中医基础的，不会操作也不敢操作；当然，对一些简单的操作可以做，比如现在我每晚都给孩子按脚，刺激眼的位置，主要是俺两口子都是近视，前几天孩子眼皮长了个小白点，就按了两晚上，没有了，也不知是不是按的原因，希望是吧，看看还是有好处的！,2
10301,感觉这机子通话回音比较严重，以为是网的问题，换到屋外还是这样，而且充电时间超长，每次充都要1整天24小时，搞的充电器很烫，电池也很烫，感觉这样有问题，电话客服那边，说是要升级软件才行，还有外屏按不亮的，要打开盖再合上，这样太麻烦，准备去客服一起解决。,0
10302,机器标配1G内存，但是却带了VISTA系统，在没有装入赠品的1G内存时，系统明显感觉非常缓慢，运行较为吃力，应该标配2G内存。,1
10303,#蒙牛牛奶换装“革面”#近年来蒙牛不断被曝光出各种产品质量问题，更换产品包装并不能为蒙牛的信誉度加分，此前不久蒙牛经理篡改生产日期被批捕，蒙牛，一个公私不分的公司，自己吓跑了自己的消费者。,0
10304,有死机现象！外观无外屏！不谈创意，因为只五、六百的手机吗！可做得象个铁块！没办法，当初经济紧张呀！我们朋友的手机，翻盖的流畅叫人直想听“叭”的声音！人家至少是铃声可以变变，（不谈音色），可我的呢？短信容量也成为一个难题！是不是首信手机都没内存呀！个人意见！,0
10305,房间还可以网络也不错夜总会生意也不错只有一点这次交押金时候是刷我的信用卡预授权 结帐是用现金结算的结果预授权的金额没有给我刷回来 等收到账单才知道 那部分信用额度被冻结了宾馆反馈 2008年6月27日 ： 感谢您的点评。有关信用卡预授权这件事真的很抱歉，是我们的服务没有做到位，没能在您离店时及时帮您取消预授权以至于带来了很多的不便，望请谅解，但您请放心，一个月后，预授权会自动解除。真诚的希望您能给我们再次为您服务的机会。,1
10306,这本书，我才读了二篇就被吸引住了。作者很有才气，写出了自己的真情实感，说得上是文笔清晰，语言流畅，真情流露，文字也很美。跟随作者的脚步，我们一直向南方进发，草木的香气扑鼻而来，花儿开了，是别样的火红，走进南国的草木深处，小溪清清，果实累累，剖开一枚异果，香甜弥漫，令人陶醉，令人口水要流出来了。作者，让我们领略了无数的奇花异果，长了眼界，长了知识，满足了好奇心。好书，我推荐。,2
10307,内容和以往的亦舒小说很不一样，悬疑重重，女主角的命运也太惨了，无父母可依傍，原来的良人一遇上经济打击就退化成魔鬼，伸出援手的友人另有所图，又和朋友的丈夫扯上暧昧，等到觉察出危机已遭灭顶之灾。看得人冷汗都要出来了，觉得女主角某种程度上缺乏决断，性情比较软弱，还未看得透彻就想托付未来以过安定的日子，可惜往往慢了一拍，事情就大不相同。可怜的福在。,2
10308,环境还不错，我姐她们指定住的地方，住过很多次了喜欢。。。,2
10309,"装完系统后,用起来速度还是可以的,关键拿在手里很轻,携带方便。",2
10310,全文总体来说还是比较搞笑的当然可能是故事情节原因 总觉得前面比后边好看后边纠结得让人有点未卜先知烦闷秦科并不是喜欢的类型 所以看起来总觉得磕磕碰碰的女主角的性格实在没有什么特色尤其没有主见虽然男主角精明过人 但是女主角也不至于迷糊得被人捏在掌心玩吧失去个性的人总是让人有种恨铁不成钢的无力感但总体感还可以不管怎样还是建议大家少看电子档 多多买书看纸质的吧,1
10311,不过，对于一些阴谋论调，将信将疑，网上一搜，大家议论纷纷，我想写的最详尽的当属天涯的这篇了吧http://cache.tianya.cn/publicforum/content/develop/1/140524.shtml学术争鸣是好事，不过回头想想，这本书的确有点小说版的正史,2
10312,我的胃告诉我，我已经爱上你了@蒙牛老酸奶,2
10313,书的印刷质量很差，有盗版书的感觉，很多页字迹模糊，看起来很费眼。书到了感觉很失望，找不到阅读的感觉。,0
10314,人物风格虽然像小丸子，但是缺少作为漫画应该有的夸张或是幽默。更像插图的小学生日记，很难引起共鸣。,1
10315,用这只机子很舒服，信号方面不错，机子运行也稳定，通话是声音比较清楚，室外我也试过，听着没问题。摄像头虽然只有30W，但是拍点小东西也效果还行。,1
10316,非常一般，有点乱，不喜欢。（发表评论，还要有字数限制，真是无语阿！）,0
10317,首先我买是看了你们的评论才买的，我承认我上当了。书很薄，我以前给我小孩买的书基本上纸要比这个厚很多，这个拿在手上很小，没有质感。我看了下15本摞在一起厚度还不到5厘米。另外装订的很差，每本书都是一个订书钉固定，这样的书小孩看是很危险的，我小宝以前就被这样的书割伤过嘴，小孩子看书没那么老实的，所以我以后买的书都是无钉的。大家看好了，想明白了再买呀，不要看评论很好价格不贵久买了，我现在的书就那么扔着呢，一点用没有。,0
10318,牛不牛随您，买不买随我 同问 蒙牛为什么就这么牛？@安琪儿813：蒙牛屡次出问题，不见监管部门处罚，不见蒙牛道歉。广告满天飞。蒙牛为什么就这么牛？,0
10319,故事里的主角就和自己一样是个平凡的人，有自己的梦想但是也有自己的很多缺点，在不断的努力中一直在反思自己和自己所走的道路。不过我想在这个故事里主角无论什么时候都是很幸福的，不管是打工不顺利还是一个人走在街上感到寂寞孤独，但是至少每当拿起电话的时候都有来父母的问候，就感觉一直不孤单了。很有趣的书，不过是平静和小小的幽默的那样的。作者一如既往的那种风格。推荐。,1
10320,"色彩颗粒感强,声音小,最可恶的是,机子一般用了一年多一点,肯定就不能开机.送修说是软件问题,就要你换主板,修理好了,用不过2-3个月又是同样的问题,气死人了.什么破手机,设置了机关骗人钱财.大家不要买它的害人手机.",0
10321,"性价比好的机器!再多上了1G的内存,跑起来也不慢...... 加上面运就更加优惠了~~~",2
10322,本来觉得这套书对我的快五岁的儿子来说太小了，只是我很喜欢，于是买了来想不看就送给朋友家的小孩了，没想到孩子很喜欢。虽说故事似乎不特别，道理也很简单，但孩子对道理的认知不是听过看过就能真正理解的，这套书对我的孩子和他的母亲都有很大的帮助。而且故事是第一人称以孩子的口吻和视角来讲，孩子更容易共鸣。尤其是画也是以孩子的视角来表现的。给他读《汤姆走丢了》的时候，我都忍不住眼睛湿了。,1
10323,酒店不错 房间很大 外面是条单行线 车不多 比较安静 交通方便 缺点就是：早餐太差 非常差 比最差的招待所都差 千万不要在酒店吃 早上出门 向左转 200米有个早餐摊 还不错,2
10324,这是最好的酒店之一了，曾经住过的。它有其他酒店缺少的古朴环境，占地又特大！古典和现代的优雅结合！安静的房间，是因为掩映在了古树林中。很棒的感觉！有机会就回去的。,2
10325,智永千字文是千字文中的上品，即使这样，当前的许多出版社也因种种原因，将它印制的很差劲。而本集字古文，主编、印刷的水平很高——因为我同时买了几个类似的版本，上海书画社的是最好的。集字古文的排版是一个很专业的工作，不是很高艺术素养的，绝对做不好。以前我见过很多集子，这一本，书法布局浑然一体，几乎感觉就是智永创作的一样。,2
10326,由于房间里面的水是锈水，大堂副理免费升级到套间，由于我预定3天，讲好头2晚是478，第三晚是578。结果第三天直接告诉只能是678，经过与携程反映也没有效果，原因就是第三天有一批人来此开会，房间不够，故意把住客赶走。坚决再也不住这里了。态度十分差劲。,0
10327,"书的印刷看起来也不好,画面也不漂亮,内容的连惯性也不好,所以让人看起来一点也不能吸引孩子的兴趣和眼球,只是实在不想睡觉看一下,起催眠作用.作为家长来说,我也不爱讲这几本书.",0
10328,我借给一个朋友看的时候，问她看的时候会不会想哭，她说会。我也是一样的感受。为什么又说不上。只是感觉程然描绘得很细腻，很真实。禅学，我是看了这本书才有所了解，因为当时心很乱，需要这类书的安慰。看来以后，在当当网等了很久才终于没缺货，终于买到了。捧在手里，感动和悲伤同在。但是这本书真的很适合我们去读。在这纷乱的世界里，能有这本书作伴，谢谢程然了！,1
10329,"东西上午拿到了,和之前买的另一款sl400的样子一样,就是比它慢一点,不知道质量好不好,现在还没有发现问题东西还行,现在使用了半天还没有发现问题,就是慢一点",2
10330,我不明白，为什么会有这么多的人追捧这本书呢，我也是受了崇众思想的影响，一口气买了好多本，用来自己看，用来送朋友。可是，当我看了一半以后，就受不了了。整个书就是一东拼西凑的大杂烩，从现在流行的各种养生书籍，或是哪里抄录一些所谓的养颜宝典，再加上作者卖力的炫耀自己的所谓幸福，是在没有什么可读性。当然，作者还是很聪明的，知道，什么是卖点，知道，已经老了的和快要老了的女人的心理。或许就根本不是什么31岁美女写的，搞不好就是一胡子拉碴的邋遢男编辑的作品呢,0
10331,虽然这本书自己定位为大学入学读物，但已经修完汉语言文学本科的我，看着还是觉得新鲜。有很多知识都是第一次了解，而且有些知识也没看得很明白。之所以选择这个版本的书，一方面是因为有大量图片，更重要的是冲着王力先生来的。我的古代汉语老师很是推崇王力先生的著作，我也很崇拜王先生，赞赏老一辈的严谨细致的治学态度。嗯，一本让人受益的书，特别是对于喜欢古代文学的人而言，肯定是一本很棒的工具书。,1
10332,我刚拿到书，也没有仔细阅读，就是粗粗的翻了点，觉得还行。里面是蓝黑两种颜色的，有些单词的下面还会有历年考到的题目，可以让人加深印象，不错。有点不是很舒服，就是光盘是夹在书中间的，光盘外的那个纸做的封面，是固定在书中间的，不容易拆下来。如果只把光盘拿出来，封面留在那的话，对于我来说，书中间夹了个东西，我会觉得有点不顺手。整体的版面，看着还算舒服。,2
10333,"3月1号订的,3月15号还没到货 客服每天说下个工作日能到货已经连续5天了 我无语。想早点儿看这本书的人还是去陶宝或卓越上订吧,尤其是广东省的朋友.当当送货太没保证了.",0
10334,有点就不说了，很超值的一款机器，盯了有半年多了，这里一降价就下单了，太诱惑,2
10335,内容丰富，很适合亲子共读，彩图贴切生动，我和儿子读了一遍，儿子就记住了里面精彩的故事了,0
10336,因为电视剧去看了小说在星空卫视看电视剧，因为米仓凉子的决绝而喜欢这部剧，人性的刻画让人战栗而小说，更为压抑和直接看到最后，原来电视剧的色调还是有很多改动的，安岛的爱，原子后来的复仇，都带给人无限希望，而小说，则是把这一切不切实际的幻想一一击碎，有的是，不过人心的贪婪与利益的挣扎原子最后的“救命！”，收尾短促有力，也延续了松本清张的灰色基调，破碎的，不甘的，真实的，残忍的,2
10337,"电池续航时间长,比14?本本携带方便多了.性能应付日常应用没问题.",2
10338,这本书是我在偶然之间逛书店时看见的，当时只是觉得封面很好看，随手翻了翻内容，还不错，等了很久终于等到当当到货，可是买回来看了后发现，其实意义不大，内容有些空洞，不是很实际。有些失望,0
10339,必须承认，这本书的宣传语实在写得好，深深地打动了我的心，于是一次就把1和2 都买了。可惜，拿到一看，除了印刷精美，有几幅漫画插图还可以，其内容真的是很生硬地在搞笑而已。根本不会让我忍不住大笑，也没有吸引我把它一口气读完。对于单词的记忆自然也就谈不上多么生动、深刻、有效了。这样的话感觉就有一点上当受骗了，因此对这套书印象就比较差了，觉得真的是“名”大大大于实的书。希望其他人购买的时候要慎重。,0
10340,看过了《步步惊心》、《大漠谣》、《被时光掩埋的秘密》，期待着《云中歌》。桐华的作品有着无法抗拒的魅力。我喜欢她的文字，期待她有更多好的作品问世。,2
10341,本人觉得内容肤浅   一点都不使用  作者就像是在记流水账  不值得推荐！,0
10342,订了标准间，给了368的房间，感觉还不错，早餐挺丰富。,2
10343,"垃圾,服务生爱理不理.房间残旧不堪,还有异味.酒店最少有20年历史,资料打是开业两年?",0
10344,除了停车不是很方便，其他的都还不错的，服务质量也很高，市中心的环境也很吸引人，还不错的！,2
10345,蒙牛的那个让我觉得很无奈。。 各种无法直视的智商！！,0
10346,酒店周边环境一般，酒店内设施不错，感觉还挺新，价格也尚可接受。,2
10347,"这本书实在是太烂了,以前听浙大的老师说这本书怎么怎么不对,哪些地方都是误导的还不相信,终于买了一本看一下,发现真是~~~无语,这种书都写得出来",0
10348,买这本书的目的是想让宝宝知道什么是不可以做的，想以这个小孩为反面典型教育宝宝。没想到宝宝的反应是害怕，花了23.8买了它觉得很后悔。书很大，画面很大，但是大卫画的一点都不可爱，还经常龇牙咧嘴的占满整个画面；而且颜色不是2岁的宝宝喜欢的颜色，我看起来都觉得有点恶心的那种。给宝宝只讲了5页，宝宝就说害怕，不愿看了。不能枉自评论说这本书不好，只能说它不适合我家宝宝这样2岁的胆子比较小的向往快乐美好事物的孩子看。,1
10349,热水器不错，很好用，卖家服务也很好。只是补寄延保卡的速度让人失望！美的售后安装费用太高，配件比市场价格高了不少。,0
10350,我是耐着性子看完的，无非是为了多一点谈资罢了。这样的书也会流行，说明我们大众的阅读水准还真不怎么地！,0
10351, 蒙牛的这种调调我喜欢！回复 您好，蒙牛正在变得安全更好，中粮和欧洲最大乳企爱氏晨曦已入主蒙牛，奶源和品控会进一步加强，希望能恢复您对国产奶和蒙牛的信心。,2
10352,买了一段时间了，一直都在用很不错用U盘重新做的新系统，机子运行很快也很稳定。,2
10353,漂亮（老婆认为的），性价比高。电池很棒，能用4～6个小时，兼容性还行，拿到手直接重装了WIN7，基本不需要任何驱动，除了快捷键。,2
10354,收到后，发现光盘上尽然有道裂缝，已联系dangdang退货，建议dangdang换个快递吧。,0
10355,让抵制日货的蠢货们喝蒙牛伊利，吃地沟油去吧！,0
10356,还没有看，看完再发表。我想很多人对这本书的读后感很强，相信大众的眼光。嘿嘿~~,0
10357,8月份为签证，入住该旅馆，也许是首都北京吧，260元一夜，只会想住一次的，一切都是那么旧，好像260元钱不是钱似的。,0
10358,"语言诙谐,但音标,所以看起来不是太好记.",1
10359,谢谢芳菲和蒙牛帮我们照相，让我有了上镜的机会！,2
10360,一瓶酸奶（冠益乳）下肚后，一炮冲天，那个爽啊！必须是发自肚子的多来几炮撒，一炮=2500瓶冠益乳，谢谢蒙牛，谢谢方大特钢对我的支持,2
10361,2006年4月21日，我在重庆市垫江县移动通信城花了2380.00元购买了飞利浦960手机，使用到五月八日就出现故障。原因是自动关机，于是，我于11日找到垫江县移动通信城销售商后他们就把我的手机发到重庆新瀚科技有限公司售后部进行维修，并更换了主版。5月16日垫江县移动通信城销售商通知我领回手机，使用不到两天再次故障，同样是自动关机，我于19日再次将手机交销售商维修。到目前也没有叫我去取手机，也没有给我一个答复，真是维修手机的时间比我使用的时间还长，买手机买出了麻烦。我试问飞利浦（上海）公司售后服务如此差吗？,0
10362,用了一段时间了，还不错！大牌子就是大牌子,2
10363,来电铃声显得小，有可能漏接来电！按键也不大点！有时输数字键会麻烦些！可以拍照，但没有自拍镜！N738的颜色也不好看，没有时尚感，要不是促销便宜，我才不买呢！,1
10364,书上写的大多数都是大道理。。。不看也明白的那些。。。。,0
10365,"原著还可以,可译成中文后就只不过是一套一般的书了;不知道为什么那么多人说好,我也是上了这些评论的当才买的.",0
10366,设施陈旧，饭店各区域之间的交通混乱，早餐品种少、品质差，优胜之处是周边的交通方便。,0
10367,原来是我浮躁的心使我不能欣赏如此的好才气！重读《今生今世》，竟是又一番滋味。张爱玲说，零用我的名字推销胡兰成的书，不能不避点嫌疑。然而，读胡兰成，是绝没有遗憾的。且不说说他用情浮泛朝秦暮， 单就他的盖世才情便让人不忍心一棍子将他打入十八层地狱。张说，对女人没良心的男人尽有在他方面认真尽耻的。胡便是极好的样本。他称张为“临水照花人”，寥寥数字，而张的境界全出——孤傲，敏感，卓尔不群，却逃不过心灵的篱栅。,0
10368,只看过西西的《解体》。印象已经不深了。记得要不就是标点很少，节奏很快；要不就是标点很多，停顿太多。还是一个比较有才华的女子。,2
10369,装XP非常麻烦，需要准备外置软驱，给光驱及南桥装驱动。官方没有驱动下载。只有打客服电话要他们发给你。尤其声卡，极其麻烦。建议菜鸟要装XP不要买这机子。装Vista的没问题。,0
10370,儿子1年7个月，虽然好多都不是很懂，不过真的很喜欢这套书。,0
10371,太小了，字看得太累人了，不太适合商务机使用； 原装系统太慢，改了XP，但是自己水平有限，不伦不类的； 价格贵，性价比低， 中午付款，下午价格就降了100元，郁闷啊。 能否多送一些东东啊？？,1
10372,"酒店的地理位置非常棒,住的高级商务间.感觉房间非常小.门童和服务生都非常热情.还有免费的水果.地毯和装修有些陈旧~",2
10373,通话时有电流声，这是真的，不过也不是每次通话时都这样；,0
10374,想请问下怎么HD3200的显卡我用完美解码播放1080P的WMV时CPU占用率90%以上而且会卡？已经打开硬件解码啊。。。,0
10375,"晕，自己吓自己了，刚刚搞明白，这只机子播MP3时音量不能用笔调的，要用手机左侧的上下键调节。怪不得我用笔点了无数次播放器最后面有个声音大小可调节标志都没反应，以为MP3坏掉了！如果不能用,为什么还要这样子做界面,真是的!给机友们提个醒，大家注意一下吧",0
10376,"一直看着这本书,虽然也有猜想妹妹如斯举动的原因,首先想到的,当然是妹妹其实也看得姐姐与病魔搏斗的太辛苦,虽然感觉也似乎妹妹有得到姐姐的同意而去做取回自己医疗决定权的事.妹妹也是从另外一个角度去守护自己的姐姐.只是没想到的,出了妹妹是姐姐的守护者,姐姐,同样也是妹妹的守护者,毕竟看着爱护自己的妹妹,父母也一起痛苦受罪,姐姐同时也为了守护爱护自己的人....看到最后的结局,有忍不住想哭的冲动,值得看!",2
10377,买书之前看评论，有的买家说书上的字词、单词有些过多，宝宝不太喜欢看，但是结尾出乎意外，有意思。就抱着姑且一试的心态买了。打开看时，儿子很喜欢（尽管这本更适合小姑娘阅读）。儿子四岁了，正在积极的识字阶段，用小手不断指点页面上出现的字词，毫无厌烦之感，更是喜欢里面的水果、蔬菜、水生动物等。也是跟生活体验贴近吧，我家儿子真的很喜欢这本书。好书，就值得推荐。,1
10378,"这是一本非常值得看的书。看来希望工程不只是中国有，国外一样也有。以往总认为慈善事业是富人的事。古人云，穷则独善其身，达则兼济天下。可书中这个外国人并不富裕，能做到这种程度，真叫人敬佩。那个帮助他成立基金会的富翁也很有性格，能对朋友说出那样的话：“五十年了,我在喜玛拉雅山区建了一所学校，你做了什么？”大家都看看这本书，除了感动之外，还有深思，我们的慈善事业怎么样？",2
10379,短信没有彩信功能！无法群发短信！还有，电话薄十分不好用，不实用，没有办法分组和自定义！,0
10380,因为大部分DVD的声音根本听不清楚。只有第一张第六张是好的。现在很后悔买了这个产品。看来盗版的东西真是要碰运气的。,0
10381,这是买第二套了，送给小侄子。故事很有趣，语言轻松活泼，宝宝听了一遍又一遍。故事里隐含的知识点，有的连我自己都不知道，不过都是宝宝特别好奇的东西。宝宝每天都缠着我讲，讲完之后，还要拿后面的游戏来考考我。有时候，我假装不知道，或者故意说错点什么，他就乐得咯咯的。,2
10382,买的第2个epc了，第一个是第一代701，如果想买笔记本请不要购买epc，如果是移动办公、经常出差，epc是最好的选择，华硕的品质，是其他国产贴牌上网本无法比的，物美价廉。,2
10383,非常好的一本书，拿到书，自己先翻看了一遍，书里的大兔子、小兔子动作神情非常生动、可爱，看着看着，不由自主的就笑了。文尾，大兔子轻吻小兔子，在他耳边低语，温馨，就如我家平日的画面。儿子看了也很喜欢，最近常学小兔子一样，拉我的耳朵，对我说：“妈妈，我要说话。”呵呵。早上临走的时候，亲了一下还在床上的儿子，他对我说：“就象小兔子一样。”欣喜！,2
10384,明明买了6本书，只到了3本，也没有说是什么原因，以后怎么信的过？？？？？？？？？？？,0
10385,听同学介绍买了此书，一读之下，果然受益匪浅。文中颇多石破天惊之语，挑战传统理念，却独有建树，老先生对很多问题的阐释另辟蹊径，从人性角度挖掘文化内涵，想想其身处的年代，确实佩服。读完此书，对中国文化史基本心中有数，对于不愿意花大力气去博览全书却又对文化历史感兴趣的朋友来说，值得收藏。因书中并非纯白话文，还夹杂古文，所以需要精心慢慢品尝，我和同学已约好，此书准备研读一生。,2
10386,除了待机时间短，其他都不错,2
10387,也许是我英语不灵光，还是其它原因，反正没有想像中的那样好，哎.......学习英语的路还很长呀！,0
10388,早就不买那两个品牌了！提醒你们的妈妈也别因为便宜而买啦！欺骗国人，该死！ 坚决抵制蒙牛！希望国家加强管理机制！严惩奸商,0
10389,这地方千万别去住了，绣花枕头一个。样子好看，。别的没什么的，大冷天不开空调还说他们觉得没必要开，气的你要死呢。第2天我就搬家了，,0
10390,分区不合理，不过也算是各个厂商的通病 另外就配置的均衡性来说，显卡是比较明显的短板 拖了整个系统的后腿,0
10391,一位朋友说“现在的房子装修得有点过了，不像是房子了，倒像是一个豪华的污染源 ” 我们呆屋里面的时间太长了，很多人提倡我们“走出家门，呼吸大自然的空气”说的轻巧，做起来很难。现代社会使然。我们只能长时间呆在屋里，不管是温馨的家，还是忙碌的办公室。这本书很好，直接?别让房子谋杀你的健康?，我们不能走出去，那我们能保证在屋子里呆着是安全的不就行了。正在装修房子。谢谢当当网！,2
10392,书的内容没话说 很棒！哈利波特这套书是我在读初中的时候开始接触的，当时犹豫经济原因没有买，7年之后有条件买的时候一直想买第一次印刷的版本。在当当上寻觅了很久，根据当当提供的版次信息以为终于找到第一次印刷的版本了，没想到货到后根本不是第一次印刷的（有些甚至是翻印26次的），很伤心，有一种上当受骗的感觉。拜托当当以后服务细致点，要写版次信息就写全，否则就不要写，不要误导消费者。谢谢！,2
10393,"酒店隔音效果极差,没有把团队和散客分开楼层居住,导致早上6:00和晚上1:00团队客人在走廊大声喧哗,我在房内被吵醒2次以上(给电话总台让根本无人理会,最后还是我自己去和客人协商,要求他们回房间聊天.",0
10394,免费接机用的轿车。宽带上网只是一个摆设，根本不能上网，叫了几次前台也没有解决，最后只能用电话线拨号。我住的客房面对公路，隔音效果不好，早上卡车经过很吵。晚上有小姐骚扰电话。对面有韩国旅行团入住，小姐进出频繁。听朋友说那里的小姐比较宰客，谈好的价钱只是台费，最后还会另收天价小费，不给的话，会有鸡头进来跟你谈，挺恐怖的，最好不要尝试。,0
10395,屏幕的边框再窄一点，平方尺寸再小一点就好了。无光驱，装光盘类软件比较麻烦。,0
10396,日货就因为是日本的牌子你就抵制吗？你怎么不去抵制蒙牛？愤青的脑子用什么衡量。,0
10397,1.不支持MP3。2.像头太差。3.基本上没有什麽实用的功能。,0
10398,服务差，怎麼會有一間酒店沒熱水呢?我之前看到是一月的点评说没热方不到现去还是没有，投诉说要换另一家他们居然说叫我可考芦，我马上搬去别家。,0
10399,这是一套很漂亮的书。我女儿两岁半的时候看，觉得很好玩。还学其中的一些事情来做。譬如，自己洗手，一个人睡觉，自己穿衣物鞋袜……整套书都非常温馨、温情，非常适合亲子阅读，可以增进孩子与父母间的交流，让孩子和父母更加相互信任与理解。但是，如果你的孩子已经三岁以上且比较早慧的话，建议不要购买。因为我女儿现在两岁九个月了，上了三个月幼儿再来看，觉得有点幼稚了。,1
10400,"这书我看他的丰面时就感觉它是给我一个希望的书,可一看和我的想反了.没什么帮助的.就是觉的失败",0
10401,在当当一次性订单600多元，可是送货的只把货送到楼下，说：“你的书那么重，我只赚你1.5元，我不可能给你送上楼。如果你自己不拿，那我就把书拿走”。我不知为什么你们之间的矛盾要把我们消费者牵涉进去，我们并没有少付一分钱。请当当给我一个合理的解释。,0
10402,前台接待态度生硬，楼道内因很多剧组，脏乱不堪。房间内部面积很大（大床房），但是家具很少，而且都很粗糙。没有咖啡送，只有矿泉水和绿茶。没有电吹风，要打电话借。房间内地毯很脏，沙发上有黑黑的水渍。床比较硬，独立空调，热风太大。浴室简陋，和廉租房差不多。早餐很差，连荷包蛋都没有。基本上各种食物和饮料没有标签，要自己看。,1
10403,说实话，本来一点也不知道这本书。平时上当当网关注比较多的就是小说与儿童文学。小说是我的最爱，儿童文学是儿子喜欢的。最近，一位朋友推荐了这本书和《念楼学短》。他是一个小学语文老师，教学水平非常高，他说这本书对孩子学习古文有比较大的帮助。每一篇都很短，有利于孩子的学习。六年级的孩子读了以后，都很喜欢。我自己也很喜欢，真的，很不错。自己好象也随着阅读感受着中国优秀古典文学的意境。,2
10404,被评论误导了，没什么意思，内容也太好，讲的道理也太幼稚，好像我们80后都是白痴一样的。我觉得姐姐妹妹还是不要买。举的例子都是韩国的，也不适合我们。,0
10405,快4岁的女儿很喜欢!同时买的还有《女孩子必读的100个公主故事》，因为女儿近期特别喜欢迪士尼的公主，所以买了，同是买了卡梅拉的全套加这个第七册，没想到女儿听公主故事只是听，而这个卡梅拉的她听了还要自己拿过来不断翻看，还发出咯咯的笑声。。。。。。看了几遍了，我发现这是我这几年买的书里她最喜欢的书..,0
10406,空调声音太大了。。。早餐可以去南翔包子吃（出门左走100米）。,2
10407,可以录音六分钟。也好操作，可以当一个录音笔用了。,2
10408,系统预装的Vista用起来让人不爽，另外要是能送1G内存条就更好了。呵呵,0
10409,大家普遍反映不错，但是我感觉一般，虽然运用通俗易懂的语言来叙事，也不乏诙谐幽默，但是就是看不进去，多次躺在床上看着看着就困了，仁者见仁，智者见者吧~,1
10410,房间小，服务水平差（原来开的房间房卡进不去，又换一间），环境吵（外面车来车往），卫生间不干净，价格不低，下次肯定不会去了。不过，天津总体感觉都不好，不光光是酒店，还不如南方的小城市。,0
10411,如此配置价格贵。白颜色的不怎么好看，并且机器上没有华硕的标志,0
10412,蒙牛自称是中国男篮指定奶制品，结果中国男篮此次奥运会以零蛋，几乎历史最差成绩耻辱出局。说明喝了蒙牛就打不好篮球了还是继续喝我的三元吧。。。,0
10413,装XP太麻烦  在网上看了无数贴子 最后下了个1G的GHOST文件  自己做了个U盘启动盘才装上 但驱动装装太麻烦   特别是声卡驱动  超级麻烦    显卡没有A卡性能强  玩游戏也勉强能凑合着玩,1
10414,《听杨绛谈往事》可以视为杨绛的个人传记，通读之可加深对杨绛先生的了解。从杨绛的一生中，我们可以了解一代文学大师是如何坚守自我，她与钱钟书先生又是如何坚守他们的立场，同时更可以了解他们所处时代的风云际会。读完此书，让我感受至深的是杨绛先生面对钱钟书和钱瑗两人同时卧床不起时的艰难心境。当钱瑗离开人世时，她既哀恸悲伤，又要瞒着钱钟书，不让他得知这个噩耗，实在是让人动容……,2
10415,西楼海景房实际面对的是一片工地，正在施工，不过还好，不影响睡眠。免费升级到了一个家庭套房，有3张床。不过卫生间小点，尤其是台盆。酒店服务还是不错，热情。就是Check out怎么到中午高峰时段只有一个人。酒店house keeping也不会补拖鞋。,2
10416,马丁路德金的这个演讲一直是我最喜欢的，很振奋，他也是我最崇拜的人，他的声音时常给我带来力量和勇气。这本书有同样的魅力，看似神秘，但通过许多成功的人告诉我们，你该拥有一个梦想，这个梦想能够实现，这本书也会给你带来你需要的力量和勇气，你应该自信的面对自己的人生，乐观地追逐自己的梦想，快乐的生活着。千万不要错过这么一本堪称伟大的作品。只要你读懂他，你的幸福就不远了。,1
10417,一直以为练瑜伽是件有百益而无一害的事情。后来网上有看到不正确的瑜伽动作可能造成意想不到的伤害，比如一些瑜伽教练过分追求一些高难度的动作，造成关节、韧带或肌肉的损伤。才让我下定决心买一本了解人体骨骼肌肉构造的书。这本《哈他瑜伽关键肌肉全解》就满足了这个需求。彩图、并分区介绍了人体的骨骼和肌肉组织，以及瑜伽动作触发的肌肉和骨骼。美中不足的是瑜伽的动作少了点。,2
10418,不赠送杀毒软件，只有使用60天的。价格偏高。有些地方2900.因为急着要用，所以图方便下单了。可能是电池的原因，机器有点重。确实战指纹。,0
10419,六心电池装在后面突出一大块影响美观，速度慢机器有点卡，放歌一停顿一停顿，重量比一般的上网本重，触摸板鼠标反应不灵敏，滑的区域太小，,0
10420,目前的配置应该是最低价。光驱不是蓝光的！还有内存芯片超好“尔必达”的。,2
10421,2008年7月16日晚上11点多，我入住了这家酒店，因为这家酒店离张家界荷花机场非常近，步行不到10分钟。酒店前台有一个瘦高的小伙子接待，虽然已经很晚，但是小伙子的态度很好。房间给我最大的感受就是床非常干净，特别舒适，卫生间配有吹风机，柜子里配有两个防毒面罩，门背后张贴有详细的紧急疏散示意图。次日早晨起来，拉开窗帘，就看到了酒店背后的小山小道，绿油油的，风景很美，空气也不错。另外，酒店还送早餐，味道还不错，吃得比较舒服。,1
10422,地理位置不错，离去机场大大巴站很近，周围吃饭很方便，有一家齐齐火锅不错，也很便宜.,2
10423,酒店的地理位置不好，出门要门童叫个出租车，等了10分钟门童才把车叫过来，慢！洗澡花洒的出水一点不大，不急和五星的酒店设施一点也不配！最奇怪的时，我退房的时候边上有个人在check in 好像也是通过携程预定的，前台居然在和他说，你可以把携程的预定取消，我们现在的前台价格比携程的低，还有什么其他优惠什么的，真的，那个客人把携程的预定取消了，按前台给的价格check in了。携程如果不相信的话 你们可以查我退房那天中午11点左右的时候有没有取消这个酒店的预定，好像是个台湾人。,0
10424,以前在书店看过，是和A4纸差不多大的，结果拿到，只有一半大，根本没有那种感觉。宝宝都不喜欢。,0
10425,老五星级酒店，358元标房，价格实惠，就是房间电视太小，其他不错。,2
10426,轻薄小巧，做工看上去不错。最重要的是，价格很便宜，以性价比取胜。,2
10427,买的好多搞笑的书都是很牵强的搞笑，在《清空万里》以后再也没有看到真正搞笑的小说了，这本小说让我眼睛一亮。。。女主的乐观与宽容让偶的心都跟着她上上下下，希望她能平安的报酬拐到她的美男老公，总是在情意绵绵的桥段中突然来个大拐弯，让人忍不住爆笑蛮好看的，最近看多了悲文，看这个调剂一下还不错，偶会看第二遍的。。。,2
10428,1、 普天三洋SCP-820手机运用简约的线条勾勒出方方正正的手机造型， 金属色调的塑料外壳具有极强的质感体现。2、 普天三洋SCP-820手机在铃声方面采用了32和弦铃声，铃声响亮清澈的，音色纯正而丰富。内置数十首组铃声，可以丰富使用者的铃声生活。令用户每天都有好的心情。 3、 SCP-820手机配有一个30万像素的摄像头，配有内置闪光灯组件。支持4倍变焦功能，还有其独有的36张连拍功能和照片合成功能。4、 普天三洋SCP-820手机具有输入联想功能，而且联想内容比较丰富。5、 外置扩音器可以使32和弦的铃声更加的美妙动听。 6、 普天三洋SCP-820手机支持彩e功能和上网功能。,2
10429,我们是5月1日通过携程网入住的，条件是太差了，根本达不到四星级的标准，所有的东西都很陈旧，卫生间水龙头用完竟关不上，浴缸的漆面都掉了，估计是十年前的四星级吧，总之下次是不会入住了。宾馆反馈 2008年6月1日 ： 我们酒店于94正式挂牌为四星级酒店，06年和08年逐步装修了四个楼层，客房档次不同，设备新旧程度也不同，欢迎用户下次入住选择我们新装修的房间。,0
10430,1、手机买回来把电池冲满后，使用了一天半时间，估计电话有半小时吧，还玩了一小会，短信发了有15条，总体感觉电池确实不如意，不知道过段时间完全激活后会不会好点。估计也就这样了。2、手机发短信不是很方便，有点慢，还有手机容易发热，而且很烫，不过可能是小薄的原因，不影响使用！,0
10431,书一到打开就放不了手，一天时间就看完了，想着若干年前要是看了这本书对自己的求职会有帮助的,0
10432,1、没有想象中的那么强悍，尤其是显卡！2、这样的配置摊上这么个破系统，算是白瞎了，新机器用起来就不是很快，让我如何忍受！不过这不能怪京东，只能怪华硕！,0
10433,买来没几天就发现作为卖点的音箱杂音特别的啊，用耳机的时候就正常，如果用外放，不管是播放什么声音里面都有杂音，而且不是一点，是好像什么东西破了的金属杂音。去华硕售后检测说必须进行音响的更换才可以解决问题,0
10434,买了这本书有被骗了的感觉，里面的内容实在很一般，不过挺适合小学生看的。通过CCTV10的百家讲坛，于丹变成了像易中天那样的学术明星，的确于丹有非常吸引的人的个人魅力、文化气质，但这是非常空洞的，非常片面的。《于丹〈论语〉心得》售逾450万册，这不能说明什么，只是人云亦云、羊群效应罢了。如果还是小学、初中的水平，建议你看于丹的《论语》《庄子》心得，高中以上的，最好看傅佩荣先生著作系列。如果你看了傅佩荣的《论语》《庄子》心得，就会觉得于丹对于论语的理解的境界远远不如傅佩荣先生理解的境界高。用易中天先生在百家讲坛说的其中一句名句来评价于丹，“不过如此”。,1
10435,发短信超慢 还赶不上我打字速度；易花屏；易死机；屏保少；讨厌红色按键背光；闹钟响后还是关机,0
10436,只要读一读南怀瑾老先生的《论语别裁》，就发现于丹的心得是多么的肤浅，感觉南怀瑾与于丹在一起，就象大学教授与小学生在一起一样。,0
10437,居然没其它附件，鼠标，包这种，再怎么也要有的吧。还有就是太热了！GPU随便就到70摄氏度，CPU也要六十度以上，夏天使用让人担心啊,0
10438,251页到267页内容缺失，换成了239页-246页再来一遍。太不爽了。图书内容随便看看还可以，史书这样写看起来不错。一句话：可以看但不值得收藏的书，指的可能就是这样的书。,1
10439,： 性价比不错，做工精致，外观尚可，很适合工科生用   这个配置和价位真的很合适，完全够用，而且小黑的质量非常不错。外观不错，我比较喜欢整体都是黑色的本本，所以我对此本非常满意！另外，本本整体感觉本本很结实！,2
10440,内存只有1G，小了点，自己又买了根2G KST667装上 主板是SIS芯片组,0
10441,买回来只翻了几页就发现不是地道的英语或美语，毕竟是韩国人写的，想想自己真可笑，想学英语居然不去买英美的作品，反倒是去韩国人的作品。现在只有当垃圾扔了，白浪费了钱。,0
10442,失望！以为是有具体的朗读内容的书呢！结果根本没有！略略翻了一下便扔到一边了！失败的购买！,0
10443,我勉强用了一年了，当时是2700买得，都有是广告骗人呀，大家以后不要再用波导了。难看，没有耳机，死机，短信一次输入的太少，总之，没有优点。,0
10444,本机最大的缺点就是 “CPU散热不是铜片，偷工减料用的别的金属”就算安装了AMD的升级程序，CPU温度还是经常的在70度以上，时不常的还到85度，甚至89度，还是在没有开大型游戏的情况下，背部也较烫手,0
10445,总的来说还是不错的，除了床小点，改换大的，其他还是不错的，新装修，服务也不错！,2
10446,也或许，你看完A型、B型、 O 型、AB型这所有的四本说明书后，觉得书里所言都不怎么确切，那么恭喜你。在你身上，一种新型的血液很可能已经诞生了。你不妨为自己的血型起一个独特的名字，比如说，X型，然后，你就动手为自己也写一个《X型人说明书》吧。说不定，很多的X型会因此找到共鸣，觉得自己在这世界上，再也不孤单了呢。,2
10447,20年前看过这本书，也听过小说连播，很是喜欢，但那时是借图书馆的书，条件有限，没有买一本。昨天拿到书，吃完晚饭就在沙发上看起来，后来上床一直看到2点多才放下睡觉，名著给人的感觉是什么时候阅读，都让人有耳目一新的感觉，常读常新，可以让我们浮躁的心灵变的澄澈，至少在某个特定的时间，我们不在迷离彷徨，好东西永远不嫌晚。,1
10448,1、厚重，用单肩包背有点累 2、系统是Linux，自己装win系统倒无所谓，可连驱动也要自己在从官网下载，无语 3、散热还不错，也算安静。但D面触摸板的部位比较容易堆积热量，感觉比硬盘的位置还要热一点,1
10449,全五星，一口气买了9个，客人用作都说好...50升和40升的，宾馆用.,2
10450,前台小姑娘很有意思，经常入住，都熟了，呵呵,2
10451,样子漂亮，键盘很帅，手感也很好 用了几天了，除了最上面那个快捷键按着没反应外其他的都还好 发货速度很快,2
10452,外观不错，女生用着很时尚！个人认为这样性能的和这样屏幕，这样价格的，就属它最好了！配了个雷柏的无线笔记本鼠标完美了！虽然说是塑料材质，不过真是对的起这份价格了，总不能这样价格要求弄个镁合金的吧！太不现实了！有高清支持，放家里客厅输出电视当HTPC绰绰有余！绝对超值！酷睿双核是个亮点，虽然发热有点大，不过总体上控制的还不错！有多合一读卡器，方便有数码产品的人！有摄像头，有内置麦！配件和说明书很全面！,2
10453,在网上偶尔看到别人的推荐，于是买一本看看，求的是轻松。那天正好坐飞机去北京，在飞机上我不停喷笑，努力克制，好歹也要装出“杜拉拉”型的职场白骨精形象。等下飞机的时候，刚好看完，却开始心里泛堵。总觉得像咬了口大红薯，虽然味美，但是卡在食道下不去，憋得慌。坐出租去酒店的时候，看到初春的北京还是处处冷涩，突然有种顿悟的感觉，北京的青春和南方的如此不同，彪悍之余还带着一点忧伤。,1
10454,合上盖子的时候感觉要很用力；vx600x毕竟不是VX600 多个X就差了好多、VISTA系统;酷睿变赛扬；所谓的ECHO亮度模式也没有；ATI的显卡驱动要先装.NET FRAMEWORK2.0反反复复,0
10455,给我感觉跳的不大好，我不喜欢她写的这本书，内容少，有许多一样的思想在书不同的地方出现很多次，但表达的意思几乎相同。有点骗人的感觉。,1
10456,"一点都不好看,也不好笑,讲的东西不实用,生活中不太会用到的!!",0
10457,这书的装帧很好的，既适合家庭收藏亦适合阅读了解。了解一个人，通过他的书信，而且是家书，再好不过了，而了解这个人也更了解些那个时代，那个社会，给我们现代人些许启发吧。而我从中也知道了他的学习习惯、方法以及教子方面。比较有收获。软精装的封面，封面要是每个唐老师那个照片就更好了，分上下册便于阅读。内里字体有分别：信是用的启功老师的手写字体，评点是宋体。,2
10458,1出风口热量大，比其他机型散热大；装机非常费劲，关闭sata还是不行，格来格去，终于搞定，3驱动不好装，但找好顺序基本没问题。,1
10459,仔细阅读了这本书，总体感觉作者真是一个明智的妈妈!父母对孩子的爱深浅差别不大，可是质量却相差很大。以前看过一句话，说今后孩子的竞争，实际上是现在父母之间教育水平的竞争。虽然现在还只是一个准妈妈，但还是庆幸自己早点看到了这样一本好书。读过后，结合书中大胆却非常科学的育儿理念，回想自己成长的经历，感觉受益匪浅。相信在今后养育孩子时，我也会尽力去用高质量的爱来雕琢这块美玉！,1
10460,隔壁印尼留学生们开了家小店，卖甜品香蕉，学生们都在模仿进店来的中国人反应:太贵喇！~~哪是，蒙牛与伊利就聪明多了，果粒加多多酸奶，还便宜又更好吃，还有包装，卖向全国。,2
10461,摄像头，麦克风效果不错 整体速度很好 装的Vista系统，驱动很全,2
10462,不带XP驱动，而且在网上很难找到，鼠标触摸屏驱动找不到，要正常使用只能用vista系统。挺麻烦的。 物流太粗心，送货都能把货忘在别的客户家里忘记送，无语。。,0
10463,不喝蒙牛,0
10464,酒店服务态度好，入住时有大型会议在此召开，房间无骚扰电话，靠近江边，步行十分钟即可吃到当地有名的三江鱼、坨坨鱼、西坝豆腐等特色菜。下次还住这里。打车十分方便，附近司机无人不知此酒店。,2
10465,蒙牛这香蕉牛奶太可爱啦,2
10466,"杜拉拉升职记语言简洁流畅，主线清晰，拉拉的倔驴脾气和聪慧、做事的专注给人留下时刻的印象，职场秘笈让我受益匪浅。可是第二部给人的感觉就不好了，琐碎，没有主题，拉拉的智慧不见了，执著也不见了。书变厚了，闪光却每了。故事最终的齐浩天访广州，拉拉不知道这个情节太失败了，拉拉不仅是HR,更重要的她还是行政主管，总裁出访，行政主管怎么可能不知道呢？说不通。",2
10467,这已经是我第二次入住该酒店了。酒店是在市中心，没想到这次入住酒店有了泊车服务，让人感觉停车很方便。办理入住登记时，前台小姐也礼貌热情。我住的客房是标准B，房间不错，退房结帐时行李员主动帮我提着行李，前台服务员操作快捷。总的来说，这家酒店很不错，听服务员介绍，该酒店还有更好房间，好象是贵宾楼的，下次我决定住住看那种房间。,2
10468,"入住前询问态度还不错,但是朋友说房间莲蓬头水很小,还漏水,吵的睡不著,隔天要求退房,也许是不同服务人员,态度很差",1
10469,好评！,2
10470,交通挺方便，服务也不错，附近走不远就有很多吃的地方，挺好，就是电梯需要用房间钥匙很麻烦。补充点评 2008年7月14日 ： 电视的台少了些，就那么十来个吧，还很多外国台，国内的地方台大部分看不到，这点不怎么好。,2
10471,蒙牛红豆雪糕，味道还不错~~~,2
10472,看过很多关于巴菲特的书，和这本书一样，基本都是写关于他投资以及和人交流的事情。但是，这些书都有一个特点，就是在巴菲特无论是购买公司股票还是与人打交道，都不会看到他急噪、愤怒和狂热的表现。他都是那么的心平气和，不追求明星股，不为牛市而狂热，不被危机而恐吓。也不以别人的态度而改变自己的风格。我觉得这正是我们都在学巴菲特，但是都普遍缺乏的性格特质。,1
10473,"乱七八糟,错漏百出,没想到当当还卖这样的书!",0
10474,这酒店很臭，我订的经济单间，房间小的可怜。房间除了床就没有其它空间了，挂衣柜占据了大部分的空间（我认为没有必要做那么柜子）。在那么个破地方，价钱就像是宰人,0
10475,我用2051这款手机，虽然颜色不多，但很柔和，感觉还好，没出现过死机现象。洁白的外身和小巧的样式是令我着迷的地方。,1
10476,用它我也没多记住什么单词啊！大家要是想学单词，有很多方式，没必要买这个浪费钱，我可是后悔死洌！,0
10477,确认晚了，还没安装，等售后装好后再来追评。,2
10478,"按常理赣州饭店应该是赣州最好的宾馆,但我错了!它是我住过的最差的宾馆",1
10479,"可惜不是宣传的1441X800,字小!另外,自提时当场验机,B,C面有灰尘,而且很多,难以想象!心理犯了叽咕,该不是厂内人拿外壳模块到家里装的吧!",0
10480,接口丰富，外观漂亮，性价比高（我在天津，自提比在商场买便宜），京东服务好。,2
10481,"我相信自己,不论怎么做自己才是真的认真过自己的生活在二十岁十如果不能精彩的去闯荡怎么能在三十岁 四十岁 再回到二十岁的心??在什么时期 做什么时期该做的事不去比较",0
10482,"此书还未收到,当当网何以让我写评论啊!",0
10483,书中的语句不知道是翻译的问题还是作者表达的问题，让人觉得有点别扭，作者提出的有些观点也不能认同,0
10484,就是电池的时间有点短，显示2小时，但到可30分钟以内时就基本得插电源了，否侧怕突然断电。连个包也不送，还得自己去买，呵呵。,1
10485,以前从图书馆借来看了一次，看完了一口气闷了好久。后来听说徐静蕾要把它拍成电影，不禁又想重温一遍这部悲情的孤曲。我想这本书的看点并不仅仅限于让读者跟着一个浪荡子回忆他的虚空人生，作者用他的无比精湛的表现手法，驾驭着这部短篇，纠着读者的心一步一步感受一个痴情女人的坎坷命运。连译文都能如此精到的传达给我，我想更不用说原文了。至于光盘么，还是文字的力量来的强大啊。,2
10486,一切如卖家所述，全五分。,2
10487,酒店环境、设施不错，空间比较大，有液晶电视，这个价格在香港应该还算不错的。交通也还算方便，bus比较方便，不过离地铁好像比较远。不过在香港如果5个人拼出租车是很算的（香港的出租车可以坐5个人）。周边也比较热闹。不错的选择。,2
10488,习武是为了什么？文武合一为道，传统并非只是文。我非常喜欢这句话：通神达化，备万贯一；理象会通，体用俱备。这也许是对武最好的诠释。书中有几个观点我非常认同：一：武非神鬼之说，而是实实在在的文化与艺术；二：武一直以它独有的脚步在发展，在前进；三：各民族都对武的发展做了贡献。看罢书后，我真想学习《磨旗棍》这门学有学有渊源的武术。可惜，我没有马先生的联系方式，留待有缘吧。,2
10489,1.按键偏小，手感一般，键盘背光灯不够均匀； 2.电池待机时间一般；,0
10490,这是本perfect的书！看到拉拉仿佛看到我自己，我现在也是一名销售助理兼行政主管，所以看这本书的时候我视拉拉为自己，其中人物的内心感受和我有惊人的相似，所以我更能体会主人公拉拉的感受和理解拉拉的举动。我也曾迷茫，是拉拉给了我前进的动力！作为刚踏上社会的我来说 总是感情用事，做事太直，我要不断吸取社会经验、为人处事知道，让自己不断进步。书中的很多道理是很实用的，有时我也会刻意要求自己怎样怎样做。有时我会埋怨，因为在公司看起来我似乎是最忙的，可是我的薪水依然是最低的。拉拉就是我的榜样，和我同行业的榜样，我要进步，只要我努力，我一定会进步！《杜拉拉升职记》值得阅读的一本好书！,0
10491,"手机系统差,容易坏.部分按键不灵活,半年后就会出现在大问题.",0
10492,我喜欢蒙牛红枣酸牛奶。,2
10493,就是声音太小，外壳容易脱落，,0
10494,我可以负责任的告诉大家：这是我到目前为止住过的最差的所谓星级酒店！1.服务差：态度差到极点，前台服务员在办手续的时候好像你欠她几千万一样。要么爱理不理、要么言辞恶劣。一句请、麻烦、谢谢之类的词都没有。这些词好像是要顾客对他们说的。2.环境差：房间虽然是低价房，但是也不至于连街边几十块一天的招待所都不如吧？里面的家具都是非常破旧的，连喝的水都要自己烧。拖鞋是塑料的，叫服务员送双一次性的来还死活不愿意。3.卫生差：房间里卫生很不理想，厕所里有异味。洗澡用的隔帘几万年没洗过了，都长了霉斑。最恐怖的是，床单上居然还有血迹！,1
10495,本书使用阴谋论的观点阐述了近代发生的所有重大历史事件的因果。揭开了金融这一新式武器的威力。我当初在一本小说中看到国本书的简介，感到很不可思议。购买这本书后，花了一个星期阅读完，感觉受益匪浅。对货币产生的破坏作用大体有了了解，再结合中国股市和楼市的涨涨落落，很有感触。也对新形式下的中国金融安全充满担忧。独立理财的朋友都应该看看这本书，假如金融危险来临，大家离安全门的距离也会近些。,2
10496,键盘后盖很松，操作时很不舒服！内存超级小,0
10497,如题..作者可以用不知所谓来形容.浪费了我的时间.她顶多也就是个白领.一个一点文采基础都没有的白领作家.看这样的书非常的后悔.想要在自己的人生历练下记录自己的脚印这没有关系.但问题是你还出书.....建议如果真的要出书的话.就要像付摇那样的水平再出吧.跟<输赢>比.根本不是一个级别的..再说一便此书太恶心.此人太恶心.不信的就买吧,1
10498,太恐怖了……太恶心了……誓死不喝蒙牛了…… 消费者喝蒙牛牛奶喝出活虫子 (来自 http:t.cn/zWk74O6,0
10499,纸质差，总体只比盗版书好一点儿。,0
10500,运行速度足够，电池续航能力也很强，但没有所说的9.5小时那么长,1
10501,不错的酒店，房间干净，安静（15楼）。客户请客就在酒店的包房吃的，味道很好。中式早餐略有不足，没什么可选，味道还可以。,2
10502,以前在学校读书的时候老板曾经带我们去过这里打保龄和吃饭等等，环境不错，房间也挺舒服，是闵行区比较高档的酒店,2
10503,机子还不错，没发现什么，就是4599特价时买下了。隔了1天现在便宜了100元，心里很不舒服，,2
10504,1.320G硬盘被格成一个310G，一个10G，够让人郁闷 2.宽似乎比一般的13.3宽屏还要宽,0
10505,本人觉得最大的BUG就是：在呼叫记录理拨打电话，是没有任何菜单可以让大家对所要拨的号码进行修改，例如：联通IP在号码前加拨17911，但是在呼叫记录的电话只能进行直接呼叫、编辑短信、储存等等，就是不能预置在桌面上进行修改，每次要拨长途都要用笔记下号码，再直接手工拨号，很麻烦！这个BUG让用开三星的我十分不习惯！曾经在之前的8280也发现这个问题，这个是否LG的通病？,1
10506,有了第一本书的铺垫，读第二本的时候开始进入状态。基本上第二本就围绕主角们的能力训练展开，故事的主要发生场地设置在美洲的亚马逊丛林。心里一直疑惑这和西藏有什么关系，不过大概看完全书才能知道内里的线索。其中描述了很多热带雨林中特有的神秘动植物以及一些生存技巧和常识，受益匪浅。能够想像出要写这样一部书，融合这样许多的知识，作者需要花费多少心血来搜集和整理并成文。,2
10507,蒙牛道歉,0
10508,通话时噪音比较大，电池使用时间不长，在光线较暗的地方拍摄效果比较差！,0
10509,作为商务经济连锁型酒店，总体还是过得去的，在这样繁华的区域，这个价钱也是过得去的。但是其他酒店在同样的价钱，提供更好的服务和设施，这就相形见拙了。总体让我觉得设施管理水平不高，这也导致整洁度不尽人意。房间本身设计就给人的感觉不清爽干净。浴室的设施也给人不卫生的感觉。是平庸的酒店。来到这样响的品牌的酒店，感觉失望。在同类型的酒店中，我按照水准的高低进行了这样的排序：锦江之星》宜家》...》莫泰。在宜家和莫泰之间还有省略号，就是说这里面可以有若干我不知道的，久悦不上台面。我只考虑锦江和宜家，这2品牌做到了品牌保证的效果。补充点评 2007年8月7日 ： 空调漏水！严重！跟自来水似的。好在是早上了，我立即把空调关了，然后用kettle接水，装了半壶水。,1
10510,1没有数据线，无法下载MP3，存储卡无用。2发送信息太麻烦。,0
10511,"根本就是家庭旅馆..还298+12基金...我去的时候刚好是国庆他们说在装修,把我安排在前面的民宅一样的地方..刚开始带我去6号楼，妈的根本不是人住的破..然后把我带回8号楼.大一点..而且这个地方离海很远,,到的晚上说明天会用车送我们到海边,第2天下大雨,说车不在，我朋友和他交涉,旅游的心情都被影响...被ctrip的照片骗了..这个破旅馆真的不是人住的!!以后再也不图便宜了!!补充点评 2007年10月11日 ： 298的房间ctrip上标有""宽带免费""..可那里根本不能上网..我带的那么重的电脑就白拿了..我有被骗的感觉!!",0
10512,"已经是第二次入住这家酒店了,感觉上还是第一次住的面对柳江的房间景观比较好,不过这次来酒店前面的路已经修好了,交通很方便.酒店的服务员依然一如既往的微笑服务,特别推荐一下30楼的旋转餐厅,夜幕降临时分来这里用餐,看柳江两岸的景色很美.不过这家酒店不适合打长途电话,1.8元/分钟,是我住过的电话费收费最高的一家.宾馆反馈 2008年8月7日 ： 非常感谢您对我酒店的支持和厚爱，柳州宾馆致力打造柳州性价比最高的酒店。 我宾馆按五星级标准装修的24-26楼高层观景客房即将竣工，期待您的光临！！",2
10513,"看了评论才买的, 结果发现不是那么的好,不太喜欢这种风格,儿子也不喜欢看,也许女孩子会喜欢这种书吧?",0
10514,外表换有什么用，内在也不换，反正以后不会买蒙牛了。,0
10515,希望作者出版更多的系列，如《恐龙是怎样穿衣服的？》、《恐龙是怎样上幼儿园的？》、《恐龙是怎样外出的？》.......以便给孩子们更多的建议。,2
10516,一本蕴含广博严谨深沉的论语，在于丹的诠释下，变得唯美而华丽，灰色的教条变成了华丽的文学盛宴。,0
10517,"房间太差,电梯爱坏,差点被锁在电梯里出不来,爬到六楼快累死了,再也不会住.强烈建议大家考虑其他经济型酒店,如家越来越差了.",0
10518,开始在网上看到连载该书，觉得不错，决定买来认真读读。拿到新书，书封暗红底纹，暗藏着危机预警。用心读完，觉得全书人物个性鲜明，故事性也比较强。不错，不错，实在是难得的好书。,2
10519,"酒店位置不错,不过靠近马路有点吵闹,因为窗户不是双层的服务员比较热情,当时要一个电热壶很快就送到房间里了建议酒店注意枕套的干净程度",2
10520,再次购买，还帮亲戚买了两个小水宝。店家还给了优惠。特别满意。还有客服大雄服务也很好。,2
10521,还是老宾馆好，闹中取境，环境很好，服务也好，这次春节去住，不小心把皮夹掉在宾馆，退房离开后收到宾馆来电，最后完璧归照，感觉非常好！以后去一定还住那里,2
10522,性价比很高，满足家用需求； 我用的是深度的XP盘，带sata驱动，不用改bios设置，安装系统很顺利； 没有遇到过看视频黑屏的情况。,2
10523,刚取的时候没发现屏幕有问题，拿回家之后发现右上角有一个小红点，运气不够好，不过不影响使用。后来用的时候，看电影时偶尔卡机，不知道什么问题。,0
10524,客房和前台服务都不错但酒店太陈旧，房间不如一般3星宾馆，阳台卫生间极小位置也不好，花园泳池都很小尤其要说的是酒店花园里的餐厅，叫东海渔家还是东海渔村的太黑了市场8元一斤的海瓜子，他卖50元一斤，还少秤味道也差一盘炒黄瓜要18元根本是露天排档的环境，桌子都脱漆摇晃了很过分,1
10525,"我是先看到朋友那借到这本书，认真研究过,发现好,才有购买的欲望,也发现有很多不同的版本的，所以我上网寻找到自己要购买的版本和我朋友的书一模一样时，就在书旁选择了你的书,即使价格方面比别人贵（你是18元，不同版的一般是16.5元,16.3元,15.9元都有）我也愿意买,谁知收到货打开时,还时钻石版,为什么不是与你挂在网上那个普通版一样的呢,真有点被欺骗的感觉,我想换行吗?你给个联系方式吗?我们能否沟通呢?",0
10526,华硕出品，做工精良，手感好，外形时尚。本人一年前开始用华硕EPC900，相比之下，EPC 1000HE的键盘手感比900的要好，尺寸大了，男士也用得舒服。还有，1000HE的触摸板用起来很舒服，华硕对人性化的追求是从没停止过的，每一代的产品都令人惊喜。最后，该款EPC的卖点是电池续航长。尽管实际上没有9.5小时，但是用上7个小时是没问题的，完全可应付移动办公，比EPC900的1.5小时提高了不少。,1
10527,《楚辞》文化知识的学习和研究是大学语文普遍涉及的领域；屈原所代表的时代精神值得后人深思和学习；此书是目前对《楚辞》注解最全面，最权威的著作。其所涉及的知识层面无论广度或深度而言，是很符合一般具普通文言知识读者的。中华书局历来在编排文字及版本上尊重原著作者的写作习惯及初版结构，于是此书更具“物以念旧，人以求新”的感情诉求问题。,2
10528,原来是我浮躁的心使我不能欣赏如此的好才气！重读《今生今世》，竟是又一番滋味。张爱玲说，零用我的名字推销胡兰成的书，不能不避点嫌疑。然而，读胡兰成，是绝没有遗憾的。且不说说他用情浮泛朝秦暮， 单就他的盖世才情便让人不忍心一棍子将他打入十八层地狱。张说，对女人没良心的男人尽有在他方面认真尽耻的。胡便是极好的样本。他称张为“临水照花人”，寥寥数字，而张的境界全出——孤傲，敏感，卓尔不群，却逃不过心灵的篱栅。,0
10529,东西不错，很好用，安装师傅服务也很到位，很热心，赞一个！,2
10530,模具做工不错，键盘手感好，完美屏，ACER旗下的质量应该可以保证，保修3年，总体性价比很高！,2
10531,"后悔买这本书,有些幼稚,没让我笑起来!",0
10532,"交通还比较方便,价格相对便宜,但是设施有些陈旧,没有网络可上网,服务生的素质相对较低些,如果重新装修在这个位置应该还是不错.",1
10533,1.机器本身没有XP的驱动，找驱动费了好长时间。官方网站也没有xp的驱动 2.触摸板无法锁。,0
10534,刚收到货，从发货到收到很快，机子很好，没有什么磨损。而且配置都如产品介绍所说。可以说是相当棒！,2
10535,装机要改BIOS 散热不怎么样 3dmark06运行未响应，可能是amd的cpu要装补丁,0
10536,请问代表，蒙牛伊利没任何毛病，有毛病的是谁?,0
10537,"第一次买这种所谓的畅销书,本来想受教育一下,可能哲学类的书看多了,感觉作者写的很没大脑,平淡如水...一本好书,要么能在书中受到启发,让人学会思考,要么就纯粹的务实,这本书读起来就是小女生写的东西,既不长学问,也不务实,纯粹的纸上谈兵,比较肤浅.不值得阅读..换句话说这样的书都上不了我的书架.看这样的书就是浪费时间.",0
10538,屏的色彩偏淡。 原以为用正版系统不错，可惜，只有一个分区，非常不方便，太不人性化，打电话给宏基售后问能否帮忙分区，回说须交1百元重装系统。晕！诚心让顾客多掏钱？网上下个XP，用USB光驱，搞掂。,0
10539,电池不错，续航时间比较长；带XP操作系统，对于上网小本来说，功能足够了。,2
10540,"以为曾经是排行榜第一的书一定不错,结果,拿到书后,非常失望,印刷一般,纸张也一般,内容......提起内容,只能是消遣一下的书,有些理论是十分错误的.这本书迎合了大众的心里.但是,作者这种不负责任的态度,让人太失望了!不建议大家买这本书!!非常失望!白花20来块钱!",1
10541,再也不买东信的东西了！我2003年4月买的，一年多了，几乎无法忍受！1、信号特不好，在同一房子里东信没信号，其他的有信号。2、总是在电源充足的情况下自动关机。3、通话质量也很差，通常只听到字的前半个音。4、售后服务不好，我在本地电信局买的。不能换，只负责维修，一修就不知道要几个月。5、不能下铃声，不能下图片，作为一款新出炉的彩屏机真失败，连早几年出来的黑白机都有下载功能。6、电源盖总是盖不紧，容易进灰。7、待机时间太短，我一般是用一天就要换电板。8、背景灯时间太短。9、游戏太少太烂，俄罗斯方块操作设计不方便，玩过的朋友都说烂。10、打电话时如果来短信，仍然是短信原始声音，耳朵不被震聋也会暂时失聪一段时间。11、反应迟钝，看以前的短信要等待几秒，取消拨号也是要等待几秒。,0
10542,LED屏幕  很薄 外观造型不错 配置满足主流应用 性价比不错 提供了外置光雕刻录机 很方便 重量控制的还可以,2
10543,这本书故事情节不是很强。人物简单，说不上有什么波折。亦舒新经典中，已经很少有《喜宝》，《我的前半生》那样一波三折，一唱三叹的故事了。不过，主人公在主持信箱过程中，表现出来的思想，与处理问题的态度，还有很有意思的。不用学不必学，因为有些未免极端。作为书架上一堆亦舒的小说中的一本，这本的确是为了买而买的，谈不上喜欢，也谈不上不喜欢。等下次有心情翻起，不知道是何年何月了。,2
10544,我是一周前预订的，但到酒店后，却被告知没有收到携程的通知，所有人在交涉了整个晚上后最终我们自己解决了住宿问题，我觉得是因为当时去的人比较多，这家酒店就在死赖不给我们房间，以便他们自己卖得太贵。整个过程携程的服务也特别慢。这个酒店的房间也很差。,1
10545,待机时间太短了。虽然说明上是150小时。但实际应用中根本达不到。通话或翻开盖时电池消耗极大。电话多的话，一块电池最多二三十分钟就可把电耗尽。,1
10546,没有有价值的技巧和方法。。。网上随便查查信息都比书上的全。,0
10547,"预装系统居然有另外两个盘符：Recover和HP_TOOLS,如果自己再增加两个，就会显得盘符好多",0
10548,1。送货慢，19号订单，20号打款，28号到货 2。联保单不填写，不盖章，送来的联保单没什么用， 3。没什么中文说明书，有两张纸，什么文字都有，就是没发现微星的任何标识，电池不是原装，我怀疑是水货,0
10549,那本英文单词的书还可以，其它3本不好。,0
10550,已经多次入住了，但是这次的入住十分不愉快！07-06-8周末到的，加班赶一个文件到了晚上12点多，正准备发邮件，发现网线不通了，于是向酒店反映。结果服务员找到了值班经理来，一会说没有办法，一会说是电信的问题。我说我一定要发这个邮件出去。但是她说没有办法，IT人员回去了。我说是否可以请他回来。她说太晚了。然后就说帮我找个房间上网。我在房间等到1点多，还没有回答，就电话去问。结果那位经理说没有办法知道哪间房还是好的。我很生气！找不到居然也不通知我！让我在房间苦等！最后说可以让我到商务中心去发。这个酒店，或者说这个经理的服务意识也太差了：居然可以把客人折腾得上上下下，而自己的员工可以在家睡觉！看来我是要重新找一个地方了！,1
10551,大清早就吃鸡腿，真好吃，我都不知道三凤桥是哪，不过这个礼盒算是肉，八个肉菜，好吃好吃。江哥还给我送早饭了，蒙牛纯奶还换包装了，我居然都不知道，是有多久没有喝过了,2
10552,1、预装的是VISTA，换系统要折腾一番；  2、触摸板不好掌握；  3、,0
10553,作者有明显的自恋倾向，只有有老公养不上班的太太们才能像她那样生活。很多方法都不实用，还有抄袭嫌疑，没意思，没买的可以省省了。,0
10554,单人间实在太小了，桌子柜子都没有，连放旅行包的地方都没有，吃饭只能坐在床上，拉唯一的椅子当桌子，不通过携程预定的话，这个房子150只要98，算特价房了！,0
10555,听别人介绍了说挺好的，我就买了，但是儿子一点都不喜欢，我也不怎么喜欢，呵呵,1
10556,本书综合性的向我介绍了马利坦的思想。其实不仅是这位新托玛斯主义哲学家的思想，而且是对整个传统和古典思想的继承与发展。就凭这一点，本书值得一读，而且要细读，因为它的综合概括性很强。所以，依本人的拙见，本书可以作为对西方传统哲学思想的“开胃酒”或者是“饭后甜点”来读更为适宜。祝各位爱智者能从阅读中得到真正的享受。,2
10557,果然如同其他会员们所说的：位置优越，但不太好找。让我体会了一把京城小胡同的韵味。周围还是在拆迁。酒店感觉较温馨，要是能够在每个房间里都放上吹风机就好了。还是值得向朋友们推荐的。,1
10558,都是谁说的好啊，我也买了。可是看不懂，我妈看了也说没啥用。哎。。。。。。。。,0
10559,我买了一年还没到就出现了好多问题，真气人。1、每次电一用完都要重新设时钟、日期，很麻烦。2、电剩一点点时，闹钟不行，我好几次都因此而上班迟到了。3、太容易进灰尘了。4、最近发现电池用完了充电后再开机连原先设置的屏保图案也变掉了。,0
10560,酒店位置不错，位于泉州市中心。酒店硬件还行，比较新，另外工作人员的服务态度也不错。不过唯一不好的就是早餐的品种太少，而且质量一般。,2
10561,不知道是什么原因宝宝不太喜欢看呢.,0
10562,电源适配器温度较高，触控板不灵敏，左右按键生硬，重量较大（6芯电池，鱼和熊掌不能得兼啊）,0
10563,蒙牛的奶够难喝,0
10564,个人不推崇上网本，觉得有点鸡肋，帮朋友买的。。 试用后感觉适合手比较小的人使用，至少我自己打键盘还是觉得不太舒服，而且容易打错。。 续航时间比其他上网本要长很多，大约在6.5到7个小时，虽然没有达到宣称的9小时，但已经是不错了。,1
10565,我只想说，这本书是一个无耻之人的无耻自白。胡兰成这种人那时候有，现在也有。 贪婪混浊，自私无耻，还倍拿自个儿当根葱。,0
10566,1发热厉害，用一个小时下面就烫手了，Dell的3000出头的笔记本一天也没这么热，有点害怕  2机器感觉挺单薄，塑料感挺强  3电池续航不理想  4 驱动是vista的，xP的要自己找，有点麻烦,0
10567,不错。,2
10568,"我是今年1月1号买的，三天就无声，还不给换（承诺是7天包退，15天包换）商家和售后相互踢皮球，差的把我跑死！过年老没信号，舅舅一打电话老说是关机要么打不通，（我的卡是全球通，基本不关机）掉漆掉的吓死人，铃声和图片说的是可以下载，我找了一个月却一个也下不来（我用的是宽带100M/s),至今我还没发现通话时间可以达到180分钟（最长的是充满电6小时可以打100分钟），待机2天就不错了，按键反应还不如乌龟爬，还没有手机密码和短信密码，没有隐私保证。声音小得要死。",0
10569,《120917蒙牛酸酸乳新人盛典 EXO获奖部分》 这是新人盛典孩子们获得新人奖的全部11分钟 想送给所有已知陪在他们身边的每一个你！ http:t.cn/zloDvQz （分享自 @土豆网娱乐）@mark,2
10570,1999买的真是够便宜，做工不错，用了几天很满意。不会比熟人的3999的dell上网本差。,2
10571,蒙牛出了香蕉味的牛奶味道不错(&gt;^ω^&lt;)喵,2
10572,放假连续两日系度奋战呢本书，确系搞笑！里面既男女主角都几贴紧生活，虽然我未接触过黑社会；至于女主角，身边都有甘既人存在。其实失婚女人没什么大不了吧，能够认清楚呢一刻身边既最爱，已经好好啦。男主角都系，关心爱护心上人。我中意里面男女主角一起既情节，距地既对话有时同身边既朋友好相似。吾错啊！希望作者可以再写多点类似搞笑，但又贴近生活既作品。希望大家都中意呢本作品啦！,1
10573,外观还算新颖时尚，性价比不错，待机时间也令人满意,2
10574,1VISTA系统真的很慢，而且很多东西用起来不习惯 2运行时硬盘一直有响声，好在声音不大 3对于14寸的本来说真的挺厚的，和我原来15寸的compaq比了下一样厚 4警告音很响 5硬盘只有一个分区,0
10575,内容和见地一般，说教太多，很失望。,0
10576,一进房间就有一股霉味，后来发现马桶水箱出不了水，两次让服务员来修理，还是不太放心，而且对服务员的态度也感到不满，于是在前台要求更换另一楼层的房间，可是换过了的房间，可能很长时间无人住过，下水渠散出很浓的臭味，真让人不适，还好，这层的服务员还算很认真地用水冲洗了浴室，到了晚上我们洗澡后，又发现有水从床前的木地板夹逢渗透出来，相对这样收费却又如此的质量，真让我无话可说了。,0
10577,整体感觉不错，房间不大，色调温和，床松软舒适，刚去过，室内温度挺高，洗澡水放几秒就有热水出来，比有些酒店强多了，早餐差点，不够40大元标准，尤其是做煎蛋的人老不再，住了三天没吃上煎蛋。结帐较慢，上午10点多结帐前台只有一个人，管理需要加强。,2
10578,"到货很不准时,写明休息日,却在工作日到。而且快递还威胁一定要收。投诉客服也没有回音。只好寻求媒体的帮助。看来这是最后一次在当当买东西了。",0
10579,在整个一本书中，色戒只有几张纸。用它来做整本书的名字，太过分了。,0
10580,这个价位的机子有这样的效果应该说性价比还是不错的了！,2
10581,“睡觉，睡觉，总是睡觉，生活中应该有更好玩的事情可以做”。这句卡梅拉的经典已经被我儿子纳入他的口头禅。他也不想我总是让他这样或那样。他要以自己的方式去生活。虽然他显得“不听话”了，但作为母亲，他从小就学会自主，我感到更加开心。,1
10582,"由于五一当天决定出去玩, 订晚了, 只有三家酒店可选择, 就选了这家.优点: 酒店在青山湖边, 房间要选临湖那面, 感觉还算清静, 酒店的绿化还算好.缺点: 房间设施太过简陋, 顶多是个普通的招待所的标准, 卫生间太简陋, 那个马桶简直脏的吓人, 不是打扫的不干净, 不知道是用了太多年还是质量太差, 整个马桶都是乌其麻黑的.不要在酒店吃饭, 太湖源, 天目山景区里有农家乐, 找停车多的那种, 价格公道, 材料新鲜, 那个土鸡汤味道真实鲜得来...",0
10583,我是在看了大家的评论后买的这套书。因为我儿子最喜欢看书，所以家里买了很多书，尤其是大家评论不错的书都有。先买了1-30册，准备买后面20册。孩子现在两岁3个月，他很喜欢熊哥哥和熊妹妹。对孩子的行为也有很好的指导作用，呵呵。比如“科学饮食”这本，看完之后我儿子对健康食品感兴趣了，我很高兴。我和老公认为这上面的主人公形象不是很可爱，但是儿子还是很喜欢，呵呵。总之，这是一套值得购买的好书。,1
10584,每天一盒蒙牛未来星妙妙，健康活力一整天~@楊小帥-,2
10585,周边不算很繁华，基本是在市中心的外围了，交通很比较便利，很好找。我订的是行政大床房，房间一般吧，但不够大，价格不算低，早餐品种偏少，游泳池不小，但没带泳裤，没去试试。服务水平还可以，总体感觉达标，价格合理一些，以后还会考虑入住。,1
10586,一直都想给儿子买国内的科普读物，但是都没有买，原因是说教味太浓了。其实科学应该就在平时的生活之中，就象这套书，让孩子很快就喜欢上它。所以后来科普方面的书，都买国外的了。那时儿子5岁时别人送的一套《中国少儿百科全书》内容是蛮多的，也很严谨，但是太枯燥了，孩子这多年了，都没有动过，还象新的一样。倒是这套书（1-3）都翻的旧了。,1
10587,没有想象的好，书评过渡吹嘘，书很大很沉，画面很雷同，可能是美国早期作品，已经过时了,0
10588,1、键盘较硬 2、没有蓝牙 3、A面是个指纹收集板 4、声音较小 5、随机没有附带光盘 6、屏幕效果似乎有问题（也许我还没有调节好对比度） 7、显卡性能稍弱 8、没有1394口,0
10589,适合年龄20岁以下的女人阅读，大了就不用看了,0
10590,第二次入住了，感觉不错，健身房，游泳池都很好。但这次入住有点小问题，早上六点的时候，有服务员莫名其妙开门进来，然后又出去了，几分钟后又进来，问是否退房，晕！当晚给我房间送了份鲜花算是道歉吧，让人感觉还不错！另外，他家按摩的金师傅水平确实可以，强烈推荐！,1
10591,外观：钢琴烤漆，不耐脏。性能：没什么特别感受（XP）送礼包“都很好，除了少了个键盘保护膜之类的。,0
10592,"1.BIOS中AHCI功能默认是打开且无设置项,XP无法正常安装! 2.光盘中XP的驱动版本不全! 3.出风口温度较高,不过独显的本子大都这样.",0
10593,"一个多月还收不到货,我非常不满,请问换了你们 你们会怎么想?",0
10594,内屏材质为STN，不及主流的TFT！铃声音色不好，高音时还有失真现象！不支持MP3播放器！机身内存小，只有1.5MB！短信容量小，只有50条！短信不支持群发！电话簿项目少！,0
10595,地理位置还可以，在西湖边上，附近有一些大排挡，饮食也比较方便。酒店服务很好，服务生和前台人员都很热情，房间大而整洁，价格性价比高，如果下次去西湖还会入住。,2
10596,外观不错，感觉比A800那种正统外形显得活泼多了，喜欢！屏幕比较大，色彩也好，就是拍出照片效果一般，色彩不均匀，可能因为这几天我们这边阴天的缘故吧？！在室内光线充足的地方还可以的。我最关心的是声音效果，但外放感觉有点次，高低音仔细听都能发音质不纯净，用耳机的效果还行。全触摸屏很爽哦~~,1
10597,轻便，而且样子不错，速度也很快，送的内存已经装上了，杀毒软件也用上了，小黑鼠也很喜欢，不错。,2
10598,不值得这个价装修很一般酒店外是烧烤一条街早餐非常简陋，没啥吃的。下次决不选择它。连申请延迟退房都不肯,0
10599,"该酒店服务较好,位置也较优越,但出租车大部分不知道怎么走.",1
10600,我好喜欢蒙牛的广告,2
10601,饿得肚子一直在叫，无奈，爬下床，翻箱倒柜找储备粮食，找到了三个法式小面包，一瓶蒙牛，果断进食ING,2
10602,每次喝酸奶的开始和最后都是要舔滴，小时候只敢在朋友面前这么喝，长大了脸皮厚了，在哪都敢这么喝！ps：为了省钱，从蒙牛伊利变成光明、现在已经开始喝新希望和君乐宝了！≥﹏≤,2
10603,1、C890的外观，设计风格简约大方，蓝银两色搭配让整体的商务感觉增添了一些时尚元素。2、键盘设计比较大方，键与键之间的距离比较宽大，而且每个键都比较大，操作比较方便。3、淡蓝色的键盘灯在黑夜中显得相当柔和，长期使用也不会觉得刺眼。 4、65536色STN彩色屏幕，显示效果尚算令人满意，显示文本字体都比较清晰锐利。5、16和弦的铃声，由于机身配备了独立的扬声器，音量与音质方面尚算不错。6、电话本有来电大头贴功能，相当可爱俏皮。7、800mAh 的锂电池，正常情况下待机两天左右，持航能力中规中矩。,2
10604,商务机应有的稳定，声音较轻（具体有待日后使用中检验）联想的售后服务非常好，电话客服非常耐心周到。,2
10605,余华的活着是上世纪的作品可是对于今天的读者还是有很大意义的。主人公福贵的一生坎坷崎岖，但是他还是坚持了下来，他的亲人一个一个离他而去，他心里要承受多大的打击，可是他还是坚持他觉得他是替死去的人活着，为亲人而活，活着是一个很神圣的话题，对于今天的人们，来自各方面的压力非常大，但如何去处理呢，有人会活着，有人会自杀等等。相信看了这本书会有所启迪吧,1
10606,六六，我又来帮你维权了 蒙牛高钙奶继续变质，称是工作人员疏忽。,0
10607,"酒店离市区比较远,不过在尖沙嘴一个小时有一班车去酒店,房间内设施比较陈旧些,但是外部环境非常好,空气也很好,出酒店不远处就有沙滩,非常适合去渡假,早餐的品种也比较丰富.下次去还会去住,那里的环境真的非常好.比如心酒店好多了.",1
10608,姑且不说张爱玲本人写的这篇小说怎么样，现在就《色，戒》这本书的情况说一下自己的看法。此书封面设计还凑合，但当打开书的时候才发现只是最后的一篇几页纸的部分才是真正的小说“色，戒”，一下子给人一种上当受骗的感觉。而做这本书的公司的成功之处就在于这本说做了一个塑封，让读者在买之前根本看不到里面到底什么内容，买了之后大失所望。正赶上《色，戒》这部电影的热映，也带着这本书卖起来。因此，这本书从操作发行出版方面来讲是不能称其为“书”的，只能算做一个比较成功的商品。,1
10609,酒店前台的小姐服务很不错。我订的房间没有，主动给我免费升级到行政楼层。酒店的自助餐很有特色。很不错的一个酒店。,2
10610,碰上酒店做活动，加了40元给升级到行政房。房间还不错，比较新。服务员是实习生，不熟练但态度认真。前台态度也不错。不过房间有些状况。到半夜无奈要求换房，后来也同意了。总体感觉还是不错的。酒店地理位置也不错，如果价格再便宜些就完美了。,1
10611,几乎没有什么功能，连基本的短信群发和MP3没有！,0
10612,這本小書，雖然文字短小，但是思想的含量確實是很大。其實，最初根本不知道常乃德為何許人也，後來偶然間讀到他的這本書，愛不釋手，立馬購買了一本，這本書需要慢慢的品讀，有些話不是立馬可以明白的，不過在瞭解了中國思想發展的脈絡之後，這本書對人非常具有啓發性的。對中國思想的論述，不乏精彩之處，在此不一一指出。自己感覺可以與葛兆光的《中國思想史》并讀。,1
10613,太差了！！！不知道怎么评的四星！！！肯定贿赂了评酒店星级的人。,0
10614,"我希望携程能多去找找性价比高的酒店,我是冲着四星去的,结果房间里是我想象不到脏乱差,首先进去一股很大的烟味象是前面入住的客人刚走没有来得及清洗,第二马桶的水下不去,淋浴的喷头及龙头是坏的,叫服务员换房间,前台却说你自己下来换,不知道整个邢台市还有有别的好酒店,我都服了,下次不去住了好在携程的服务还好,价格比前台问的便宜!",0
10615,显示屏效果不错。防滑边框新颖。拍照功能还可以。支持自编铃声。,2
10616,暂时还没发现，就是预定时间让我等太久了，下单到拿到货居然长达一星期。我晕！,0
10617,"书的内容是不错,就是在书送达的时候书角有轻微的折损.这本书最初是在网络上看的,但想买的时候已经无货了,现在又重新放了上来,顾买来收藏,供闲时翻阅.其实对于一个女子来说,一个男子能写出如此细腻的文字确是让我大跌眼睛.清清淡淡的却又令人感动至深,没有多么的轰轰烈烈,却是摄人心弦的.就如其他人所说的,最终是有丝给人尚未完成的感觉,总觉得还有延续.但故事是写不完的,书却总是要个结局的.. 不错.",1
10618,"这本书好畅销啊,虽然平时不大喜欢看这方面内容的书,但在当当上看到这么多推荐读它的评论,也忍不住买一本来读读看了",1
10619,屏幕大，本本薄。自带数字小键盘，比较少见。声音也还过得去。usb接口多，有四个。独显看高清很好。运行速度也还可以，性价比高！,2
10620,我是一位武汉的顾客，我儿子今年9岁特别喜欢看书，我是通过朋友的介绍来当当网看看，听朋友说你们的商品质量不错，价钱也好，我抱着试试看的态度定了两本，真的很不错，很开心你们能在这短的时间把书送到我的手里，而且书的质量也不错，看来我以后会取消到新华书店买书的机会了，从今天起我会成为你们的忠实顾客，而且我也会给周围的朋友介绍你们,2
10621,轻便，不过12的本散热还是个问题，用时间长了，键盘附近热气袭人。整体感觉不错，不过硬盘没分区只有一个C盘，1G跑VISTA兼职就是扯淡，建议其他朋友加到2G以上。预装的软件有点多，开机有点慢，不过可以接受，建议优化下启动项。,2
10622,作者的理念很好，主要是看一个公司的内部情况来决定股票的情况。操作比较难，作者也承认，所以他说还是让基金经理来做书中的事情吧。对我启发不是在于买股票，而且如何做企业，如何培养员工；我想刚毕业找工作的学生应该看看，你到底应该区一个什么样的企业工作；以后会当老板的，也应该看看，如何对待员工，如何对待企业等等。作为股票类的书，我觉得应该是三星；但它给了我其它方面的启发，所以加了一个星。,1
10623,豪华阁的客房和普通客房差距较大，普通客房都显得比较陈旧，经常听说外国客人遇到房间免费升级，中国人倒是没有遇到过！,2
10624,这款手机的翻盖上的白色真皮装饰相当迷人，并且因为配上了一些暗灰色的线条，使650的美感突现出来，当然，较薄的机身设计与白色的外观色调也起到了调配的作用。此机的机身尺厚度仅有15mm，这在翻盖机中已是相当轻薄的了。手机标配的电池为800mAh锂电，连续通话时间最长可达到250分钟，连续待机时间最长可达到150小时，这个成绩相对来讲还是很不错的。,2
10625,外形稳重大方,2
10626,环境很不错，。。淡季携程的价格也蛮有诱惑力的过程中遇到了一些问题，。。不过携程还是有一点影响力的，。。在反复督促下，还是比较圆满的解决了。。。表扬一下五星级确实不错，温泉值得一泡。置身于森林中，。。面向翠湖，。。细雨纷纷，。。和热腾腾的汤池。。。十分享受。。。由于是内陆城市，。。消费水准还是低于沿海城市的酒店的服务意识不错，。。性价比很高。。,2
10627,这位姐姐对这本书几近痴迷。我不好这一口，没有耐心看它。纯粹表扬一下这次送书的效率和质量。起码书的品相不错，好过我前两次购书。希望以后能保持。,0
10628,既然叫朗读手册，应该是一本可以朗读给孩子听的书吧！翻开才知道原来全书都是在围绕“大声为孩子读书吧”这8个字写得废话，只有最后几页读给孩子听的推荐书目列表还算有点用处。总结：这是一本毫无价值的标题党垃圾书,0
10629,1.房间内有很大的气味（可能是墙纸胶的味道），简直无法入睡！2.晚上窗外路上有拖拉机来来往往，若开窗则声音扰人。3.早餐品种少，一般。4.酒店入住停车还要另收停车费，而且车就停在门前的路边，与别处的酒店不同，郁闷！5.房价350在平顶山属于特别高的，该酒店签约价低于300元，看来携程的价格也不底。宾馆反馈 2008年2月29日 ： 尊敬的顾客您好：针对您以上对我们酒店提出的意见我酒店已做出了相应的改善：1、我酒店房间于2月10日前全部进行了空气治理，去除异味；2、停车收费只针对过夜车辆；3、早餐品种已做出调整；4、其它问题我们更期待您能到我们酒店亲身体验。非常感谢您对我们酒店的关心支持！并希望您能一如既往的支持我们！,0
10630,本来是想买回来送好朋友的，可是翻开一看，内容也太简单了，就是画了些小汽车，小动物什么的，就退货了。,0
10631,电池待机时间短，翻盖太厚。不能翻页（在看短信，查电话簿）。,0
10632,当时是同事极力推荐这本书。我看到网上的介绍和那么多的“名人”位置鼓噪就觉得忽悠大于内容。同事不甘心硬是买了来看。。果然，看后大呼上当！,0
10633,蒙牛已经中枪无数次了孩纸。抵制蒙牛一年了快。 蒙牛老冰棍也挺好。 老冰棍也不能吃了。有谁知道八喜跟和路雪安全吗? ,0
10634,买了此书，装帧还行，没有彩色插页，书的文字内容略显空洞，总之在这么多类似书籍里，这个价位，还是不值得购买的。,0
10635,"刚刚从海天回来,住的东楼15楼的标房,窗户很大,坐在窗边朝左是海景,朝右是山景,海天酒店夹在东海路和香港西路之间,风景很是不错.如果选择住在香港路附近的,这家无疑是窗外景色最美的了.床和枕头都挺舒服的,厕所有些旧,但是热水很稳定,打开就有(人家是五星级的好不好!) 15%的服务费贵了点,入住的时候你自己去找自己的房间,行李更是没有人管,这点有些愧对那么贵的服务费了.门童给叫得TAXI一律起步费10+1元，建议大家不要坐。自己走几步去街上叫，起步费8元。电视机是在是小了一点，大概才18寸的样子。离开前一个晚上会送2块小饼干，和一朵小野花。。。呵呵，酒店的吃的倒是不贵，就是+15%的服务费就有点。。。。。。总体来说还是很不错的选择。去各个景点都很方便，机场的巴士半小时一班就在酒店后门，没事在房间里发呆还可以看海，700块一个晚上。",1
10636,以前没有读过毕老师的书，因为对心理比较感兴趣，所以先选择了这本书，看了之后较失望，都没兴趣再买她其他的书了。我认为这本书写得不到位，一个心理师的成长有这么简单吗？难道真是啥水平的都可以，只要有一颗心？看了之后你还敢去找这些中国的所谓的心理咨询师吗？老实说我不敢！,0
10637,个人认为对人物刻画比较细致和真实，身在官场中的人可以看一看，也并非没有可取之处。其中深意只可意会不可言传了。虽然这样说，仍然觉得看起来心情会比较不那么轻松，可能与自己有点悲观主义有关系。这种书看看无妨，至于有的人说里面情节假什么的，我倒觉得，大可不必深究，对于其中情节，也不必对号入座。至于其中值得学习之处，也是各人拿来各人用,2
10638,"1、一个最突出我不太能接受的就是屏幕反应比较慢，尤其是打电话时拨通了一会才显示接通，虽然不影响通话，如果只听不看也就包容了，但就觉得很不爽。挂断时也是按了好久才有反应，不过我不用按很多次，因为我知道只是反应不过来而已，只是要等一下而已。还有在发短信时也会出现这种情况，明明已经发送出去却还显示正在发送中。2.翻盖存在白屏现象，虽然没有网上说的那么可怕，但我还是不能接受，尤其是有人在旁边的时候，觉得挺尴尬的。3.通讯录查找没有我以前的诺基亚的好用，诺基亚只要按照姓名的拼音一个一个字母输入就可以找得很精确，我用得很顺手，自我感觉比三星还好，索爱的只支持首字母查找，而且每次关机后都会默认成英文查找，就找不到中文姓名，只好每次开机后查找都长按#键，转为中文，实在是不方便。4.外显示屏很容易进尘，周围的玻璃框有尘土进入，主要是我买的是白色的，所以觉得很明显。并且外壳好像很容易磨损。5.汉字显示似乎普遍过于粗糙，特别是那个“四”字，扁扁的，丑。6.虽有蓝牙，但没有带数据线和耳机，这点的确很不好，不知道为什么会这样，买的时候，送了一堆线，可是却不是这个型号的，不明所以。7.还有些地方，比如一些人说的摘下SIM卡再换上,时间日期都会归零,这个问题我也遇到过，但我不经常换卡，因此这个问题也没什么。",1
10639,我女儿3岁多，这两书买回来后，天天吵着要做题，说她喜欢奖励。动不动就说，我要把这本书都做完，再吃饭或睡觉等。这两本书比我以前买的《全脑开发》要好，题目有趣适合这个年龄的孩子，而且有贴纸，有写有画，边做边动手，特别提一下设计的卡片很好，别的同类书上没有。只有一个缺点，是不是太厚了，可以分成几册，因为我女儿总是说“要一下子都做完！”,2
10640,我喜欢纯牛奶啊 还是蒙牛的啊其实对于爱情，越单纯越幸福。,2
10641,没有太多的衍生，感觉一般，没什么特别的感觉,0
10642,服务好，前台接待员挺热情。环境相当不错，楼下就是公园。早上转了转，看到一群MM在做健美操，意外收获：）早餐比上次好很多，新加的番茄鸡蛋卷很好吃。晚上上网网线太短，打了服务电话不到两分钟一位帅哥拿了一条超长的。心中窃喜：；）一个字“爽”下次还会住！,2
10643,尽管是四星的宾馆，但这里的服务员都不会笑，不知是何原因！！早餐差劲不说，冰冷的馒头要求打热一下都遭到拒绝。服务太差！和四星的标准根本不符。,1
10644,房间比较陈旧，没有无烟层，商务间和会议室在一起，白天环境很差，早餐非常简陋，服务态度先不说，单就服务质量而言就很不令人满意，客人大部分都是国内来开会的，不推荐个人旅行者入住。,0
10645,"总的来说比较满意,到店较晚(19:30才到)不仅没有要求确认信用卡,反而因为没有预定的大床房,免费升级为套房.房间可看到古运河,夜里的灯光相当美丽.酒店到景点即瘦西湖\个园都很近,南通路向西500米向北拐入汶河南路穿过市中心的文昌阁(文昌路)大约3公里就是北护城河向西即瘦西湖,向东即个园.原来以为西园酒店不错,看",2
10646,"这个酒店总体不错,安排的房间正好可以看到海,就是普通话好像很难沟通亚~下次还会订",2
10647,外观时尚，软件比较合理，用耳机听音乐音质比较好,2
10648,酒店去开发区比较方便，离市区比较远。酒店的服务和设施都很不错。超级可爱的是卫生间的电控马桶，尽管没有烘干功能，中国人也还可以用其他功能，老外就不敢用了，因为标示均为中文字。一楼的日本餐厅味道一流，赞~~不知为什么生意不怎么样。总体来说，这家酒店非常不错，公司的老外相当满意。宾馆反馈 2008年1月9日 ： 您好！谨代表银帆天之川日餐厅的全体同仁表示感谢！ 银帆的电控马桶安装使用之后，深受广大客人的喜爱！而外籍客人尤其是日本客人由于本国已经普遍使用这种新型技术，因此可以比较熟练的使用。 银帆的日餐厅于2008年1月10日开始正式装修结束，投入营业，目前庞大的广告宣传正在展开，相信我们的未来会更好！,2
10649,音质，画质，拍照都很强，经常拿来在朋友前炫耀~~~嘿嘿嘿~~~~,2
10650,我的英语还算可以，打算买这本书之前就听别人说过这本书挺好的。但还是不放心，就去书店看了一下大概。本来想三本都一起买，但第一本——也就是初级教程——对于我这种英文水平的人来说太过于简单，所以就直接买第二本了。挺好的一本书，大家如果英语基础已经过了四级，甚至过了三级，完全可以从这本书开始学习英语语法，而且里面的内容也非常实用。我很喜欢这本书！,1
10651,酒店生意清淡，大堂里都没几个客人。房间倒是不小，但觉得被褥窗帘都灰蒙蒙的有股味道，不知道多久没人用了。酒店里的娱乐设施，包括游泳池，台球等等，都要收费。白天房间里没有空调。晚上的热水，要先放10 分钟才会来。优点么，就是位置不错，出门就是老街，吃饭逛街还算方便。,1
10652,晚上自助不喜欢，夜宵满记，回酒店还有小同事帮带的有益c，虽然我抵制蒙牛，不过真心高兴～ 你到家没？,2
10653,#喜欢什么早餐#蒙牛早餐奶，加个鸡蛋和面包。绝对美味,2
10654,外观呈新潮UV外壳，就评这一点，可以把土气赶走！鲜艳的橘红色的外壳边缘呈银色，尺寸是首信的焦点“小巧”可以放金衣服口袋里！打开里面的键盘十分亮丽，呈银灰色，质感也很不错，握在手里有一种充实的感觉，屏幕是65K精显屏幕，跟上了时代步伐。值得一体的是手机的铃声，绝对可以称得上是16和弦的经典。另外手机还配有来电指示灯，随着节奏交替闪烁，如果是在夜里响起的话，绝对会投来羡慕的眼光！手机还配有3款游戏，无聊时还可以杀一盘！哦！手机上网的速度也十分惊人，真的达到了一键上网功能！,2
10655,因为是已经了解过各方面的性能、外观才决定买这一部的，所以目前为止没发现什么出乎意料的问题。小巧便携是我选择的最大因素，其次品牌机还是令人比较放心的，一边拆包装一边就能感受到。3G上网速度比我原先台式机+ADSL 2M的速度要快，昨天拭了两个多小时，没发现断线的问题。键盘挺舒适（可能本人的手也不大）。,2
10656,很多年前，东芝就已经进入中国了， 这款笔记本，从重量，做工，屏幕，音色看，都是很不错的,2
10657,1 酒店基本需要用品没有，比如要求转换插头、水壶，也一律欠缺！欠缺理由为“由于全家酒店客房已满，所以没有任何多一个后备用品作替换”（这是酒店服务员原话）2 酒店水壶内有残余物，约一元硬币那么厚。酒店服务员竟然说“知道这个情况，但是没有办法”！3 酒店早餐很差，不像3星酒店应有水平，4 冬天的暖气空调是按需提供，不问基本不给；5 暖气跟呼噜一样，整个晚上吵到天明（因为本人天明就马上退房）；6 热水器名不符实，应该叫“水器”，因为基本不热,1
10658,我这本书是买给我老婆看看的，她说还是很有启发的，值得一读！,0
10659,图画得很一般，太多了，而且一点都不生动。孩子一点都不喜欢。,0
10660,看到大家很多好评，也对它产生好奇，不过自己买来看后并没什么特别的感觉，看来书没有好不好看，只有合不合适。,0
10661,LED屏，比我的老HP好多了，清晰。性能不错，日常应用做够用了！,2
10662,"追源溯流，指明详细出处，提供丰富便证，现每条典故的含义和用法。本词典是我国词典大家族的一个新成员。词典的每一个词条包括语义、典故来源和举例三个部分。英语典故是英语语言和文化宝库中的重要组成部分,是民族文化的积淀和民族智慧的结晶.典故寓意深刻、民族色彩浓厚,具有很强的修辞作用.英语的典故构成形式多样,来源极其广泛.了解并熟悉一些常见的英语典故有助于我们了解英语国家的文化、习俗",2
10663,等同于笔记本,2
10664,最大的缺点就是内存太小，好在另外买了根1G的。 驱动光盘只有VISTA的，XP的能在官方网站下载到,0
10665,蒙牛、京东商城的存在是太合理了,2
10666,蒙牛微客服:您好，蒙牛正在变得安全更好，中粮和欧洲最大乳企爱氏晨曦已入主蒙牛，奶源和品控会进一步加强，希望能恢复您对蒙牛的信心。,2
10667,"由于飞机晚点,我到达酒店的时候已经凌晨2点,酒店的服务生好象根本就没有想到那个时候还会有客人入住,(也许是一个临时的员工),一切的手续办理都显得不熟练.",0
10668,价格不低，档次不高，环境糟糕，大厅很小，房间一般，早餐难吃，感觉一般！,0
10669,本来对这本书感觉还不错的，可是还没看几页就发现这么大的问题，居然直接从14页跳到了23页，我说怎么看来看去左右两页对不上呢！不知道这个问题该找谁解决一下呢？,0
10670,房间很干净的，住的朝南的房间，太阳照进来很舒服，现在可以上网了，网速也不错的说。宾馆的交通老方便，闹中取静的地方。月坛北街上的护国寺小吃我也老喜欢的。宾馆里提供10元的午餐和晚餐也不错。缺点么，就是隔音不是很好。总的来说，还是不错的，生意也不错。,2
10671,"质量差,服务更差",0
10672,如果你喜欢米开朗琪罗，如果你被他的画打动想深入了解一下他和他的作品，那么这是一本非常合适的书。文笔幽默，记述翔实，书的手感也很好，阅读起来非常舒服，是我珍藏的图书之一。米开朗琪罗独特的艺术风格和他紧张而又极其不信任他人的性格使他成为了我最喜欢的艺术家。喜欢他而又想更多了解他的人，请来读一读这本书吧！,2
10673,发热是有点大，特别在玩游戏的时候，显卡有70多°C，不知道正常不正常！不玩游戏的时候50°C左右，还算可以！,0
10674,买回来一个月了，可儿子只看过一次《咕噜咕噜转》，别的连翻都没翻，，画的太满了，显得有些乱，画面不能让他产生兴趣。书本太大了，翻起来不太方便。,0
10675,"这是一本很感人的书!而书中的人物所生活的年代也注定了他们的命运!究竟什么是爱?爱在责任,苦难,死亡面前是否仍能完整?究竟什么是悲哀?勤勤恳恳却无知无觉的人悲哀吗?心中有爱却空留余恨的人悲哀吗?坚守信仰却伤害至亲的人悲哀吗?对与错的界线在所有人物的身上都模糊不清了!因为那样的时代, 因为生活在那样的时代,让很多选择无可选择!让很多遗憾不得不遗憾!留下来的除了悲与恨,还有那深沉却无可奈何的爱!",2
10676,为什么我定了这本书.送货的时候却没有收到呢?我一共定了2本.这本书没有收到.为什么?,0
10677,如果不会装系统的话，会觉得很头疼，要在bios里更改，硬盘的类型为IDE，才能正常安装,0
10678,下午收到货，因为加班，晚上11点才休息。累了一天的我，趟在床上迫不及待的打开了书的包装，展现在眼前的是一本精致得象艺术品的书，图文并茂的把各式美食展呈现我眼前。一口气，都看了个遍，用纸条把我最心动的菜品夹好，准备实践下。特别喜欢的是，编辑们在菜谱上端写的有浪漫主义生活气息的话语，好菜还要有好的生活欣赏情怀来衬托哦！精彩的贝太厨房，让不愿意下厨房的我也想试一试。,2
10679,对于电脑硬件方面的缺点是显卡运行大型游戏有些吃力，而且经常出现玩一些很简单的3D游戏时出现贴图错误更换驱动也如此所以只能说HD3650在设计上还有缺陷其次京东发的货也有质量问题键盘左上角处有明显塌陷感,0
10680,我在拍照取景时，屏幕上出现了严重的水波纹。。而且铃音出现过混乱，表现为：将短信提示音设为风铃声时，短信来时却响起了线路1的来电铃声。如来电为先振后铃，则振动也如期而至。耳机接触不良，插上耳机听MP3，有时耳机和扬声器同步出声。且在耳机通话时效果很差。,0
10681,临近地铁，附近还有一家超市和大家乐快餐店，比较方便。虽然紧贴殡仪馆，但没什么特别不妥。房间不大，有水果。安静，舒适。洗手间也不大，坐便器位置太贴墙了，感觉不大自在。没有梳子，还得问客服要。服务员比较热情，耐心为你指路并告诉你如何搭车。总体来讲还不错。,1
10682,酒店一般，最受不了的是骚扰电话，一晚上能响4～5回，而且每晚都会打来，只真对单身男客，信息非常准确，严重怀疑是小姐摆平了前台服务员，拿到客人的入住信息。在这样的房间住，心里很不踏实。,0
10683,1.机身稍厚； 2.没有充分地利用内存，机身仅能存储200个电话号码和十几首铃声； 3.没有红外线接口；,0
10684,蒙牛真牛，霸气,2
10685,想当年农村市场年节送礼最牛的是牛奶，蒙牛和伊利获益最大。,2
10686,这像是国人自己编出来的一本。一点不好笑，也没有什么价值。不推荐,0
10687,没有介绍的那么好，还不如看点英文散文或者直接看美剧,0
10688,1.全球首款斜45度外屏设计!具有鲜明的个性和典雅的外观！荣获欧洲设计大奖明星奖的阿尔卡特OT-C651，给年轻朋友更多的选择机会！2.采用了YAMAHA芯片的40和旋铃声，支持MMF、WAV、AMR和MID格式铃声！可根据自己的爱好选择自己喜欢的铃声格式，如果你是一个DIY爱好者的话还可以采用COOLEDITPRO对自己制作的铃声修改音量。从而达到震撼效果！3.阿尔卡特的大部分机子的来电铃声，开关机铃声和短信音闹钟可以共享同一个铃音库，所以C651也不例外！并且采用了556，557上出现过的随机铃声，一旦启用，你永远不会知道下一个来电时响起的旋律是什么！每一次都是一个新惊喜！4.摄像头方面支持30秒有声拍摄，不祥某些机子号称支持拍照摄像但却10秒不到，还没声音哦！C651有情景模式和拍照特效选择，还可以添加相框！5.支持红外，并且具有良好的红外兼容性！并且通过红外就能传输图片、铃声和视频等！同时也摆脱了软件的束缚，随机的软件只是在传输应用程序时才有用武之地！6.永远不会落伍的笔画输入法！甚至数字7和9键上都是笔画，并且具有极强的联想能力！没有用过阿卡的机子是体会不出来得！,1
10689,蒙牛换包装啦，好看！,2
10690,"宝宝一岁七个月,不是太喜欢,也许是因为色彩不够鲜艳.而且对他而言,可能太简单了.",0
10691,《大中医》这本书真的很好看，看过了之后总有种想学医的冲动，呵呵………………看到最后还是不过瘾，总有种没写完的感觉。就好像宋浩的师父，那个道人到底是何许人？还有那个生死门的顾晓峰也是个神秘人物，还有最终无药神方是否能够面世，还有那个神秘的甚至于神奇的宝典最终能否面世，这些都是个迷。作者留下的迷太多太多了，不知道是不是要写续本，真的很期待！！！,2
10692,用了一个50元券，花了2649入手的，价格而言是无敌了，当然你要是3199入手，价格上就没有优势了，产品秉承了华硕的一贯品质，各方面做工都优于MSI的，为什么要拿微星的来比较，因为之前我买过微星的U90和U100各一台，应该是具有发言权的，电池更是达到了难以想象的八小时以上，作为上网本，基本上可以横扫其他品牌了，2649的性价比超乎想象！！,2
10693,1.一款典型的女式机，漂亮的墨玉黑色松石蓝和玛瑙红色，并且体积不大，重量不多。正面翻盖镜面设计便让人爱不是释手。确实太漂亮了，偶第一次便看上如此精致的外观了。女式机就是女式机真的同刚刚用过的M65有天壤之别（呵呵，说多了，本来就不一个类型的）2.有64M内存，虽然比起一些支持存储卡扩展的机型在容量上要相差很多，但是比起2000左右的索爱K700C还是要多出将近20M左右的存储空间，况且还能连在电脑上作优盘对于一款千圆左右的机子已经很了不起了！并且支持时下流行的MP3，在播放音乐的时候还可以通过机身左侧的快捷键来调节音量大小！同时可以在翻盖闭合的情况下播放音乐利用外屏滚动播放歌曲歌词。音质同OT756一样注重高音而对低音的播放略显不足。因此MP3播放可以说是这款机子的一大优点！3.支持JAVA程序虽然在现在手机功能大有一统数码天下的时代已经不算得上新奇。,1
10694,"房间布置是简约型的那种,床和被子都是廉价的感觉,空调极冷而且温度调节不灵, 只能睡前关掉, 但还是因此感冒, 早餐质量非常一般.以后不会再去了.",1
10695,阿加莎之外的另一位犯罪推理小说的大师级女作家！女作家和男作家的区别，在于擅长在逻辑严密和气氛紧张的犯罪推理之外，对人性的软弱、复杂和彼此之间可堪或不堪的关系有着细腻的观察和丰富的细节表现。小说更对女性在“法医”这一“男性”职业之种种身心压力、人际压力、规则压力的包围下，如何坚定地维护正义、呵护亲情和爱情，进行了细致入微地表现。,2
10696,"1,我刚买没几天,信号太差劲了,我为此到维修站鉴定了一下,确实有问题,然后维修站出具了换机证明,到经销商换了一部.可还是不行,估计产品本身设计存在缺陷(在维修站时,我还遇到一位同样也是飞利浦s200用户,故障同样是信号不好)2,闹钟不闹,3,发件箱明存实亡,发n条短信发件箱也为空,非常不爽",0
10697,本身对心理学比较感兴趣，然后又看到是畅销排行前列，所以一下买了上下两本看了以后有一种说不出的感觉，这心理师的人品很有些问题，为达到目的可以不择手段。。。很一般，虽然情节整的挺玄乎的，但并不觉得怎么精彩,1
10698,开车都不忘欺负我，蒙牛加伊利！,0
10699,金老编得不错，但我发现了很多错误哟，哈哈。要本着怀疑的态度去治学。比如金老师在书中对于唱白脸和红脸的解释就错了，按照京剧当中的说法，红忠白奸；唱白脸才是Play the villain，而金老写反了。又如：形容妻子可以用戏谑语Betterhalf，而金老写成Bitter half了。又有金老在写《四书》时，落下了《论语》，我数了半天，只有三书……虽然有些错误，但读者细心的话，可以辩证地来看。,1
10700,不错的书，就是还没有好好推广起来，虽然不及不生病的智慧那样火，但更加的贴近我们的生活，给我们细心地指导,1
10701,外观设计别出心裁！配置均衡性价比高，比TC系列又有进步。散热很好。,2
10702,外观不错，性能优良，散热还可以，掌托温度不高，使用的感觉比较舒适。,2
10703,不怎么样，混乱也看不清楚。根本也说不上故事，不知道三岁以上会不会好一点?,0
10704,大概看了一下这本书，先以医生的角度分析人们在日常坏习惯造成不同程度的肥胖，而后通过每种形成原因对症下药。都是得通过运动和改变饮食习惯并持之以恒才能看见效果。我想屏幕上的每一位明星为了让观众看到自己最完美的一面，不惜花了很多努力在作品和保养身材方面上。真的是不容易呀。我想他们所付出的，是我们不为人知的，并不是他们在屏幕上表现所能知道的。,2
10705,本人用了这款小灵通一年多，总的感觉这款小灵通很差，首先让我最不满意的地方就是电池容量小，特费电，待机时间超短，朋友用的其他小灵通24小时开机都能用一个星期，而我的在电话非常少的时候（每天2-5分钟）待机最多36小时，电话多的时候一天就没电了。失望！其次是信号不好，通话和送话声音特小，平时接电话的时候基本上都要把另一个耳朵堵上才可以勉强能听见，在嘈杂的环境干脆听不见，送话器的声音也太小，每次都要把嘴凑的很近，还要很大的声音才可以。信号也弱，通话的时候经常有嘟嘟声，经常掉线。再有就是铃声很小，虽然说明书上说是40和弦，但根本感觉不到是40和弦的声音，在稍微嘈杂点的地方都要放震动，否则休想能接到电话。总之本人对这款机器的感觉只能用两个字代替：后悔！！！！！,1
10706,我很喜欢这本书的封面设计，看上去就有一种西藏文化的神秘感与沧桑感。内容看上去有些晦涩，全书都有关于性爱的描写，不同的人、不同的时间、不同的地点都有，啥子事从这种经历开始聪明的转变，看一遍可能无法理解作者究竟要说些什么，我还是对一些内容不是很了解，可能与对西藏文化的不了解有关系。书中还间接的有些西藏与中原关系的历史，也许就是这种历史关系，才导致今天达赖与政府关系的对立把！总之复杂！,2
10707,我刚拿到书，也没有仔细阅读，就是粗粗的翻了点，觉得还行。里面是蓝黑两种颜色的，有些单词的下面还会有历年考到的题目，可以让人加深印象，不错。有点不是很舒服，就是光盘是夹在书中间的，光盘外的那个纸做的封面，是固定在书中间的，不容易拆下来。如果只把光盘拿出来，封面留在那的话，对于我来说，书中间夹了个东西，我会觉得有点不顺手。整体的版面，看着还算舒服。,2
10708,开合的扣子在下面，不在盖子上，一个手比较难打开。 天生缺陷，cpu自己带来的，没办法，就是不能降频降压运行以节省电力。,0
10709,这两天又看了几十页，结果很多语言开始令人蒙查查了，不知原版怎样表述的，但翻译的确实很蹩脚，比如精子，非要翻译成精虫。在网上查原著，却查不到，先只好看此版了。等看完再做进一步评论。,1
10710,这个酒店已经是破烂不堪了，楼道和房间内充满了发霉的味道，地毯脏兮兮的，洗手台的水龙头已经活动了，极度不好用。本来订了一个星期的房，入住当天就打算换酒店了，因为离办事的地点近，所以忍了两天，到了第三天实在无法忍受了，夜里闹蚊子啊！要命！！！酒店给的电蚊香根本不管用，只好换了一家据说没开多久的新酒店，虽然远点，但是比这里便宜的多，设施强太多了。强烈不建议入住此酒店，否则一定后悔。,1
10711,期待看到蒙牛！ 都是我们以前耳熟能详的品牌有木有！！,2
10712,蒙牛焕轻骨力牛奶收到了，爸爸妈妈很喜欢喝，非常感谢@第二童年，支持诚信品牌，祝小编亲事业蒸蒸日上，天天好心情！谢谢！,2
10713,酒店很清静，是典型的商务住宿选择，早餐不是自助而是套餐也很有特色，主要在天津干道边交通还算方便。没有娱乐设施，喜欢热闹的不应该住在这里。,2
10714,轻巧，外观和图片一样的，我喜欢 带电时间经过实际运行检验5~6小时，还是够长了 立体音效也非常不错，蓝牙功能和手机连接比较方便,2
10715,"整体上还行,屏幕也没有发现坏点,目前还没有发现不爽的地方 听说装XP麻烦,但设置好后,到电脑店要一个装机的专用备份,不到30分钟就装好了啊,设备驱动是很难找,我是网上找人要的驱动备份,装机方便了很多.",1
10716,1.文字的显示也显得略为粗糙。2.不支持MP3文件作为铃声。3.在取景时不支持全景拍摄。4.机带内存太小。,0
10717,在看第三部之前对剧情的进展我已经做好心理准备，个人认为剧情不会有太大的跨度，实际上确实如此。整本书在贝拉、爱德华、雅各布三角关系上叙述、发展、游离不定。贝拉对于雅各布感情的不确定以至到最后心里的确定，而由此带给爱德华的伤害确实让人有些愤怒有点不屑，或许他在贝拉最无助的时候给予了最大的温暖和关怀，从而让贝拉产生了超乎朋友的感情，然而由于一开始作者已经将男女主角的感情定格成不容破坏、稳固如山一般，而随着故事的发展，还是难免逃过这一块三角剧情，让我有点不太愿意接受。而从另外一个角度想，实际在贝拉认真面对她最初的决定时，不论是执行的难度，还是在执行后如何面对她最亲的人是她无法预测和衡量的，她该如何面对她的查理、她的蕾妮，还有她始终不知该如何对待的雅各布，我认为从她心里来讲，她犹豫啦，而她又不愿放弃爱德华，这样造成事情各个方面、故事的各个人物两难的局面。也许，当你从人类跨区成为另一类生物时，心里的矛盾真的无法言喻。直到最后，在讲述了大篇幅狼人家族的故事后，来了一场和第一本书结尾一样的战争后，贝拉突然想清了一切，与爱德华幸福相拥。这一部分对我来说我觉得跳得又太快啦，或许、也许不能太正常思考这本书，因为本身讲述的就是一段非正常爱情故事。总的来说，故事显得不太吸引人，不知道拍起电影是否会好些。,2
10718,"1.做工很好,后盖的弧度有所增加，更符合人体手型.顶端、背面、底端设计的很有韵味，划盖无论合、起都是非常完美的造型，正面的金属面板，加上小巧的机身,握在手里觉得够踏实，帅气，2.采用Symbian8.0操作系统，熟悉的S60操作界面依旧具有亲和力，九宫格的显示菜单还是那么的人性化。支持主题功能，向下兼容以往所有的主题，因此不必担心界面是否足够的华丽。N70作为升级产品继续保留待机模式快捷方式，当然不习惯的用户也可以将其关闭。五个可自由设置更换的快捷方式在使用上带来很多的便利，让人感到诺基亚更为人性化的一面3.方便的后台运行，可以同时进行听歌上网和QQ聊天,在收听收音机或多媒体时如有来电，手机会自动转换至通话模式，等通话结束后再自动恢复为原来状态4.专门的音乐播放快捷键，N70似乎也要赶一下这个潮流，在键盘右侧增加了一个多媒体键，键盘终于能够左右对称，5.各种声音的设置都是采用情景模式管理，熟悉诺基亚手机的朋友也很容易上手，普通的语音通话、视频通话、短信、邮件等都能设置独立的一种提示音。支持MP3、AAC、RealAudio、WAV、AMR、AMR-WB、AMR-NB、AU、MIDI等格式的铃声。扬声器的音量非常大，即使在比较嘈杂的环境下也不会出现漏接电话的情况。对于声音外放的暴音控制得很到位，穿透力强，如果戴上耳机的话效果更好，立体声十足.完全不亚于一台高档的MP3播放器播放器.，6.汇集了诺基亚N-Series的便捷行动拍摄功能，利用200W画素相机和闪光灯，搭配20倍数位变焦、白平衡、色调调整及多种拍摄场景,再加上26万色高彩萤幕，足以达到一般数码相机的水平。7.透过NokiaXpressTransfer储存解决方案，NokiaN70能将影音资料与个人电脑快速存取。想要马上列印照片，也可透过NokiaXpressPrint快易印，以USB传输线、蓝芽无线及RS-MMC记忆卡等多种方式来列印多媒体资料夹内的影像。8内建NokiaLifeblog「写e生活」软体，让爱玩部落格的人能够透过手机进行图文上传，随时随地享受即拍、即写、即传的网络生活",2
10719,我不喝蒙牛的牛奶之后，改吃蒙牛的老酸奶，谁知更悲催，敢情吃了老皮鞋。 我早已不喝蒙牛了。希望伊利珍惜自己的名誉 早就不敢唱牛奶 这个一定要 ，你和蒙牛，一场不得不说，说也说不尽的故事,0
10720,有一种常见的哗众取宠行为，描述趋势时，将某一段曲线无限放大，随着纵坐标单位变得越来越小，曲线的斜率变得很大，造成视觉冲击，其实变化率往往只有一个百分点。今天的媒体很偏爱这一手段，不知道他们是不懂抑或是故意扭曲。相关关系与因果关系的混淆不用多说，最经典的例子莫过于，美国经济的增速与巴黎街头女子裙子的长度的关系。读读这本书，在惊讶与笑声里反省生活中的所见所闻。,2
10721,"总体来说很不错.就是地理位置并不是想象中的好.虽然也被列入陆家嘴附近.虽然服务人员说离正大广场很近.可是还是相差很大的.总体还是很不错的,相对于其他住酒店的经历.",2
10722,"太差啦,不知道是怎么评的4星.结帐时还非说有房间点了歌,每首2圆,懒得跟他废话就多掏了4块钱.",0
10723,书是看完了，我感觉于丹先生更像一位幼儿园老师。,0
10724,"住的行政大床房,实在是喜欢西郊里的环境,院子里的黑天鹅,丹顶鹤,还有西郊的小野猫,繁华上海中的安逸休息之地,以后去上海都住这里.",2
10725,物有所值。 酒店气氛非常好。餐厅食品可口。 房间整洁， 环境豪华。,2
10726,还没有看，喜欢薛老师和她的教学理念，羡慕那些在薛孩子班上的孩子，我们也只能买她的书看了，希望能从家长的角度帮助孩子，虽然肯定比不上直接被教育的，也能有所帮助吧，原来只看了一年级的，其他缺货，等有新版时，孩子已经三年级了，准备随着孩子的成长继续看薛老师的书，也推荐同事家中有小学生的阅读，但愿能对焦虑的家长们有所帮助。,1
10727,下单后第二天就送来了，赞！比想象的要好，不错的上网本，还好配置是六芯电池，够用哈哈,2
10728,"不好意思,其实我说的是<父母是孩子最好的医生>马悦凌的,这本(不生病的智慧)我也在看,很不错的,特别是补血补气这一块,讲的不错的!",2
10729,闺蜜买了一个，我看到觉得外观啥的还不错，价格又那么便宜，正好考虑换电脑，就定了~ 速度还可以，本来还买了一个1G内存，想扩到2G。谁知打开发现原来只有一个内存槽，没有考虑到这一点，哎，那1G的条就废掉了。 重量还是稍微有点沉，不过我基本不背着它跑来跑去。,2
10730,在起点追读已久，听说出实体版了，特意买来收藏，也方便我继续向别人推荐这本书。在人人想做颠覆世界、掌控一切的大人物的书海中，忽然看到这样一本写平常心的小人物，而且写这如此有创意如此爆笑的书，实在是太难得了！吃饭喝水时不能读，会喷饭；上班时不能看，会突然爆笑被发现... 实在是让人很开心同时又常常会觉得非常温馨的一本书，可以轻轻松松就一口气读完非常流畅。,2
10731,"喜欢毕淑敏的书,不过女心理师除外,知道作者对心理学有较深的了解,所以慕名购书,谁知道看了上部挺让人失望的,书中的案例以及人物太离奇了,有点背离普通的大众生活,也许作者想更深入更专业的去描写心理师及心理咨询业,让更多的人去了解这一门新学科,但看了书却让人更是觉得心理咨询离我的太远了,感觉我们这些经历平淡思维平庸的人和心理咨询不搭界了,呵呵,随便说了两句,完全是个人感觉哈!",1
10732,不是费太多的尽，就把两本书都看完了虽然自己只是个大三的学生，但却从拉拉身上看到了自己的影子。合起书本的时候，感慨人长大后，话越说越累。每句话听到，都要琢磨琢磨它后面的意思，而自己说的每句话，也都必须是慎而又慎的思考后的结论。免责成为了头等大事，纵然已是DB的HR经理，拉拉也还得面对苍凉的现实。无论是第一部还是第二部都没太交代和王伟的最后结局不管怎么样依然期望能是一个happy ending。,1
10733,"开始SD卡插不进去.后来才知道插到一半时要将卡尾往上""翘""一下,才能插到底.PC插口好像也是这样?卡只能插到一半.锁杆也没有弹出来.因为不用,至今没有去研究这问题.",0
10734,1.散热好，非常好 2.屏幕很亮很清楚 3.觉得键盘也不错 4.摄像头非常清楚 5.最重要的一点，性价比高,2
10735,本本外壳的模具有些粗糙，usb口感觉粗糙，接口的金属都看到了。不爽。,0
10736,代朋友买的，他非常喜欢，原来买的不小心掉在了公共汽车上，又买了一本,2
10737,"1.内置调频功能，可以与家用普通电视机一样，无线收看当地的电视节目.2.电池续航能力不错,满电时音量开最大连续看电视能看70多分钟,算不错了.3.N940的铃声是64和弦，铃声表现还不错，音量大，乐器的还原度较高.音量共有5级可调.3.N940不但支持MMS多媒体信息，还能收发电子邮件.4.电话簿容量非常大，可以存1000条.5.手写识别能力也很不错.",1
10738,重装XP系统比较麻烦，标准系统盘需要在BIOS里修改SATA模式，否则蓝屏,0
10739,无线信号不太好。比我HP本本信号平均低2-3格。升级驱动并在网卡属性作参数微调后信号仍比未作任何优化的HP本本无线低1-2格。没有配Express扩展插槽。键盘的好几个键不灵活，方向键太小很不方便。,0
10740,不是内容不好，是书质量问题。请问当当会不会有盗版书啊？146直接到了179缺了30页。退换均要一个月时间。狂晕。。当当就不能给顾客把把质量关？另外把退换弄得快点方便点消费者吗？以后再在当当买书都有阴影了。,0
10741,定了两间一样的房，一间有宽带，一间没有？为什么？有宽带的一间，上网有时能上，有时上不了，急死活人！卫生间房顶漏水，房间里没有任何饮料，问服务员要饮料，回答必须现金结账，不可以挂房帐，岂有此理？,0
10742,"这次我入住的是该酒店的旧楼,总体感觉还可以,就是装修太旧了.酒店的位置不错,出门过马路就是华强北步行街,逛街方便.我入住的那天酒店生意清淡,可以看出跟深圳同类酒店相比,该酒店已经落伍了.",2
10743,这是一本值得推荐的好书。这本书讲述的观念“活在当下”，其实在太虚法师（李叔同）在解释佛家经典“波若波罗密多心经”就提到“一切有为法，如梦幻泡影，如露亦如电，应作如是观”。只是一般人对于接触佛教经典通常会有艰涩难懂的感觉，透过这本书可以轻易的了解，不要拘泥在时间的泥沼里，抛开过去，面对现在、不惧将来。对于本书如有不明白之处，个人的经验是--参考原文。,2
10744,"一,是贵了点~.二,什么支持下载图片和铃声下载~到现在还不知道怎么下载的~~~~~~",0
10745,打2小时就关机拉,0
10746,如果我是你 我仍然会选择现在你这样的生活不关有多少艰难的时刻 但都以温馨的语言描述过去生活就好像澳洲的海洋和阳光  美好而灿烂有安东尼蚊子的陪伴  漫长的时光也不再难熬我有2本 1本自己的 一本送给远在日本的男朋友希望他在是失望难过伤心的时候  看看安东尼的字  在这个世界上有很多像他们一样的孩子有安东尼 有我 陪着你一起生活我知道你想要表达什么,1
10747,正愁不知道如何同孩子沟通学习问题时，朋友推荐了这本书！当我细细的品味内容时，突然发现很多反而的例子都是我小时候经历过的，很庆幸地是，我目前还没有被那些反例引着走，也可以说我孩子是幸运的！一句话，有很多种说法，但每种说法、语气所表现出来的意思和味道都不一样了，本书中正例和反例相比较，让你学会“说话”我已阅读二遍了，第二遍主要任务在于把书给读薄了，便与第三次的阅读！,1
10748,书的印刷质量不错，但是内容对于我来说不适用，像是一本教育手册。反正就是不实用。而且说是读书节免运费，根本没有免。骗子。,1
10749,扉页上写着：我不能等你一年零一个月了，我也不能等你到二十五岁了，但我会等你一辈子……有种不祥的感觉，觉得男女主人公会发生什么不好的的事。所以开篇时就保留着，不要太投入去看。可是，朴实的描写，细致的刻画，人物内心的矛盾挣扎，几乎是刻骨的铭记，又怎能不去投入！！！最刻骨铭心的爱情往往都是没有结局的悲剧……我不忿这份不公，却又感激艾米能给我带来的那份长久的荡气回肠……,1
10750,叫你们从小不喝蒙牛，不吃地沟油,0
10751,我买了一套是一个很薄的破纸盒子，我同事买的就是个硬盒包装，当当能给个合理的解释吗？,0
10752,我选择货到付款，可是告诉我不能送货上门，我在深圳宝安福永，是属于镇上，那为什么不能送到呢？当当网应该想一下办法，我是第一次订书，如果这样的话，只会把客户赶走,0
10753,扩展口太少，USB接口位置全在左面，设计不太人性化，和送的散热垫不配套（散热垫的USB口都在右面），厚度有点厚。,0
10754,体积很小，外观也很大方。,2
10755,房间还可以，早餐不大好，周围比较偏僻。服务态度一般。,0
10756,"因为春节参加朋友的婚礼就住在这里 , 感觉不是很好!房间小不说还很暗 , 房间里居然没有一个大灯 , 床单不晓得本来是这种颜色还是怎么着 , 感觉有点脏!床还很小!早餐没什么可吃的!但因为是送的,也就不说什么了!",1
10757,柏杨耗心力的佳作，只是书的质量一般，盼能改进。,2
10758,很好的一家酒店哦，以后还会去呢！交通方便，服务好，不错不错,2
10759,"看到一半的时候,有几页纸是空白的,蛮好的一本书就这样中间断了一截.想退货,可是已经在书上做了笔记.",0
10760,我是早上近6点才到的，说是要算一天的房费。我说没问题酒店大都是这样的。第三天因为火车要晚上9点多才开，所以我延了半天到六点退房，结果到5点40就打电话催我说要来查房了，我说还没到6点你们催什么啊，而且我那天早上是6点到的，你再给我延半个小时或一个小时都是份内的事，赶客人赶什么一样的。以后不去了。,0
10761,于丹每天讲如何如何学习孔子、庄子，如何有心得（中学作文：读后感）。很多东西非常牵强，让人不可理解。于丹开口闭口讲不为功不为利，可为什么招摇过市，搞了那么多炒作活动！说到底，为了什么呢---名利。天下熙熙，皆为利来；天下攘攘，皆为利往。于丹真是活学活用的楷模！,0
10762,这次入住的是大床房，房间设施还算可以，没想象中那么旧。浴室好像是新弄过了，还挺干净整洁的。酒店的服务还行，前台还算有求必答的。补充点评 2008年6月21日 ： 早餐在25楼，花色很少，很是一般了。,2
10763,浪费我的RMB光盘上读的根本对不上书上的单词 -总是差一个--   气愤真是................,0
10764,《塔木德》恰恰是一本可以在生活中去践行的经典！传承几千年，就是再简单，也是值得仔细去品读才能得其精华。赛尼亚的译本是目前国内最符合原著精神的一个简易本，毕竟《塔木德》太浩瀚......今天收到此书，甚是兴奋，虽读过，但那时还未必可理解其中真理，今日更加欢喜！爱书的朋友，不要犹豫！,1
10765,看到推荐才买这本书的，看完以后感觉不符合自己的价值观判断。呵呵，书中想法太现实，但是举的例子又太不现实了。不明白为什么那么多人推荐这本书。。。,1
10766,故事情节很好很唯美我的很多同学都说很好看，但是我认为一本好的书里面的东西也很多主题有了，但是次要的也很重要的，换位想人的一生要有很多东西不只是爱情。我的一位同学说结尾少点东西，我个人也是这样认为我觉得少了女主角的亲情。你说也感觉到太单调，我很期待那本《代孕妈妈》我看了前面我觉得比你前面写的都好里面有东西了，内容丰富了人物真实了，这说明你的笔锋成熟了。加油哦！,1
10767,1、外型：她小巧的外型不论是谁看了她，都会对她有一种爱不释手的感觉，我记得我看到她第一眼的时候就被她迷上了，从那以后无论我去看哪款手机脑子里出现的都是小5的模样，于是我就下决心选了一个红色的买下了她。虽然她的机身小，可是屏幕确丝毫没有小，屏幕够大，满意。2、声音：我最满意的就是小5的音乐了，虽然只有4和弦，但是声音够大，够脆，比有些机器16和弦的声音还要大。3、背灯：虽然是蓝屏的，但是她蓝的特别柔和，两个字漂亮。4、分组：为了方便使用，内设了分组铃声，为我们带来了方便。5、存贮：电话本内量大，可以存200个人名。6、待机：小5的等机时间长达一个星期，这个也是值得我骄傲的原因之一,1
10768,屏幕有点太长，刚开始看得很不舒服，键盘间距太大。预装的LINUX系统不会用，改装QP费了半天劲。,0
10769,性价比比较高了，又送包又送杀毒软件，再加上买的鼠标，鼠标垫，清洁套装，再加上50的券，加起来还不到4200。是看2个师姐都用了这款还不错才决定买的,2
10770,不知道为什么，其实心里一直存在吸血鬼情结。那个生活在暗夜中的种族，给人神秘又邪恶的力量...知道暮光系列，最初是因为去年出来的电影。迷恋着吸血鬼与单纯少女的恋爱传奇。直到读者也开始推荐这书，终于决定找来读一读。故事中的爱情总能让人觉得温暖。喜欢爱德华给我带来的感觉，那个什么时候都为了保护贝拉不顾一切的男孩子。不知道是不是《哈里波特》在我心中地位太高，个人觉得还是无法与HP抗衡。,2
10771,发表了博文 《蒙牛儿童牛奶创新产品——蒙牛未来星》 - 原文地址：蒙牛儿童牛奶创新产品——蒙牛未来星（来自 作者：high节奏 作为孩子们最好的健康伙伴，蒙牛未来星珍惜孩子们快乐享受美味的纯 http:t.cn/zW1ZGlV蒙牛NULL0,2
10772,蒙牛最近真心变得黑阿 对蒙牛彻底失望 同喝宁波奶 还是喝宁波奶抵制蒙牛是有理由的 很久不喝了,0
10773,不支持扩展，最大的缺点，真想不出是那个猪头设计师，简直是浪费了这么好的机子，浪费资源。不带红外、收音机。,0
10774,儿时回忆是最好的东西，错过我会后悔。看着一本本的书，有的沉醉了。翻译是国语的，总觉得挺别扭，没有粤语翻译的好。不过不得不说质量很好，每一本书包装很好很全，礼品盒也很好，还有三张贴纸，两个书签，没有破坏过内外包装，看来果然是正版的书。还有不得不说送货员的细心很到位，在这里我要感谢他。动画我也看过，是粤语或者是日语的，不过我想拥有这一套珍贵书籍。,2
10775,环境不错，设施比较老。一般班。酒店前台的服务态度实在太差。,0
10776,漂亮的小蒙牛～,2
10777,没有见过这么小的房间两人在房间走动的话需要让来让去的，酒店服务员态度都是冷冰冰的从来没见过他们笑过或主动和你打招呼，离地铁东涌线距离还可以。酒店周 围环境不怎么样都是居民区（当然不是有钱人住的）下次去的话坚决不会再住这家了也不推荐,0
10778,1、车到酒店门口，没找到酒店，原来身边满是脚手架的大楼工地就是酒店，胆战心惊的走入，前台很破旧，很难想象是四星级的酒店。2、我住公寓套房，好像19楼，几部电梯只有一步到达，换了隔壁电梯才行，楼上走道昏暗，长长走廊，只有一两盏灯，，一出电梯眼睛要过一会儿才能看清东西，太省钱了吧。3、上午入住，电钻声不断，楼下房间原来在装修，携程也不事先告知，我晕！！！4、客厅较大，但太空了，只有沙发，却没有电视机，原来是叫人坐那里发呆的。5、洗澡没热水，一问，原来不是统一热水，而是电淋浴器，烧一桶要好长时间，一个晚上到第二天早上也没有热水出来，服务员说不知道为啥这样，四星级的无热水待遇，澡当然没洗，退房时心理和身上都发痒....6、口渴了烧水喝，电热水壶也坏的，打电话要换一个，说库房下班了，那是晚上八点多吧，从哪里变不出来一个？其他没人住的房间，你们经理的办公室...总能解决吧，不行烧一壶水上来也行啊，可他们就不理你，我只能跑到街上买水喝了！！7、所有家具设备都是陈旧的我想大家也会理解我的感受，我平时住店一般会先来看看众兄弟的网评，不好决不敢住。这次行程匆忙，是在路上电话预订的，酒店是携程反复向我推荐的，我才上了当，如果携程以后光注重经济效益而不注重酒店本身的品质，推荐这样的酒店，我看是要砸牌子的，毕竟你们也有竞争者的。补充点评 2007年5月2日 ： 再补充一点，宽带速度“奇快”，两个笔记本上网，一个酒店宽带，一个CDMA掌上宽带拨号上网，在联众打游戏，有线的网速还比不过无线的，还掉了几次线，送了人家好多分，呜呜...,1
10779,蒙牛牛逼！,0
10780,真正算是一部极具代表性的人物传记，随着笔者的一点一滴的记述，去观看索罗斯一生的成长足迹，半个多世纪，一个在金融界摸爬滚打的传奇人物，人生的大起大落，真正教给我们正确的人生观，价值观。教会我们怎样洞察纷繁复杂下的规律，怎样面对财富的剧增或是暴跌，怎样将理想与事业有机的结合在一起，去创造属于自己的辉煌传奇。“洞悉混乱，你就可能变得富有。”———《索罗斯传》睿智而英明。,2
10781,这是一本捡别人漏沟水的书，非常后悔买了这么一本毫无看头的书，请大家别再上当了！！！！,0
10782,本书是迄今为止，所阅蝴蝶类书籍中收录最为全面的书籍。很多稀少的蝴蝶在本书中都能查阅。可以说是一本相当棒的工具书。此书为喜爱蝴蝶的人士提供很好的参考！我非常喜欢。刚拿到这本书的那天，即看到通宵！美中不足的是，我所收集的部分蝴蝶标本在这里还是不能识别科目，当然我亦不去苛求了；还出现些微的印刷瑕疵，这是作为一个珍藏书籍的遗憾。希望商家也好，即使不承担印刷的过失，也要对印刷质量把关。,2
10783,蒙牛乳业对切糕事件表示强烈愤慨。作为一个可以毒害13亿人的国企，黑心的程度岂是小小切糕能够比拟。蒙牛果然是世界上营销宣传做得最烂的公司，没有之一...亲爱的萌哥您删这么快干嘛...,0
10784,"该套丛书画面生动,注重生活的细节,对小孩很有吸引力,并在阅读的同事了解了生活中的常识/体会一些有趣的过程. 满意!",0
10785,键盘R键接触不是很好，必须用力按才行，希望用多了会改善。 耳机插口，才进去时很松，快要到底时又很紧，微有瑕疵，不过可以接受。,0
10786,价格便宜。性能不错。配置比较好。另外箱子里又送内胆包，包的质量还是不错的。,2
10787,纯粹学几个单词，又没有注音标，很不方便,0
10788,12月5日的订单，12月12日尚未收到书,0
10789,非常失望！我定的是豪华单人间，想想238的价格应该是不错了吧，实际一看太失望了。房型差，大门一开就是大床，洗手间设在里面。床子极小。朝北。还有个不伦不类的便携衣橱。最难以忍受的是，晚上中央空调的外机在窗外响个不休。实在难以入睡，打电话抱怨。第一次没有予以理会。第二次再抱怨，实在让空调声音折腾的无法入眠，他们先说没有其他房间可以换。后来终于答应给我换成豪华商务房。豪华商务房与豪华单人间简直天地差别。没话说的。所以除非你定的是豪华商务房，这个宾馆是再也不考虑了！！补充点评 2008年3月6日 ： 床子极小，应为窗子极小。,0
10790,小侄女8岁了，很喜欢看书，就像我小时候一样，所以我怎么可能不满足她的这个小小的又是这么美好的愿望呢！她看过杨红樱笑猫系列的一本，好像与什么猫耳朵有关的故事吧，就开始天天幻想着能拥有全套了，看来笑猫还真有吸引力呢!不过我儿子不怎么有兴趣，可能杨红樱的书更适合女孩子吧。我已经能想象到小侄女拿到书的享受样子了，呵呵，赠人好书，手有余香啊，我也开心呢~~,2
10791,是LINUX系统 相当及其恶心 不知道这狗 日 的是什么想法 要强行逼我们使用啊 买了两台电脑 一个事VISTA系统  一个 是 LINUX  就没见一个XP的  网上销售这东西 最重要的是打架尽量不要涉及到售后服务这块 尽量是都搞好了相安无事 其实网上的售后服务比没有售后服务还差劲 我的THINKPAD SL400就是因为换货期间以为是键盘小问题就懒得换了,2
10792,辦理住房登記要半小時.整個大堂像市場亂哄哄!房間布置其差無比!,0
10793,发现了不少错别字……也许是新换的输入法不太适应，也许是心情过于激动自我反省中……,2
10794,"这几天天空一例是阴阴的,一如我的心情.温度也降了很多,让人明显感到了冬的气息.就在这样的一个午后,我选了一个舒服的姿势坐下来,翻开了那本山楂树之恋.知道这本书是很早以前的事了,同事曾向我力荐,说是一本很好的书,值得一看.可我却没把它当一回事.生活的琐碎,工作的繁忙,时世的难料,早已让我的心灵变得粗糙和坚硬,我自认为自己已经足够坚强,不会再有什么事情会让我感动,也不会有什么事情会让我难过.而生活的快节奏,也让我很少有足够的时间能全身心的投入去读一本大部头的书.所以,同事的推荐并没对我产生明显的影响,我仍然没有读这本书.只到有一天,同事告诉我:?你应该读一下这本书的,真的很不错.?我才顺便在当当买下了它.静静地坐在那里,随着书页的翻动,我渐渐沉浸到了一种独特的故事氛围里.我是七十年代生人,虽然那个特殊年代的时代特征对我几乎没有什么影响,可残存在记忆中的点滴记忆还是被唤醒了.尽管里面的场景,事件是那么的遥远,可我还是喜欢上了这本书.整整一个下午,我把它看完了.?静秋,静秋?这两声深情又包含无奈的呼唤仿佛穿越了时空,一直在我的耳边回响,当我读到动情处,忍不住泪流满面,直至难以控制,痛哭失声,那种难以抑制的疼痛使我的心脏紧抽成了一团,用老三的话说,人的心脏是能够裂成碎片的.合上书,久久处于一种忧伤之中.书中没有时下所谓的流行元素,书的装帧也非常朴素,可就是这么一本素雅的书,却以它的深情和纯真深深地打动了我.我才发现,原来我的内心依然柔软,我依然可以被外物所感动.只所以会产生自己已经变得麻木的原因不是自己不再敏感,而是现实生活中缺少让人感动的因素.我喜欢这本书.",0
10795,"如标题所言,一本适合安静阅读的书,一本需要耐心品味的书,诗词的年代貌似离我们已经遥远,但是,翻起已经泛黄的书页,忆及曾经摇头晃脑背过的诗篇,于是不由得觉得温暖,有多久,我们不曾这么安静了?在都市的繁华中寻找一份安宁,在生活的喧嚣中觅得片刻宁静,每天穿梭于不同的酒席,应酬,KTV,你厌倦了么?你真的快乐么?给自己的心灵安个家,希望所有的人,得到最美丽的平凡.",1
10796,春节是住的，位置不错，交通方便，周围环境也不错，购物很方便。房间大，卫生间超大，个人感觉完全是浪费空间，房间老旧。前台服务一般。早餐只有韭菜猪肉馅的饺子跟米汤。是我吃过的最糟糕的酒店早餐。电梯很恐怖。不过一楼的老大爷很亲切。,0
10797,订了三本书，却只给我送来两本！！！缺了这一本！！真的不明白！！明明定单上是成功下单的，但却送少了一本！！无奈！！！需要改善系统！！谢谢！！,1
10798,"看过<穿PRADA的恶魔>后,再来看这本中国的时尚界小说,感觉只有一句话,首先要生存,再来谈其他.眼看他鲜衣裘锦,眼看他香车美人,眼看他黑眼圈苍白脸,眼看他从单纯走向城府.是不是职场都是这样惨烈?公平地说,在这样的环境下,人一定会变聪明,能力一定会短期内得到极大提高,从另外一方面说,这真的是好事.",2
10799,很不错的机器，做工惊喜，外观漂亮，包括灯光系统设计都很人性化，机器配置均衡，总体来说配置算不错的了，运行Vista比我想像的要流畅，以前一直用XP，从来没用过Vista，原本打算不行就换要XP了，但是使用后发觉Vista用起来也挺顺手，该机双通道2G DDR1066的内存完全可以保证Vista流畅运行，也就不打算折腾换XP了！CPU显卡也完全够用，接口也非常齐全，总体来说很满意！,1
10800,声音不好听，但奥特蓝星据说是笔记本最好的； 我主要用来处理大量图表数据，感觉似乎数据处理不快，不知道这和什么有关； 加上包包、电源，女生拎起来还是挺重的，考虑轻便性，上网本更好。,1
10801,"这本书送到的时候就是全湿了,但是就给你们的客服打电话了,说会安排人过来取书.并办退款手续.可是到现在,我又跟你们定了3次书了,那次该退的钱还没退,该退的书,也没来取?是否效率太底了.已经投诉1次了,石沉大海,希望这次不要.投诉不是此书内容,是服务态度.苦于其他方式的投诉,电话和网络留言都使用了,但是没效果,所以在这试一下.",1
10802,配置强大，外观漂亮，发货很快，第一天下单，第二天就到了，爽！！,2
10803,"房间那是相当的差，不过也是挺便宜的。交通不太方便。建议不要选。免费注册 网站导航 宾馆索引 服务说明 关于携程 诚聘英才 代理合作 广告业务 联系我们Copyright?1999-2008, ctrip.com. all rights reserved.",0
10804,请问：有些字打错了，我怎么样才可以回去编辑一下啊？,2
10805,入住的5天，天天洗桑拿一样，空调效果极其不好，每天都有顾客打电话质问服务员，我在房内经常听到其他顾客的抱怨，要不是离出差地方近，我是不会选择这家酒店的，服务员对自己酒店设施不清楚，我打电话问有没有冰箱，第一次说有，第二次说没有。投诉在不会处理！希望大家有前车之鉴，不要上当，在住这家酒店了！宾馆反馈 2008年7月7日 ： 尊敬的客人您好！首先，感谢您给我们酒店提出的宝贵意见，同时也对您住店期间感受到的不适深表歉意。三峡东山酒店是一家三星级酒店，2007年被宜昌市旅游局评选为绿色饭店（银叶级）。作为一家以节能、环保为理念进行经营的饭店，酒店一直将节能、环保视为一项对社会应尽的责任。多年来，酒店时刻响应国家环保要求，严格按照：夏季室内温度不低于25度，冬季室内温度不高于20度来控制客房内温度，因为酒店事先在客房内配备了环保倡导卡，自活动开展以来，这一举措得到了大部分住店宾客的理解和支持。但是，由于个体差异，有部分宾客对空调温度的需求相差较大，从而也造成了酒店在节能与对客服务方面会产生矛盾。酒店在今后的工作中将会把准备工作做得更为仔细，在倡导客人支持酒店的环保行动的同时，将尽量满足不同客人的需求，不断改进我们的服务。,1
10806,感觉还不错，房间干净，舒服，具有五星酒店的质数，服务态度还可以，因为觉得服务员有点冷淡。最不好的是地方比较偏，酒店所处位置说得好听的是新城区，直白的就是差不多就是郊区了，好在汕头并不大，到市区繁华的地方也花不了多少时间。另外，酒店附近有一间酒楼，名字叫快活海鲜城，不错。装修上档次，但价钱不贵，出品好，值得推荐。,1
10807,前前后后买齐了这套书，儿子喜欢！我也翻看过，觉得非常适合学龄孩子看。首先，书本不大恨适合携带，字体适中，行间距宽松，一点不费眼睛。如果外出玩或者上学作为课外读物都是个很不错的选择。其次，内容很丰富。每位科学家的介绍都是从孩童时代开始：成长的经历，经历的磨难，付出的努力，直至成功。另外，内有彩色插图，考虑到孩子的特点，避免了通篇文字枯燥的问题。其实，孩子喜爱看是最大的购买理由！,2
10808,经朋友介绍，买来这本书。题目相当好，很有感染力。满怀期待地拜度后，才发现：内容零散、空洞，我越看越感到乏味。借给过已当父母的朋友，他们看后也与我同感。反正书本上唯一一个让我们有共同认同之处就是：要以孩子的角度去看待、体谅孩子，尊重、体谅都是必要的——这个道理即使未成父母的人都应该知道的，我们只是想得到更多实际的处理技巧。很可惜，这本书没有给到我们这方面很好的帮助！,0
10809,在奇康超市买了一箱蒙牛牛奶，转盘转到了二等奖，奖品就是一个斯伯丁，好开心呀，其实我就是冲着篮球去买的，前几天刚说要买球呢，而且今天中午那个姐姐说中奖了得去公司（车杯南）领奖的，刚才我去买的时候刚好有公司的人过来，我就直接领奖了，真好运,2
10810,网购有风险，下手应谨慎，确实比卖场便宜些，套用客服对我说的话：先生，通俗的讲您运气太差了。入手屏幕有个坏点，不够5个坏点的退换政策，郁闷，自认倒霉了！凑合用套用小沈阳的观点，不能把这个问题看的太重了。发热量确实大，我戴尔的本子AMD的也没那么热。建议配合效果好的散热座用，送的那个散热座很垃圾！！,2
10811,"很小巧的.送老婆用她很高兴.还有就是定的是U100结果回来的货貌似是U100X,自带的linux系统还有蓝牙呢.不过装XP后还没试验呢",2
10812,只有一个好处离虹桥很近.....赶早飞机不用起太早......,0
10813,我住的是酒店标准间（203房间），里面设施撑死2星级的标准，而且由于二楼有餐厅，房间里一股厨房未，相当恶心,0
10814,酒店在老市中心，交通方便，房间干净。但开办时间较早，与其他四星相比，硬件略差，周围特色饭店较少。,1
10815,装修比较新，离购物点有点距离，要出门拐右，第一条马路再拐左，大约走15分钟才到购物中心。周围有2家电器卖场，马路对面就是药店，可买片仔癀或茵胆平肝胶囊,2
10816,迄今为止，发的最棒的一次！用的蒙牛！ @stocktonyoko,2
10817,蒙牛作为国内奶业巨头，切实起到了带头模范作用,2
10818,虽然买D80很久了，可是我一直停留在普通拍照的水平上。前不久，看了朋友的作品，实在是有愧，于是想找一本书来提升自己。这是一本集单反机基本原理/结构/操作，摄影构图，人像/风光/纪实攻略的入门指导书。粗粗通篇读完，觉得收益多多，于是拿起相机把弄起来。小试牛机，还真是提高不少，朋友们说作品不错，那个得意呀，哈哈！再接再厉，继续努力研读，希望赶上业余中高手级（希望如此）。,2
10819,1、屏幕反光太历害了，想出镜面屏的人太缺德了。没办法，我找一圈，发现只有thinkpad t系统有款是普屏的，太贵了。,0
10820,帮朋友买嘚...话一点都晤好笑...闷,0
10821,款式比较老，但这个价格已经可以了。第二次买了，别的店更便宜也还是到这家买。,1
10822,风扇声音不小，间歇性的；这款机器在开机键那是没有一小行触摸屏，购买请注意；本本扬声器一般，我宿舍女生买了个东芝的，音效不如她的那个，但是综合比起来我的要漂亮的很多，哈哈，有很大安慰,1
10823,热水器是正品，质量不错，价格很实惠，的确是物美价廉。热水器很漂亮，配的配件齐全，安装后使用了一下，加热很快，很好的产品。,2
10824,第一辑是从朋友处借来看的，不仅小孩很喜欢，我也爱不释手。倒不是崇洋，该书的角度的确和国内的儿童图书不一样，没有一味地说教，而是生动的故事。让小孩能够感受到看书的乐趣，我想这是读书最主要的。所以当“我要找到朗朗”出来后，我毫不犹豫就买了，出了第二辑我也毫不犹豫买下，同时也介绍了许多朋友买。遗憾的是第二辑包含了“我要找到朗朗”这本书。,2
10825,这本书我买回给我女儿看。她小一，但有数学头脑，每天必看，非要我夺书才罢休。虽然书中有分数、有理数、无理数的介绍，女儿不太懂，但她会来问。我跟她解释后，她就能懂个大概，知道分母不可以为0，0国王只能住楼上（分子）等。对小朋友提高数学兴趣有帮助。当然，也因人而益，我借给我同事的女儿，她女儿喜欢文科，不喜欢数学，对这书就没兴趣。,1
10826,才买两个月就出现问题了，短信发不出、死机，已经下岗了,0
10827,机子反应慢,0
10828,趣味性和知识性相结合的好书。因为里面有很多相对孩子来说比较难理解的东西，所以我采取的办法是每天重读上一篇昆虫故事，然后再读一种新的昆虫，这样孩子对一种昆虫的理解能深刻一些。阅读中注意观察孩子表情，针对一些东西提问，看孩子的理解程度。 开始我开担心会不会太刻板，读了以后才发现太棒了。有些昆虫对孩子简直象人类一样，用心良苦。昨天晚上读完砂泥蜂孩子竟被感动得哭了。真羡慕现在的孩子。,2
10829,对毒品的认识，大家只觉得它很可怕，但对社会、对家庭的危害，禁毒日宣传过后，人们也就淡忘了，尤其是青少年大都有强烈的好奇心，什么都想尝试，觉得新奇好玩，很多犯罪都是无知的结果。毕淑敏以强烈的社会责任感，通过戒毒医院的真实体验，告诉人们，毒品，这个人类的克星，千万不要碰上它。人的意志是纸糊的风筝，只要是系上了毒品的黑丝线，必将迷失在风暴里。让成长中的青少年去阅读和感受，很有教育意义。,1
10830,信号有问题：明明对方开机（同一时间我再用固话打就能打通），却报告说对方不在服务区内！声音：偏小，手机有时装在口袋里，环境不是很吵也听不到来电铃声。短信存储量惊人：只有30条；而且“发送”以后，屏幕也没有“己发送”的提示信息！CSTN屏幕分辨率低，效果不好！拍出的照片狠不满意！,0
10831,感觉一般，性价比不太高!check out比较慢，希望改进,2
10832,"小巧,轻便,性价比突出 送的礼品比较实用,(当然是指除了瑞星以外的产品!)",2
10833,1.机身采用了滑盖式设计，做工出色； 2.键盘手感舒适； 3.屏幕采用TFT-LCD显示技术，亮度高，显示效果非常出色； 4.菜单采用了动画菜单模式，动感十足； 5.铃声音质细腻悦耳，穿透力强，支持自编铃音功能； 6.支持SMS和EMS，支持超长短信功能； 7.拍摄效果不错，支持自拍，具备闪光灯功能； 8.支持GPRS； 9.内置游戏耐玩性高； 10.电池待机时间尚可； ,2
10834,简单来讲，房间还好吧，大过万达假日。不过当时冰雪节比较贵，觉得没那么划算。平时哈尔滨这个烂城市的房价普遍在400左右而已！,2
10835,看这书的简介还可以，但是读起来不是很好，很多单词写的很没意思，没看完就丢在一边了,1
10836,"我也是看lie to me知道这本书的牛鼻作者Paul Ekman的,看到电视的主人公这么强,怦然心动,加上本身对人心于微表情的不经意显漏的好奇,买了这本书,现在虽然才看了30来页,发觉一点没有前面哥们儿评论的那样枯燥乏味,整本书充满了逻辑上的严谨性,但读起来又生动有趣,用了大量生活中的例子来说明不同情况的不同分析,是本严谨高级的抓慌教材.要是有一日能跟随Paul Ekman学习该多好!这算是我未来的一个心愿吧!",1
10837,很好，一直在买,2
10838,就是刚刚开始磁盘分区比较麻烦，有点热，USB接口太少 怎么自带的office用不了呢，还要买版权吗？,0
10839,这本书是订单发出后第7天到的，稍慢了点。书本内容的质量是不需要怀疑的，这是我最喜欢的作家之一，至于翻译得如何，我还没有看全文。仅就书本质量来说是相当满意的。很平实，没有华丽的封面，没有精美的包装，内页是舒服的乳白色--这就是我喜欢的书的样子，价格更是朴素到了难以置信的地步！这是六角丛书中的一本，六角丛书都是经济实惠的好书。希望光明日报出版社再多出这样的书！,2
10840,2天就没电了，去柜台换了电池，还是这样，做了检测，说是没问题。看来电池是太差了。,0
10841,"音质和画面还行,有封闭用户组功能,却不能封闭来电!",2
10842,流离火讲述的是关于青春时候的故事。每个人都会在书里找到自己逝去的青春岁月，纯真的情感。由爱故生忧，由爱故生怖，若离于爱者，无忧亦无怖。” 错过的东西一辈子都会记得它的好，因为已经没有机会知道它哪里不好；错过了其实是拥有着，拥有了其实是另一种意义上的错过．梦想总在它实现的同时完结，因为梦想一旦实现就不在具备梦想的属性．爱情亦如此！,2
10843,入住很多次了都忘记点评了.现在全部补上.从去年底开始基本每个月都去两三天的.,2
10844,1）屏幕是“镜面”的，与客服之前的回答相反啊（我个人喜欢磨沙面的，镜面太晃眼）！ 2）风扇声音比想象的大不少！ 3）Linux 换 WinXP，蓝屏，需要修改BIOS设置（硬盘参数改为IDE方式）,0
10845,"携程的员工最好自己去住住看！这是一家连三星级都没有的酒店。非常不满意：1：携程上不知我什么这家酒店的综合评分是4.3。误导客人。2：酒店信价比不高，地段也太偏。3：早餐是我吃过最差的酒店，肉包里面还有苍蝇。请大家千万别去住，真的还不如Motel.补充点评 2008年6月25日 ： 工作人员态度诚恳，下次愿意再住住！免费注册 网站导航 宾馆索引 服务说明 关于携程 诚聘英才 代理合作 广告业务 联系我们Copyright?1999-2008, ctrip.com. all rights reserved.",0
10846,1.音质绝佳。左右各有一个立体声扬声器。2.在"诺基亚6270"上，NOKIA第一次使用QVGA解析度的萤幕，色彩饱和，画面清晰，透过2.2吋的大萤幕显示出来，效果表现不俗。3.该机内建MP3/AAC/M4A播放器，透过立体声喇叭来听，可以显示出强烈的3D立体音感。诺基亚6270还可将AAC/MP3录音设定为铃声/游戏/警示音，还有MIDI和弦铃声和3D音效。设定方面非常有个性。4.该机还内建了非常实用的字典功能。,2
10847,人生第二次被鸟粪砸中。然后今天洗澡没拿毛巾，洗衣服没拿洗衣粉，去超市买牛奶，喜欢喝蒙牛的却买成了伊利的。我今天是真的悲剧啊。。,2
10848,我的订单是7月17日就发出来了，但是现在是8月2日，我还没有收到货。怎么发评论呢？订单上有电话呀，即使找不到地址，打个电话问一下呀，到底是出在什么地方，希望贵 网好好查一下，避免以后再出现这样的问题。,1
10849,内存小，只能自己加了。键盘手感也没有传说中IBM那么神，可能是用Dell的习惯了吧，不过我同事用X61的试了试我的键盘，也说不一样了。总体还是比较舒适习惯就好了。如果玩3D还是独显的吧，集成毕竟不行。,0
10850,紧靠维港，风景非常棒。周边有钓鱼的老人，散步的游客，非常安逸的情景。酒店的服务不错，也很安静，就是逛街不太方便，好在有30分钟一班的穿梭巴士可以送到么地道和尖沙嘴的北京道。旁边新开发的黄埔新天地不怎么样，美食广场和商场都不怎么样。下次再去血拼，我肯定不住这家酒店了，虽然服务很好。,2
10851,作者提倡内调，不信任化妆品，这点赞同。但是所列举的方法太麻烦，配料也不好找。不是太实用。,1
10852,现在演到多少期了？蒙牛酸酸乳风云榜，貌似我落伍了， 纠结~,0
10853,"肯定我不会再住这里了,太陈旧了,霉味太重,感觉不好!",0
10854,1、818的外型还是很酷的，特别是抽拉式的滑盖，使看多了翻盖三和直板nokia的眼睛一亮。外键盘按键手感尚可；但是值得一提的是，用的较多的确认键和返回键都在中间，即使是左撇子也不会有任何不适应。2、256k的tft目前已经是无可挑剔，与任何同价位的手机相比都立于不败之地；铃声方面也没什么缺陷。3、关于摄像头，我从来就没报什么奢望。我并不看好这个功能，和大头贴的效果差不多吧。对光线的要求比较高，稍微逆光就只能拍下轮廓了。另外提醒一下，如果长时间使用摄像头，电池会速度耗尽。再加上闪光灯，这个功能简直就是电池杀手啊。,1
10855,这是我在国内所见到的最好的一本适合小孩阅读和聆听的有声读物，故事有趣，画面生动，特别是他的朗读完全没有国内很多读物的死板，乏味，甚至让人昏昏欲睡的问题，它的声音悦耳动听，让人琅琅上口，是一本不可多得的小孩读物。我的女儿尽管不是完全能听懂，但却能跟着录音琅琅上口。希望能多出版些类似这样的有声读物，让孩子欣赏到优美的英语，对英语产生兴趣而不是为了考试而学习。,1
10856,"从乌鲁木齐火车站打的过去11块钱,在解放北路,离乌鲁木齐的二道桥市场也不远,可以去买干果,也可以去一些特色产品:陶瓷,地毯.但是路上得小心维族的檫皮鞋的小青年,被他们檫一次据说要200块钱,所以,那天我看见他们往我鞋子上抺油后,赶紧快跑,他们也追,我就拦了一辆的士.酒店的各项条件不错,我去的时候,是通过携程预订的,前台告诉我,你其实可以不用通过携程的,我们可以直接给你携程的价格房.所以,感觉携程在价格上没有任何优势.不过200块钱住四星级豪华标间,真的很值的.去机场打的要45块钱.",1
10857,三星级酒店，190的房价（在岳阳应该算高了），酒店在做促销 158有就有房间了问了前台和我订的有什么不一样，回答是促销的比较旧，订的是新装修的没有感觉比较新啊～家具比较旧，很多地方掉漆了。挂衣服的地方一层灰尘浴缸里面有三个补丁，其中有一个大于我的拇指电吹风不能用其他的就没有什么了前台服务还是不错的就是房间不怎么样感觉对不起房价～,0
10858,很一般，感觉到主人公内心很肮脏，之前读过余华的《兄弟》，被恶心了一把，《女心理师》和《兄弟》有一拼，但文字更加散乱。上当！,1
10859,其它配置还算好，不过1G内存运行VISTA肯定不够。正版系统却不带VISTA的光盘，让人不能接受。,0
10860,京东送货确实挺快的，订了的第二天就送到了。电脑配置和价钱都不错，订的时候感觉很好。运行也很快。,2
10861,自己更新系统成XP后使用起来还是不错的。 有送灵图2008导航软件！可以将注册卡寄回灵图公司免费升级到最新的天行者9版本。,2
10862,外观跟我想象的不一样 ，是康博的电脑，一查原来也属于HP。没有系统，很麻烦的，也没有驱动盘，我觉得应该送驱动盘。到现在我的SM总线都没驱起来。管网上也没有。,0
10863,这本书可以帮助小学生理解数学的很多应用   要比直接让小孩子做数学题更能引发孩子对数学的兴趣,2
10864,唉，相中这机子就是因为功能简单，想着功能简单就不容易出问题，没想到铃声又有问题了，一会声大一会声小，来电话时响铃，中间还会断一下，接着再响，想想都搞笑，现在送修去了，KF小姐听到我的说明后，满脸茫然，只记得一句话，这个我们也解释不了，要检测一下,0
10865,无意看到此书，并买下了，这可能也是一种缘分，（因为我的身体不好，一直在医，别人说什么好，衡量过以后会去尝试-----书中所写的内容接近生活，食物都容易找到，只要照着做相信身体会慢慢好起来的。当在使用对身体有帮助的物品时，请相信它，感受他，感激它，身体会吸收的更好。相信日后身体所呈现出来健康与否，就是此书所作的贡献，也是作者的贡献，希望更多的朋友都幸福安康！,2
10866,呦呵，中国男篮给蒙牛代言啊，怪不得史上最差~,0
10867,英诺森提的插画还有个突出的特点就是角度的多变，你如同在看电影，每幅视角都不同，增加了生动和真实性。构图上往往主角安排在角落，你需要寻找，在寻找当中却看到了市井生活的各种各样的风貌和形态，真是无字教科书。所以英诺森提的插图本身就是宏伟图画，值得慢慢品味。强烈推荐给不喜欢快餐阅读的朋友，推荐给追求认真做事的朋友读，推荐对插画有高要求的朋友。,2
10868,Vista确实很……还在磨合期， 很占内存，右掌托温度比较高。 散热需要改善，声音略有点响。 宽屏看起来有点过宽。 USB插口之间距离太近，没有办法全用上。,0
10869,你简直太厉害了蒙牛,2
10870,基本上我判断作品的好坏都是以我哭不哭得出来作为标准的（变态啊……= =）。但是让我哭那么多次的书在我从小到大的记忆中就那么一本（看哭的经典文学仅此一本）。看着文字真正能感受到他们栩栩如生地在你面前。每每李青缓缓地开始对弟娃的回忆时，总感觉一种悲伤的空气上升，上升，将看文字的人包裹起来，甚至渴望代替他呼喊，代替他哭泣……总之，本书堪称经典，错过就可惜了~,1
10871,实在是太失望了，本来希望能够增加词汇量可是打开看后字太小，内容太乱并不适合我这种初级水平，还有零基础入门版的书吗？要是可以换其他书也行！,0
10872,讲起来太痛苦了。累人。内容太杂了。,0
10873,"京东送货还是满快的...华硕的东西没得说, 公司很多正版的XP,安装XP的速度很快,大概15分钟.全部驱动加常用软件装好大概一个小时 配合无限鼠标,还不赖 送的鼠标是罗技代工的,做工也没得说",2
10874,读此书，才意识到中国历史上最值得推崇的时代是春秋。 能人倍出， 百家争鸣的时代。 王者有王道， 从上至下， 都是有礼有序。书里讲的故事都很有趣， 文风随意， 似在谈史， 又有点调侃历史的味道。特别适合还在读历史的中学生。 不妨听听老师以外的人怎么侃历史的。当然，历史故事讲得还是浅了一点。 而且是第一部， 看到一半， 有点半杆子的味道。 就等下一部吧。,2
10875,一口气将书看完了，唐骏以幽默的口吻阐述了人生经历，总结了人生感悟用，让人很受启发。除了启发，这也是篇励志的作品，人生是可以改变的，命运是掌握在自己手中的。只要敢于挑战，机会总是有的。虽然每个人的成就不可能都象唐骏那样了不起，唐骏这样的天才是少有的，但至少我们普通人可以争取在自己的能力范围内获得最大的成功。,1
10876,速度快，包装也好,2
10877,不但蒙牛，而且蒙人 太坑爹了,1
10878,1. 待机时间长，8小时左右； 2. 重量轻，1.5kg左右，出差带着方便； 3. 这个配置，基本办公，听听音乐，看看电影，够了； 4. 上网的基本设备都有了，摄像头，麦克风，喇叭，有线，无线上网，蓝牙，够用了。,2
10879,房间大小合适，装修比较旧。周边环境较好，离白鹭洲很近，步行只要几分钟，晚上散步不错。泳池是室外的，更衣室设施一般。房间的烟味较大。,2
10880,服务态度极差。预定的房间告诉我没有，说要加钱升级才有。我说我已经用信用卡担保，服务员很坚决地说没有收到，没钱可以走。,0
10881,很不错哦，有需要还会再来哦，感谢，好评！,2
10882,地段可以，这大概是唯一的优点了。房间小，配置简陋，简直没法洗澡。最要命的是没有暖空调，冻的要命。不过前台服务员态度可以。,0
10883,蒙牛不错啊！听名字就很虎势吧！~,2
10884,机子小巧玲珑还可以,2
10885,"因为工作关系,每个月都会去住.在金华市区400左右是最好的选择.",2
10886,感觉一般般，道理都知道，但没有操作指导性。大概刚入社会的小女生可以看看，扩展一下思路。,1
10887,对于这家酒店，我非常愤怒！我是前天入住，前台服务员热情的告诉我，只要我签协议，酒店能给我比携程更低的价格！酒店的设施及其脏乱，而且没有服务员，房间地毯让人恶心，满墙的死蚊子的印迹。最可怕的是昨天竟然中午时分停电，之后听说是酒店失火，很严重，所有的电源设备全停了（包括网络、电话），之后的酒店乱成一团，听说要最快地二天下午来电，所有的客人都苍忙退房。由于入住时是用的信用卡预授权，结果没电无法使用，只有现金结账（四星级酒店竟然没有两条电路！），服务员说来电后会马上向银行发传真，3天后到账，并承诺传真后立刻电话通知我。结果，今天下午三点多我电话询问酒店，说今天上午就来电，但是还没有发传真（忘了），酒店说马上发传真，并肯定说3天后到账。之后，我四点电话询问银行，说刚收到传真，但是明确告诉我，到账需要19天之后（程序所致）！对于这家酒店，我只能打1分！,1
10888,"我们对待数据统计的态度,就像对待领导或者家长,原本应该是很值得信任的,因为他们有一堆道理要告诉你,无论是经验上还是学问上，都觉得应该是对的,但就象领导也会犯错误一样,统计数据也有不牢靠的时候,他们也会在错误的时间出现在错误的场合,如何我们还是如常的言听计从,就是我们自己过于迂腐了,看了这本书,你会更加怀疑数据的权威,并时常保持这种怀疑,因为欺骗越来越多了.",1
10889,价格还算可以，配置也不错，外形很喜欢，待机时间有2个小时！我只喜欢的是它屏幕是LED的，,2
10890,这本书挺好的，尤其是在对明朝的历史能有个大概的了解。不管时间长短，拿在手里就能看进去，比较吸引人。我想如果作者能再深挖一下，在叙事叙人能更丰富更深刻一些、并且多在括号中引用一些原文，可能会使年轻人对政治、官场、人际关系等的复杂性有更深刻的认识，甚至对学习文言文也会有很大的好处。期待着作者修改以后的再版能更吸引人！印刷的字颜色太浅，看着费眼睛，易疲劳！,2
10891,外形小巧，白色很精致。 功能齐全，无线，蓝牙，160G硬盘，电池续航时间长。,2
10892,这是一家住宿房间设施极差的度假村，我提前在携程网订了一间5号楼的房间，但是，当我入住时前台因为没有房间，竟然说没有接到订单，然后给了6号楼，空调很响，隔音又差，隔壁房间的一举一动都听见，原计划住两天，吓得第二天赶快逃。离开后发现，其实附近的好的宾馆还是不少的。不过度假村的环境在当地还是可以。,1
10893,书质很不错，情节更是吸引人．曾经读过两遍，一直都没有很领略作者的那些妙语，可能跟年龄有关系．及至现在身处围城，再来看这一遍围城，内心里不禁为作者绝妙的语言运用能力拍案叫绝．诙谐，机智，揶揄，深刻的比喻充斥着全文，初始看时，大笑到肚痛，越往后看，渐成苦笑，笑得无奈而心内难受．转而深思．１９４６年的作品，放至今日仍能一一对号入座，周遭不乏此种人，或你或我或他．,2
10894,好书，对武术史作者是有些研究的，提到不少相对来说比较冷僻的材料，推荐武术爱好者一看。至于单纯的武侠文学爱好者，就不推荐了。像前边喊冤枉的那位兄台，题目明明写了是“武功的历史真相”，“金庸小说”只不过是“武功”的定语，只是个引子，一个切入点罢了。你既然不喜欢历史真相，自然就不应该买。要是像在实体书店能够翻阅一下，就不会闹这样的笑话了。,2
10895,还没有安装，是正品，安装的时候再来预约。,2
10896,这个酒店到还可以。但是最近两次住那里两晚以上，结果酒店每次都给携程说我只住了1晚就离店了，太不象话了，影响我的积分。酒店使这点小心眼，太不应该了！！！,1
10897,有折衣服的方法，挺不错的但是，我觉得编辑似乎忽略一个群体，大学生。老实说，我用那些方法叠衣服是把衣柜整理得很整齐，但是，厨房啦地板这种，还与我无关，我还是想知道，怎么洗衣服才算最干净的，那些本本的线怎么拾掇才能整齐，手提包的东西应该怎么放才不乱，书桌应该怎么整理。现在大学生的书桌和衣柜基本都是这样了，所以读者应该还是挺多的,1
10898,承德历史和自然风景很美，但饭店服务方面、、不敢恭维住宿：1、房间 标间设施简陋但还算干净，可是房间总是有一股刺鼻的家具气味；另外房间木门变形，每次关门总要使劲儿才能关上，不仅声音巨大扰民，而且不容易上锁。2、家具 明显老化，很多家具都掉漆了3、环境 非常安静，适合住宿，没有杂七杂八的骚扰，能睡个好觉餐饮：在北京也吃过几家素斋，心想这里应该也不错吧！！嘿嘿、、、首先菜单上素斋就2页，菜品单调，而且和荤菜和在一起，让人失望。不过既然来了，那怎么也点上几个素斋尝尝，顺便叫了当地产的15元1瓶的精品啤酒，没想到菜上来后、、、其中一道素斋“糖醋里脊”，厨师糖搁多了变苦了，我和媳妇尝了没法吃，就希望退了或换菜。没想到麻烦来了：先是服务员把菜撤回后厨又原样端回说这菜就这味儿；没辙叫领班商量，过一会儿，又一服务员冷冰冰的过来，问我们找领班什么事？我只好又解释一遍；等啊等，千呼万唤，领班终于出现了，问有什么问题，我又重复一遍。领班大人表情严肃地尝了一口，斩钉截铁的断言：“菜没问题，我们这就是这个味道！！！” 无言，我只有乖乖的结帐，拉着生了一肚子气的媳妇回房间。这就是4星级酒店的服务，我只能在心中默念：“顾客是上帝，下次我决不到这住了。”,1
10899,"1.太厚了，不知道什么时候可以做到和S101一样的轻薄,但价格别那么贵 2.因为促销所以选了白色，如果能换黑色就好了 3.C盘用了80G多,不知道分出一些空间,是否会对自动恢复系统造成不良影响?",1
10900,收到货代开看看了，书页的印刷还是挺清楚地。封皮和网上的图片也一样。但第二次打开看的时候，封皮一翻开，边际出就折了，没有断，但是折痕的裂口很明显，封皮的纸张的质量太差了吧。因为要送人所以在里面的纸上写了几个字，没想到，阴了。-!在当当上买了很多书了，价格的确实惠，但这质量嘛，唉，是否便宜没好货呢？,1
10901,1、配置足以满足我的需要；2、屏幕完美，整机外观不错；3、发热还行，没说的那严重；4、声音效果还行；5、键盘按着舒服；6、装XP后机器中的光盘都有驱动，好像不缺什么驱动，装XP时在客服的指导下很顺利，就是IDE下装的，不知道是否慢了。反正没感觉出来,2
10902,上面大大的字写着：随书赠送精美签名海报的啊？？？怎么只收到书没有了海报啊》》？？？？？还我海报啦！！！,0
10903,酒店位置很好，去火车站、机场、逛街都比较方便。设施什么的也很好。在这个位置这样的价格真是银不错了。如果不是正好有个工地在边上，应该会十会清静。服务员的态度也挺好，只是结账的时候因为不知是谁在服务指南内页上用原珠笔划了不到2厘米的一条线，查房的服务员反应十分过度的不让结账，说要赔偿，虽然最后经过交涉没有赔款，不过心里十分之不爽，下次入住前如不是要把房间检查个底朝天谁敢住进去。希望这次的经历也使酒店执行制度不会再过度僵化。除开这点不愉快，其实还是值得推荐的。,2
10904,性能好，配置算是中等偏上，对大多数用户来所足够了。外观低调不失大气，买回家当台式机放在家里也不错。屏幕大，中老年人在家里上上网之类的也很舒服。,2
10905,给孩子拿回去这套书后，宝宝兴致很高，一晚上的时间就把13本讲完了，还嫌不过瘾。对宝贝去动物园特别喜欢，因为这个跟生活很贴近，我们经常带宝宝去动物园，其中的场景让宝宝觉得很熟悉，看的特别有兴致。其他入宝宝过圣诞节什么的，跟我们的生活有些远，宝宝也让讲，但是她自己会挑其中一些页面来看。总的来说，这本书还是不错。附注，孩子的年龄为1岁9个月。,1
10906,"我们是夜间1点多到的青岛，酒店安排了免费接机，酒店的服务从这时就开始了，上了接机车，司机就递上了消毒毛巾和矿泉水，给我们带来了一股清凉，车快到酒店时，司机通知酒店客人马上就到，车进入酒店直接停在了我们入住房间的楼门前，早已有服务员在此等候，为我们打开了车门，将我们送入了房间，紧接着送来了两杯果汁，并告知我们天色已晚，为不影响我们休息，明天再办理入住手续。我们住的贵宾楼新装修过了,我们订的是北房，安排在一楼，房间内的设施还是不错的，床和床上用品都够标准，这一夜睡得很舒服。第二天白天时，听到有不大的装修声音，LG提了点意见，酒店立即更换了房间，升级到了4楼的海景房，真是没得说。酒店的露天海水泳池正常是10点开始，LG有晨泳的习惯，游泳池的服务生说你什么时候来只要招呼一下就行，LG很高兴，我也破例没睡懒觉，去游了次晨泳。在酒店吃了一次晚餐，用餐间LG咳嗽了几声，餐厅服务生立即送来了一份银耳羹，一会又送来了止咳含片，像这么无微不至的关心，真是难得见到。走在酒店每一处，见到的每一位酒店员工都对你真诚地微笑，让人感到这里是一个大家庭，家里的每个人都很友好，我们的心也在微笑。从很多细微之处，体现了酒店的管理水平，从我们接触的酒店员工身上，我们看到了他们对酒店的热爱，以能在这个酒店工作为荣，这真是很难得的。在我们住过的酒店中，这家酒店以它一流的服务，一流的微笑，一流的管理给我们留下了深刻的印象，以后再到青岛，非它莫属了。",2
10907,这本书是作者半生的智慧结晶，是对中国古文化和现代科学的重大贡献。我怀着十万分崇敬的心情拜读此书。深深感激作者的无私胸怀，毫无保留的向后人贡献自己的才智，比那些有点成就就要靠着知识产权来赚取钱财的伪学者高明万倍。向这位学者致以崇高的敬意，我代表我的子孙后代向他表示我们的敬意，感谢他为中华民族的文化传承所做的工作。功泽后世，永受尊重。,2
10908,配置不错，性价比挺高的。重量也很轻，自带Windows XP和Windows Vista两种驱动光盘。,2
10909,总的来说很满意。距离市中心稍微有点儿远，房间干净，整洁。我住的大床房，面积稍小。服务很好，帮我免费洗了内衣，每天送水果（2个香蕉加2个苹果），服务员很有礼貌。缺点是早餐不丰富，1楼的餐厅价格太高。,2
10910,这个酒店就是招待所改建的，所以各项硬件设施非常简陋，关键是大门在二楼，也没有无障碍楼梯，背着行李上楼，更没有服务人员帮忙！晚上在一个居民区里休息，都不敢开窗户，总之，很不满意！,0
10911,我怎么觉得做工挺好，散热也不错呢？？？？还有装系统很麻烦吗？BIOS里设置一下硬盘参数随便找个XP一装不就完了吗？驱动下载一个system update，安装完成后驱动自动下载下来，而且是自动安装的，有什么麻烦的？我到怀疑你们这些人到底会用不会用？,2
10912,屏幕垃圾的要死！太亮刺眼睛！对眼睛伤害极大！！！看久眼睛就疼！不晓得大家的本本怎么样！反正色彩是我采购的10多台笔记本里面最垃圾的一个！调了显卡设置也没用！颜色偏差很大！如果用来工作！肯定不行！,0
10913,不太喜欢LED背光，色彩看上去不舒服，还是普通的CCFL好（CCFL 5.6英寸，显示1024 x 600，都比8.9 LED背光的要好）,0
10914,可惜不带系统 做工设计要是能够比比sony就好了，但是一分钱一分货吗,1
10915,很失望，书的内容乱糟糟，一点意思都没有。整个一个精神病医院，哪里像个心理诊所。看后大脑空白，心情一点都不轻松。想看书消遣的朋友这本书绝对不是最佳选择。,0
10916,"该酒店338元/标间价格绝对不值,不知道航空酒店定价标准是什么.马桶根本没有消毒,前天晚上入住,用了马桶之后,屁股立马骚痒,到现在还没有消退.另外,早餐餐厅也小得可怜,食物品种和数量也少,要是晚去吃早餐,保准吃不到.",0
10917,作为有史以来最伟大的基金经理彼得&#183;林奇凭借其在投资领域杰出的贡献，终其一生的经验和智慧，书写了这本《彼得&#183;林奇的成功投资》。这本书可以说是广大的业余投资者的福音，书中不仅讲述了业余投资者投资入门的基础知识，而且还深刻精辟的分析了业余投资者最常见的投资心理误区以及投资陷阱等，是一套最实用、最有效的股票投资方面的专业书籍，让人读后深受启发。,2
10918,隔音太差，走廊有人说话就像在自己房间说话一样。房间门关闭不顺畅，要用力推。服务员爱理不理的，前台服务员连英语也不会说。卫生一般。,0
10919,"可能是以上海地区而言不算贵吧,但是一切都乏善可陈,就是说不出甚么特别不好的,但是也说不出一点好的,反正如果住这种酒店,不如委屈点住廉价连锁酒店还可以省钱早餐没啥东西吃,又是一个扣分项目,前台和服务员动作很慢,还好离机场近,不然不早退房会赶不上飞机",1
10920,宏基，自带linux.开机无法使用，咨询售后是由于没有完全安装好。所以只能另装XP 宏基自带手册不全，说明书简单，差不多都是英文 自带软件为英文界面，安装不便 安装完成后，系统无声音 发热大,0
10921,总的感觉还可以，很安静，房间也好。靠近民族村和海埂公园，晚上可以去滇池边坐坐，听听潮汐，非常的享受。唯一不好的就是晚上打车出去不方便，不过前台也有准备，可以帮你叫出租车，提前说一声就行。,2
10922,在故事中穿插着知识，而且很有趣味性，让孩子在听故事的同时，能学到不少知识，很好的一套书。,0
10923,个人觉得非常适合4到6岁的小孩。对这个年龄段的孩子来说，过于繁复和专业的知识恐怕无法吸收，书中文字内容很适中，图片精美，相当不错。书到的时候，小孩正在闹脾气，赌气说要把它们扔掉。我随手拿起一本，打开来看。小家伙眼睛瞄了一眼，小脑袋立刻凑过来了，很快就沉浸在书里了，早忘了刚才生气要扔掉书了。呵呵！对了，这套书的价格不菲，这是唯一让作父母的心有戚戚焉的地方。,2
10924,"这本书我最喜欢的是那一句人生若只如初见.也就是这书的名字。人生若只如初见,所有往事都化为红尘一笑.只留下初见时的惊艳、倾情。忘却也许有过的背叛、伤怀、无奈和悲痛。这是何等美妙的人生境界。时光匆匆，我们已经回不到过去,也许曾经一见倾心,但是再见之时,也许会是伤心之时。若是如此,不如初见时的那份感觉……这本书，介绍的不仅仅是诗歌，更让我感受到古代那美丽的爱情~！",1
10925,1.屏幕完美、性能很好； 2.价格很便宜，完全可以取代台式机。,2
10926,不是每个人在成长的时候都有一个美好的环境，指引你走向健康、成熟的心智旅程。也许一些坎坷、挫折在心里留下的影子并未随时间流逝，而你又无法自己解脱。苦苦寻求外界的帮助又迟迟得不到要领。某年某月的某一天，无意中翻到一本书，那似曾相识的场景，那些捅破多年来心里隔阂的窗户纸的文字，带着感激的心情用心浏览一页页解惑的篇章。感恩的心，感谢命运，感谢有你，让我有勇气做我自己...,2
10927,苹果的设计非常的人性化，很讲究用户体验，即使是刚到手的小白，用起来还是很有意思的。,2
10928,第2次入住该酒店。总体还是不错就是不能免费提供宽带上网服务。宽带上网价格高的离谱 50元1天。着不是可以承受的价格。总体还不错,2
10929,"荐书:朱元璋是一个将皇权发挥到极致的一个皇帝,但是我想这跟他的经历有关,虽然自小聪明\机灵,但却读书不多,而且经历坎坷,这就养成了他复杂的性格,沉稳,坚韧,暴戾,多疑,越是权利大,越是暴露无遗.",1
10930,补充一句：书中的图画的清晰易懂，但绝大部分照片、举例都是政治家、社会名流，自然联想到这些身体语言的技巧用在我们一般人身上或一般人的社交场合是否真正实用。建议：还是有选择性的阅读，慎重选用书中的技巧。毕竟中国不是美国，中国人不是美国人，中国人的习惯和美国人不一样，和世界上绝大多数国家不一样。,1
10931,dcl d308不仅分组铃声不好做，而且不像厂家宣传的支持内存扩展，它自带有一个32M的内存，就支持那个，其它的不支持，还很容易死机，我上个月买时顺便买了个128M的扩展内存，结果第二天就出问题，拿去检查，不管换同型号手机还是换内存，都无法使用，没有办法，只好送厂家维修，一个多月了，手机还没有修好，建议各位别买DCL手机。,0
10932,这本书是女儿点名要买的，我都不知道原来他们班级正在流行看这个的，她指着一瓶饮料上的广告告诉我的，因为外婆在书摊上只找到关于这个游戏攻略的书，所以只能我给她上网找了。买回家自然很高兴，书一直被带去学校差不多已经翻烂了，因为女儿喜欢所以给了4星，如果是按我的话可能只有1星了，因为这本所谓的游戏迷宫书真的不怎么样，如果真在书上玩迷宫的话会伤害眼睛，字体排版设计不合理，就光看看图吧。哎...,2
10933,很不错，到货很快，当天给客服打电话，下午安装人员就上门了，速度啊!但但当时没有水，没有试试，应该没事的，万一有问题还可以找厂家维护人员。,1
10934,“没有条件，创造条件也要上”这句本是励精图治的一句话，却被三菱的百万像素手机M800误解成虚荣心的意思。百万像素摄头和看似很拉风的“闪炫外屏”就是太过摊慕虚荣的表现。虽然不知令多少时尚消费者为之疯狂，但你是否能想象，仅有的卖点屏幕却不支持来电号码显示。作为一款百万像素产品，三菱却仅为M800配备了1.5M的存储空间，而百万像素照片大小一般都在300K左右，所以满打满算M800机身也仅能存储5张照片，令其百万摄头实在“英雄无用武之地”，使广大消费者为之痛心疾首.,1
10935,第一次网购买大件儿，包装什么都挺好，就是物流态度不咋滴！具体怎么样，等安装后用了再追评！,0
10936,我真的很失望，本来很期待这套书的，结果早上收到的时候发现和我以前买的一套噼里啪啦从书大体相同，只是多了几小本而已，特别失望，觉得这套书白买了,0
10937,酒店设备很陈旧，浴室设备也坏掉，服务也很差。因为到的比较晚，入住已经差不多11点钟了，家里人打电话来酒店，酒店总机也是特别没礼貌的挂电话。因为经常出差，这基本上是住过最差的酒店了。,0
10938,优点：房间条件简洁、气氛温馨，住宿环境比较安静，价格比较合理，服务态度好；不足：窗户几乎与后面的房顶等高，加上没有防盗窗（网），安全感不高。,2
10939,真的很吵 我特意要了个安静的房间 虽然听不见外面的交通声音，但是走廊里的声音一清二楚我要的是商务大床，感觉很小，但是还算干净，最主要是电视没有机顶盒，最让我诧异（怎么说我也是在上海阿）,1
10940,"没有想象的好看~太多文字的卖弄,内容不实在~",0
10941,很漂亮，可以下载很多好看图片，还有铃声，够靓！屏幕大小也合适~,2
10942,ITIL作为信息系统服务管理的最佳实践有很高的借鉴价值。不过，正如以往很多国外的标准、规范、样板在我国的推广面临的问题一样，不同的文化、社会体制、管理理念、传统习俗会导致东西方思维的差异，因而，必须在充分理解别人的经验、实践基础上，才可能很好地“借鉴”。这就是本书的作用和购买的价值——了解的基本条件。不过，“拿来”也是需要化功夫的啊！,2
10943,HP系统安装太麻烦，不能用GHOST，必须要系统安装盘。不知道是我安装方法是否有误，必须把在BOIS里，把SATA改成Ide才能安装 机壳要是黑色就更好了,0
10944, 喜欢喝蒙牛不？,2
10945,本本不带系统，装系统和分区很麻烦，联想装系统要收120元，黑！,0
10946,酒店的服务不错，我去是预定的豪华大床间，后来因为没有我预定的房间类型，自动给我升级到商务套房。这点还是让人比较舒服。另外早餐现在也还可以。就是因为距离机场比较不远，飞机的噪音比较大。宾馆反馈 2008年3月14日 ： 尊敬的客人，您好，非常感谢您对厦门丽轩酒店的服务及早餐的认可，对于酒店的软件服务，我们一直在改进。另外噪音问题，酒店于2007年5月份经过重新装修，很大程度上解决了噪音问题。欢迎您的下次光临！,2
10947,外表是大部分女生的最爱类型，时尚美观，内存很大130万的摄像头也不错，我的电池性能超好，给家里打1小时电话都没事，还能再用起码1-2天。热键的设置也不错，很多功能直接调出。,2
10948,"声音质量不好,用了两天屏幕显示灯就不亮了,还要到厂家检测,耽误用不说,花了钱闹得挺烦心,我建议不要买这款",0
10949,LED屏幕相当好功耗低效果好 内存DDR3  虽然对这CPU没什么用 蓝牙 虽然不值几个钱 但这机子做的很值 比较3399,1
10950,整体做工尚可，屏幕大有面子，硬盘大够肚量，独立显卡是ati的3430并非3410性能可以，配置够用，上网、看片子完全没问题。用ghostxp装好无需再要装驱动。,2
10951,通过携程预定的行政双床房(且提前付清房费)~最后居然给我们父女两人一间大床房~还一再申明没有双床房了~在我的一再要求下~最后虽然还是提供了双床房~但是印象大打折扣~补充点评 2008年3月24日 ： 温泉~住店客人是98/位~小鱼池是46~另外收费的~,1
10952,入住蒋家别墅大床房，设施完善，庭院具有苏州园林的风格，比贝氏做的苏州博物馆强多了！不愧是苏州的“国宾馆”。几点遗憾：1、所谓的大床不是2x2的大床，带个小孩子肯定辛苦；2、中餐厅总是有宴会，动不动就包出去，只好到街上去吃饭。题外话：1、苏州的女孩子好像不会笑，两天下来，整个院子没看到一个女孩子能对客人微笑的，到是男生都很客气；2、几家有名的苏帮菜餐厅好像都是国营的，尤其是北门的那一家，下午一点去，告诉说厨师下班了，第二天再去，满屋的乌烟瘴气，那个女的告诉说到别的地方去吃吧，很不客气。观前街的两家，一家是有最低消费，另一家去晚了就得吃“锅底饭”了。,2
10953,晚上9点多到， 结果前台说携程没有定，向我推荐了另一房间，由于外面下大雨，手机被雨水淋坏了，只好入住了。第二天携程电话确认，说确实给我定了，可能前台他们搞错了，或者是新来的。虽然有点不愉快，但是他们态度还是不错的。,1
10954,看了这本书感慨良久，或许书中的点点滴滴就发生在我们祖辈的历史当中，家族史是我们没有个人都不能够忘记的，父辈的一言一行对后代都有着深刻的影响，不能够不说我的祖辈的原型就在该书里面有所凸显。在一个风云变幻的年代里面，怎么才能够走的更好，怎么样才能够让家族兴旺发达，这值得我们每一个人深思，思考家族的命运，思考自己的命运。怎么样的人生之旅才是我们想要的。,2
10955,又没有人尝试过在12点03分到达前台退房，竟然被告知需要多支付半天房费的。我在12月6号就在这个如家试过一回了。当时12点03分已到达前台退房，前台一位名叫杨之武的工作人员态度非常恶劣，竟冲着我喊，说我超时了，还说电脑系统是自动的，没有办法，必须要收多半天。我跟他说了3分钟左右，旁边的房客也看不过眼，说：“过3分钟就算了吧”。但他态度还一样强硬且恶劣，没有看到过酒店有这样的服务态度前台接着我马上打12315投诉，登记了事情过程以后，12315叫他接了电话说了几句，他还狡辩说：“他不是迟了3分钟，是迟了5分钟，现在他们的钟显示已经是12点08分了。但我们可以协商解决的，是他还没有说完我就打电话投诉而已。”,1
10956,这样一本鼓吹阴谋式的烂书被这样吹捧，真是国人的悲哀。又是一本快餐读物，像垃圾食品一样令人乏味和没有营养。文笔太差，故事很一般，没深度，缺乏思想内涵，作者的层次还是太低了。估计再过五年就没人提起这本书了,0
10957,"<色,戒>是一本挂羊头卖狗肉的书,本来买回家准备过足读小说瘾,结果是一本短篇集.网上购物有缺陷,因为我们不能动手去翻要买的书,买者应该对其进行必要的,一目了然的说明,哪怕加一句?短篇集?,读者也不会对到手的书如此失望,啊.......受骗了",0
10958,预订是携程小姐推荐的，怎么说，一个字，烂 ，两个字，真烂，三个字，实在烂。典型的政府国营单位的痕迹，根本不懂什么叫服务，房间既小又破，三星都勉强。花400多买了瓶红酒，馊的！,0
10959,我觉得GD88这个机子还是不错的！！,2
10960,感觉好像是文科生看一本《高等数学》的教材一样，流水账一般，只是背景很好罢了，选择在这样一个竞争激烈的时代，写了那么一个催人奋进的故事，文笔不咋地。,0
10961,态度超级不好，我订的普通标准房，结果去了说没有了，说免费升级豪华双标，我一定要有网线的，结果第二天告诉我不能用网，而且房间在附楼，超级远，我东西超级沉，一个姑娘就这样抗着都没有人管。第二天说给换房间，结果打扫人员愣是听不懂前台的普通话，让我扛着行李来回的走，不知道在干什么！！！！结果换了2次，换成了标准房，我怕标准没有豪华好，结果一进去发现不仅在主楼，而且比前一天的豪华好多了！！！！！！至少窗户很大，网线也能用！对于第一天的入住超级不满意，感觉被骗了！！！,0
10962,较烂以及让你绝望的烂且无法选择的烂。缺少竞争啊,0
10963,机子不错，用起来也方便！赞一个！,2
10964,1.电池续航时间长 2.键盘的手感比想象的要好 3.N280的处理速度还能接受，日常办公的应用没问题,2
10965,这次入住感觉酒店气氛蛮浓，早餐品种超“丰富”，意外的是，走的时候酒店有班车免费送我到机场，在车上“金钥匙”向我详细介绍了机场班车的情况。特别在这里发布，希望给像我这样这样经常出差到瑞安的朋友做个参考每日酒店发车：6：00AM—10：00AM机场返回酒店发车：19：00PM—21：30PM机场返回,2
10966,"买之前也没见过这本书,听他们说的天花乱坠,翻了几页就够了,内容太粗糙了,韩国人特有的搞笑,我非常不喜欢...",0
10967,很不错，电池确实耐用，虽然达不到标称的9.5小时，但也很满意了。,1
10968,很破的酒店，根本不陪挂牌四星的标准，顶多就是一个2星还勉强。酒店就是一个巨大的娱乐场所，里面夜总会，桑拿应用尽有，晚上骚扰电话一个接一个。房间装修很老，电视竟然不看了。更搞笑的是，桌子上虽然有网线，但是没有插座，感情大家的笔记本都不需要充电了么。,1
10969,"我是12月30号买的,用了大约25天有一个键上的字已经掉了.去修还没的修..",0
10970,卫生条件比较差，真的很差！毛巾白里透着黑，马桶和地面已经分家，一碰就要倒。没有停车场，车放在马路边不是太安全,0
10971, 实际行动，不购买任何蒙牛产品 转发微博,0
10972,以前女儿就与邻居家的小姐姐玩过“老狼老狼几点钟”的游戏，这次见了故事书，喜欢得不得了。在幼儿园回家的路上，边走边看，回家顾不得吃饭捧卷细读，即使下楼散步，也舍不得丢下她的宝贝书。一晚上就攻克了拼音关，自己读完了一本书。我认为这书特别适合大班的幼儿阅读，故事生动有趣，图美字大且带拼音，孩子可以独立拼读，而且书页不多，吓不着孩子，不知不觉间轻松掌握了拼读和故事。,2
10973, 我投给了&quot;王小山抵制后不喝蒙牛&quot; 这个选项。,0
10974,这本书没有我想象的好，书本身的质量和印刷还可以 ，但内容与书名不符，应该改名字；而且有很多牵强的地方，有的地方有点鸡蛋里挑骨头（拼写错误也要拿出来说...）；感觉作者有点勉强的凑内容，想让书看起来厚实点？ 个人建议，仅作参考；,1
10975,通过本书看到了俞敏洪老师的个人成长过程，也明白了其实每个人都有自己不同的经历，在不同时期和不同阶段都会碰到不同的情形，能不能跨的过去关键还是自己的心态，一种积极向上的心态对一个人的整个人生而言是非常有帮助的！本书还特别讲述了大学生的就业问题，里面的不少问题都是现在很多大学生所碰到的，不仅对大学生有帮助，对我们年轻人都是很有启迪作用的，是一部非常棒的书！！,2
10976,这本书是老师推荐的（我是英语专业），很早就想买，一直没找到机会，现在终于买到了！先说书的质量，很好，没有一点儿缺陷，附带的光盘质量也很好，没有残损等等，我很满意。其次，书的内容。无论是英文还是中文翻译，都很有实用性。无论是借助其来拓展英文的学习，还是看中文来增长知识面，都是非常好的选择。尤其是光盘的录音，有一部分是当时的实时录音，真的很好！我非常喜欢这本书，这个价钱很值得！,2
10977,外观看上去灰灰的，笨笨的，一点也不漂亮！而且给人臃肿的感觉！双屏手机，但效果不理想，色彩不够真实，文字显示也有毛边！声音不够大！短信容量不大！电池不怎么样！一般一天就要充一次！而且感觉特费电！信号不太好，我这个有段时间死过好几次，去找售后，没法解决！说等上面的意思！拖着拖着没那个精力去和人家理论了！建议大家别买这个机子！,1
10978,"9月初去南京,住的这家酒店.看网上评价还不错.可是到了酒店后感觉特不舒服.客观评价一下:1.那位门童大叔,笑容可鞠,前台的服务员和自助餐厅的服务员,让人感觉真是""宾至如归"";2.房间太小了,除了一张小单人床外,走路都很困难,设施也非常陈旧,感觉象几十元的招待所;3.原计划住两天的,只住了一?",0
10979,我不喜欢他的文章，没啥意思，买的后悔了。他写和张爱玲那段，倒是蛮懂得避重就轻呢，虚伪。,0
10980,浓浓香草，最爱的还是蒙牛奶特啦@蒙牛微客服,2
10981,学了十多年英语，但一直一瓶不满半瓶摇的，工作几年后，深感英语的重要，就跟一个朋友学。她有多年的英语教学经验（主要是教像我这种学过但没学好的已工作的人），在挑选教材时把市面上的都看遍了，最后选中这个。她的理由就是：这个教材从人物名字的选择，到情景会话和俗语的选择，都和现实贴得很近。比如现在很多美国女孩叫EMILY，书中也有conversion里的主人翁叫这名。现在我学完了1，正在学2。,1
10982,电脑的外观，性能都没得说啊！相信以后是不会再选择其他品牌的电脑了！,2
10983,酒店很脏，到处都是发霉的味道。在我结帐的时候，发生了一个小意外，服务员说我喝了房间的矿泉水（姑且认为她是在搞笑吧)，我让服务员把我喝过的矿泉水瓶拿下来。结果服务员（当天的值班经理）拿了一瓶农夫山泉，说是我将瓶盖打开了一半。我当场回绝。 结果这个值班经理把水往前台一扔，走了。 前台小姐问我说怎么办？我说你凭什么说是我将瓶子盖打开的，也许一开始就是这样的，前台说，那你进去的时候为什么不检查一下。我无语：难道要让我检查一下所有的东西，小姐，我是住店的，不是什么检查团的。请你搞清楚。于是我说了一个谎，我觉得对于这些无聊的人这是最省事的。 我说我检查过，当时没有打开，现在为什么开了。一定是你们的员工干的。后来前台没办法，开了个客人拒付的单子。总之，觉得很郁闷，住了这么多携程推荐的酒店，这一家是最差的经历。,0
10984,NND，功能超多啊，特别值，比我两年前更贵的本强太多了。。。 简单介绍一下 有指纹识别，面部扫描 LED屏幕各方面表现不错 性能强劲、搭配合理 很平衡，很超值,2
10985,地理位置：正对长春火车站，优点：方便乘火车的朋友，缺点：感觉环境有点乱，物价较高，但周围各种饭店很多。房间：大小一般，被褥比较干净，离马路有点远，晚上比较安静。卫生间马桶和浴缸有点旧旧的感觉。隔音一般，走廊没有地毯。我们正对电梯，所以电梯停靠和人声比较嘈杂。含双早，种类比较丰富。服务：中规中矩，没什么特色，门童是女的。,1
10986,第一次来当当买书，选择这本书看上的是它的销售量和顾客的评价。老实说，这本书没有多大的可读性，我儿子只对讲故事那册有兴趣，也许是年龄偏差吧，我儿子四岁。这本书的主打《忙忙碌碌镇》实在没有多少吸引人之处~~,0
10987,一直都介绍客户到这家酒店公寓，由于地理位置比较方便接送，临近苏州乐园，环境也比较好，像家一样的感觉，总体比较满意。直到最近遇到一些问题，让我有所怀疑是不是我的判断出了错。提出问题的是国外总部的CEO，房间没办法上网，第一天晚上因为要在12点前给加拿大发一个文件，晚餐后不得不早早回到房间工作，结果却上不了网，只好打电话沟通解释，忙到深夜。第二天回来询问了上网的密码和操作，前台翻了半天账册，打印出一张A4纸大小的说明，简单看了一下，发现需要建立连接，设置电脑，步骤及其复杂，略懂电脑的我都要有点担心操作不来。结果第三天，老板无精打采的告诉我他还是没法连接到网络。并且，告诉我下次不要再订这里了。我觉得在这样的情形下，真的很没有面子。在退房时酒店解释说有部分的房间可以直接上网，部分的需要手工设置，我真的很无奈，难道就不能事先说明吗？尤其是老外，电脑是意大利文的，设置起来又要懂电脑，又要懂语言，就不能不自找麻烦，给安排直接可以上网的房间？建议早点建立WIFI连接，彻底解决这个问题。当然，他不愿意住在这里还有其他的原因，他对于入住时要刷卡多押一天房费十分不满，他说他去过很多国家，唯独在中国会有酒店（当然不是所有的酒店，有的只押个卡号）这样去做，因为这样做是对人格的极大不信任，在发达国家决不会在入住时要求刷卡，或押现金，而且是远超过房价的金额。虽然我解释说，这是惯例，不管对中国人还是外国人都一样，决不是对外国人的歧视，但是心理还是觉得很不舒服，因为我们观念的落后，或是信用的落后。由于工作需要，要求延住一天时，酒店再次要求补刷差额，这次只要求加一天的房价，也许是我们的不满给了酒店人员太大的压力，他最后说也可以不用刷了，这时我真的发火了，难道规则是随便定的，随便执行的？可以刷也可以不刷，这算什么？？？卡都拿出来了，就这样收回去，恐怕老板的怒气也要再次被激起，于是又刷了500。结账时，问题又来了。手里有两张签单，由于费用超过第一张签单3元钱，于是被要求再刷一次1500，解释是不能消费超过授权，其余的3元从另外一张授权中刷。或者可以给现金3元。望着手里的1500元授权，500授权和1500消费，3元消费，老外几乎绝望了，实在搞不懂这么简单的事情居然被弄得这么复杂。他所能做的就是下次不再来找麻烦了。,1
10988,好小的门面，没有电梯，房间也不是很一致！豪华房居然要400多，马桶还是坏的！酒店太自作主张了。。。。,0
10989,"刚才那个谈优点的人根本就是无知,多普达就不生产CDMA的产品,如何比CDMA的产品,",2
10990,不知道‘秘密’的作者有没有采访过本书的作者，从时间来看本书作者应该是更早了解了宇宙的秘密：‘万物皆为一物。当你想要某种东西时，整个宇宙会合力助你实现愿望。’初读会以为是一本像‘壹千零一夜’的某个神话寻宝故事，其实书中的故事寓意深刻，非常耐人寻味，对于想了解人生意义和追求自由快乐人生的读者，本书不会让你失望。读罢本书，我有一个冲动，很想立刻去做我想了两年也没做的事。,2
10991,买本新书刚打开包装袋就看到破损，感觉挺不舒服的,0
10992,在上学的年纪，有些逆反心理，越是大家说好的书越懒得去看；其实逆反也不能全算做自己的青春期心理，而是确实看到不少所谓的名著根本读不下去，难以想象别人是怎么读下去的？后来就索性完全绕开这些所谓名家之作，完全凭自己的兴趣来看；但是随着年纪的增长，慢慢发现大多数情况下，推荐的这些东西还是有道理的，所以在接近不惑之年又开始慢慢看这些大家都叫好的书了。,1
10993,虽然是3499买的，但是我的送了好多东东啊！！比3399的超值很多！,1
10994,是包装得蛮漂亮的一本书，但是内容让人有点失望，我是冲着＂庄子＂来买这本书，原先看原箸，有些地方看不太明白，没能真正悟出其中的道理，原以为看于丹的心得会有所启发，结果发现她的心得比我所悟到的东西还要敷浅，失望啊～～虽然我本人也说不出什么深刻的道理来，但是这本书对于我想更深入的了解＜庄子＞是一点帮助都没有～～,1
10995,里面的内容很浅，而且没有系统性，没有买和收藏的需要。不过作者对生命的热爱还是很值得学习的。我相信只有热爱生命的人，才会用力地去生活。,0
10996,酒店还可以，房内有电脑，数字电视。早餐一般啦。隔音效果比较差，下面是商业街，不太安静。,2
10997,"酒店还可以,前台的小姐很热情.周边有很多的商店和餐馆.不好的地方是酒店的卡拉ok12店下班,不能早睡,房间和对面楼很近,要拉窗帘.",2
10998,USB接口呈上下重叠设计，过于紧凑，USB设备不可太厚。光驱噪音大。 硬盘噪音大，在BIOS里将磁盘性能调为最高性能可开启SATAII，ATA133，此时噪音可较前减小一点（建议换用西部数据硬盘）。,0
10999,可能是那个时代的真实写照但是我有点看不下去看到把家里钱都花光房产地产全输光老爹气死的这里个人无法接受这种生活状态活着应该是为了让生活更好，而不是让生活更差没兴趣再看下去了,1
11000,纵观整部书（上下两册）  从文字，到结构，人物，情节 没有一个地方是可取的虽然有过从业经验 但并不是有过类似的经历就可以写书的文字的东西  需要表达  需要雕琢很失望的一本书,1
11001,觉得内容很空，也不知道是不是我的理解力不好，没看懂，还是它确实写得不清不楚、不明不白！,0
11002,不适合我29岁的年纪看， 怎么就觉得那么没意思呢，高直的漫画我买了两本，一本也不喜欢，我的一个狂热热爱漫画的朋友也不喜欢。,0
11003,屏幕比较大，但显示的字数行不多，看起短信要翻好几页，很麻烦！功能单一，没有关机闹钟，没有自动开关机，没有JAVA和数据传真功能！机子速度慢，短信输起来，输入标点符号特别麻烦，要再花一些时间才能输进去！,1
11004,我去官网下了最新的XP驱动，结果声卡装好了，有声音了，接着装显卡，装完显卡，电脑就没声音了，一共装了四次，第三次才发现显卡驱动和声卡驱动冲突， 然后在官网下了前一个显卡驱动，终于搞定了，没有冲突,0
11005,入住酒店时把我自己行李丢在了出租车上，酒店的前厅部人员很热情，很积极帮我寻找，我很感动。酒店的总体感觉不错，舒适，安全，退房时候感觉两个总台人员不停的在忙碌，动作挺熟练，迅速的。,2
11006,美中不足是书本和编辑质量比前面几本小巫的书有明显下降啊！看起来不是那么舒服美观了。估计很多中国的父母们不可能全盘接受小巫的很多观点，但毕竟能给自己孩子的教育带来另一个借鉴的角度，还是很受益匪浅的。另一个就是感慨，生活在中小城市，对孩子的启蒙教育的选择太少，不可能像北京那样找到种类繁多、真正适合孩子的启蒙学校，惋惜之余，希望个性教育能早点普及祖国各地！,1
11007,这个作者本身屁都不懂，写点虚得要死的东东，骗大家眼球。唉，损害中医的形象，建议大家不要买，俺买了后有相当的上当感觉,0
11008,稻盛和夫认为他的成功并不是他个人的成功，而是造物主给与他这个机会，因为从善而开启心智的智慧，因为从善而得到宇宙的力量。试想，我们常常把眼前的成功都当成自己能力而沾沾自喜，狂妄自大，而忽略或否认了其他的力量。用外在的成功来证明自己，其实是内心缺乏力量，恰恰说明缺乏自信。在成功时更需要谦卑 。愿意放下自己的欲望，才能真正从“利他”的角度出发。稻盛和夫用他的真心实修来引导我们开悟！,2
11009,屏幕颜色感觉挺好，看着舒服这机子功能挺全的，真人真唱，下载铃声什么的都有感觉性价比比较高这机子反应速度挺快，功能切换，按键输入都很顺,2
11010,拍照时总会延时3-5秒.其他操作也有些不便!,0
11011,没有多大启发!大部分内容都是自己知道的!不建议购买!浏览一下即可！,0
11012,"不支持蓝牙无线传输功能,内置图片的色彩搭配不理想，还有就是不知道怎么搞得，在静音的时候，接听电话也变成静音了。",0
11013,外观喜欢,2
11014,可能是因为国情不同，也可能是对这本书的期望过高，所以粗粗翻了下内容后感觉挺捻，教条太多！理论较强！,0
11015,价格太高，性价比不够好。我觉得今后还是去其他酒店比较好。,0
11016,外壳漂亮，而且实物是320G，比介绍的250G 大，价格实惠，还带高清接口。,2
11017,安装驱动太繁琐了，虽然有了网站下载，但是具体的驱动的安装顺序，还有哪些是必须装，哪些选装，都每有提示。,1
11018,在当当基本上就是买书毕竟当当的价格比较便宜，书的质量不错，而且活动一直也比较多，经常有券，因此买书基本上选择当当网了。现在免运费的活动也挺好，只是对于买的比较多的情况下，没有更大的优惠而感觉有点不足。另外就是如果遇到点问题，解决的速度稍微慢点，要有一定的耐心，这点不是很好，要是能改进一下就更完美了.希望电话联系及时一些。,2
11019,今天听了任美成校友的分享，对他的成功哲学印象很深。在他看来，学识、见识和胆识是成功的共性，坚持到底是成功的核心途径，所谓“不怕牺牲，排除万难，争取更大的胜利。”另外，他分享的蒙牛创业故事也值得思考，比如蒙牛的踏实原则:一心一意做牛奶，踏踏实实卖冰棍。@北京科技大学励志计划,2
11020,于丹《论语》心得(易中天作序强力推荐)首先我觉得易中天并非真想给于丹的这部书作序，从那篇文章中丝毫感觉不出他对这部书有什么赞叹，仅仅是不好推脱才写的吧，毕竟是同一节目起家的。其次是本书的内容表面上是写论语心得，而内容仅仅是拿论语做引子，讲一些无关痛痒的话，还有不怎么符合主题的小故事穿插其中。有点挂羊头卖狗肉的嫌疑。在做节目的时候于丹发挥的不错，这是她的教授生涯必备的本领吧，能旁征博引，把论语发挥的足够吸引人，但是真正拿到这本书去推敲的话，实在经不起琢磨，大家可以细细品味一下，反正好多的故事我在网上看过，主题意旨大体知道吧，可是于丹同志的论语心得似乎与主题相差甚远。但是有一点是肯定的，她让论语平民化，让更多的人去关注它，这一点与百家讲坛的宗旨是一致的。既然是“心得”，无可厚非，我也不是说非要把论语一句一句的翻译，搞成晦涩的专业论文，这样跟百姓是没法沟通的，所以论语心得浅显易懂，还是贴近大众的，最大的成就可能就在这里吧。教授有时是会忽悠人的，大家批判的接受吧。,1
11021,拿到书的那一刻，第一印象，很漂亮，不光吸引了孩子的眼球，我们作为孩子的家长，不得不说是一本制作精良的好书。再说书的内容吧，看了一下内容概述，新的“王子复仇记”，经典的故事，完全不一样的诠释，扣人心弦的情节，作为一部童话小说，打五颗星完全是在情理之中啊。我也代替我的孩子打五颗星，新锐作家能写出这样的故事，这样的文字功底的确难得，继续加油，我相信作者会成为少年儿童故事的一代大家。,2
11022,牧民代表：蒙牛伊利没有任何毛病，因为有毛病的都是喝奶的人,0
11023,整体感觉比较好软硬件都达到了4星标准，就是房间里有一点点的异味。,2
11024,还行。因为是帮朋友订的，没有听说有啥不好的。总体感觉还可以的,2
11025,请问5月27号的订单已付款为何现在还没收到呢你们的快递公司是怎么发货的啊？,0
11026,稍微重了一些； 钢琴漆顶盖太容易沾指纹； 电源适配器使用一段时间之后比较烫手...,0
11027,这套大卡，我喜欢它的地方是：一方面它的认知全部是实物图片，这样不会误导宝宝认知。另一方面它配有和物品有关的儿歌，使得认物变的生动有趣。再者，它的卡纸对宝宝来说够大，并且质量还不错，至少那么久以来没被我家的弄烂，呵呵。这套卡可以根据需要拆开，或者用配的挂杆挂起来给宝宝看。另外是礼盒装的，送人也很体面实用。只是当当送来的时候瘪盒了：（这套大卡儿子持续喜欢了很久，一岁过的时候尤其喜欢，天天都要看无数遍，一直到一岁八九个月时候都还很喜欢。记得那段时间刚好带儿子回老家，没有带任何书，哄他睡觉的时候我就和他一起回忆大卡上的儿歌，一首接一首的复述。那时候我才忽然发现，平时看书的时候并没有很多反应的小家伙，已经能把上面的儿歌几乎全部复述完整了。,2
11028,"每次去哈尔滨都住这里,也不是咋爽,就是习惯了江景房那边不能开窗,一直有机器的轰鸣声,关窗没问题出行打车很方便说个事大家注意,一天早餐看到一个和尚,和几个山东老几一顿崩,还给他们请了菩萨,搞了二百块吧,问服务员小妹,曰:他不住这里,是来挣钱的,总来",2
11029,后盖想打开，就的用拇指压，结果压也不开，那就只好用尖锐的东西压了，比如说电线插头，螺丝刀，不撬坏才怪！内存太小，MP3下三首就没地方了！,0
11030,买了第五台了，相当不错,2
11031,书中写的你觉得对的就相信，有些认为不对的，最好是不要相信，如果都信书上说的估计每个人都癌症早期了！还有就是穴道对我们一般上班族来说，不太容易找到！,0
11032,形式多样，有连线、有拼图、有涂色~~~深浅适中，有的题特简单，对于四岁孩子来讲，想都不用想；有些题就有点难度了，得琢磨会儿；我觉得这种安排非常好，过难的题，孩子根本不爱做，一会儿就烦了；太简单的题，孩子晚上回家一会儿就做完一本，也没什么意义；这种简单的内容里穿插几道难题，不错；（当然了，对于其他孩子来讲也不见难，也许是我们在某些方面比较欠缺；同时也说明这套书比较全面）,2
11033,国产的本能做到这样，心满意足了 大方，好看，老婆也很喜欢 以前我也是非ibm 非sony不用 现在觉得本本就是一低值易耗品，用个两三年也就有新的了 价格嘛太贵了不合适，太便宜了我不敢要 实用的就挑6K-8K的，再有点轻薄或者大屏或者好看等要求就挑8K-10K的 再贵了没必要,2
11034,XP超难装，送货速度简直慢的没法说了，打了无数次客服电话都说马上处理马上处理，处理了几天才给我送过来,0
11035,这本书本来挺喜欢的...搞得寄过来之后...发现封面的折痕特别严重。。。里面也是..特失望......下次别这样了//,0
11036,"杜拉拉2没有1精彩,似乎为写而做,有拼凑嫌疑.",0
11037,交通方便服务周到，很不错的酒店。唯一不满意的是价格没有竞争力，比汉庭的普通会员还贵。而且没有早餐送，比较遗憾。,2
11038,硬盘响声比较大，能听到较大的可可声。不知道大家有没有这种问题。机器发热比较大，键盘中间按键比较松，一按下几个。,0
11039,1、反映速度：好慢好慢，无论是开机还是连入网络，还有删除短信，输入短信文字，都好慢。2、有点爱死机。3、铃声与图片无法下载。4、机子密封不好，用到1个半月时，屏幕下面已经进去了细小的灰尘。很明显，感觉有些不舒服。,0
11040,"房间一般，真的很一般。没有早餐。还是个办公楼，人很杂。宾馆反馈 2008年4月25日 ： 房间视个人喜好而定,可能您不喜欢我们的客房类型,关于办公楼,我们大厦办公房间所占比例很小,还不到10%,希望您给予谅解和支持!",0
11041,屏幕大，便于观看！屏幕色彩艳丽，内置主题很漂亮！通讯录容量较大！支持来电防火墙！,2
11042,"我买过<<如何说孩子才会听,怎么听孩子才肯说>>,我发现这两本书中的很多实例相同,确信里面存在很多抄袭的行为,但不知是谁抄抄谁,非常失望!!!",1
11043,第一次读这本书是三年前，那时我冲着迟子建从图书馆借了这本书。谁知一看就不能放下了，于是我推荐了宿舍的同学一起看，记得那本书在宿舍争相传阅了好一阵子。我买文学书的要求是看三遍还不厌就买。我看了三遍，每次看都为那个民族伤感，于是决定买。我于是去书店找，但是没找到。过了两年，我偶然从当当上看到了这本书，虽然不是我当初看的那个版本，我还是买了，就冲着书本身。,1
11044,还不错可以做U盘，MP3还不错的吗，歌曲声音还算可以，还支持来电个人图片，呵呵。。。,2
11045,"2008年02月17日入住兴亚建国饭店,连四星的标准都不够,墙上有多处明显裂缝,卫生间的设施生锈,前台服务一般.服务员还说480元是特价期间的价格.携程订单上有水果送的,一直也没见送.郑州的5星酒店是应该重新评级了",0
11046,房间小但很干净。入住时办理手续的时间较长，退房办手续时速度极快。总体基本满意,1
11047,笔记本的下半部分是梯形设计，放在桌子上不容易找网口和其他接口,0
11048,中午1点入住，到达房间门口却发现两张房卡均无法打开门锁，叫来楼层服务员打开后承诺马上把好的房卡送上来，直至下午6点也未见有人送卡，只得下楼自取。出去就餐后回来，被告知电梯漏水停用，现场一片混乱，无人能确定如何回房。冒险乘坐唯一一部回到房间，却发现床头灯自动忽亮忽灭，水箱没水，房门没锁，叫来服务员后经检查被告知需要换房，此时已近夜11点，调换到新房间后只想尽早洗澡睡觉，不想浴室内却无洗头液沐浴液，牙刷盒内并无牙刷等物品，只有空盒。实在沮丧，该酒店无论硬件软件均无法达到5星标准，充其量就是3星。下次绝不再住！！！！,0
11049,我是上个周末的下午五点钟支付购买的，当时的价格还是4699，到晚上一看已经变成4999了，应该是京东周末做活动吧，让我节省了300块。,2
11050,收货时发现没有光盘，送货的说必须全做退货处理。结果还要重下订单，要买的别的还没货了，我在担心，再送来不知还会不会又没光碟，又得退，因为那本书是原封的。,0
11051,感觉这个故事没有介绍里的那么吸引我，但绝对不是那个年代离我的生活遥远的关系。事件里的主角都太神话了，通篇就像是恋爱的人互相说的情话，绝对是一种很自我状态的表达，不是很喜欢~也没有很感动，故事太美好了，没有缺陷也就感觉不到真实了~,1
11052,上课玩“鸭子”然后我还分不清楚那是鸭子还是公鸡反正它会叫哈哈哈，，ZW和SY起外号什么伊利蒙牛光明优乐美啊哈哈笑死我，，每天玩得疯疯的前后桌欢乐多放学去棉中 期中考加油噢亲。。在棉中居然遇到你@倾身为国-ZXX,2
11053,房间很干净 完全对得起3星的标准 服务态度也还可以 保安警觉性也满好 也满安静的 早餐很差 不是一般的差 除了早餐外 其他都满满意的。,2
11054,这本书全是彩图，印刷质量精美，价格也不贵，值得推荐！我原以为对上幼儿园的小朋友来说，有点困难，但看了以后，发现小家伙很喜欢，日常的小东西都可以用来做实验，比如“不落的水、水中取硬币、钓冰块”等实验，他觉得很神奇，连我们大人都感兴趣，但有部分实验就比较适合大孩子。个人感觉适合幼儿园至上小学的小朋友动手做，操作性比较强。,1
11055,不错的酒店，就是房间较小了一点，床较硬了点儿，其它都还不错,2
11056,从组织成长角度看，四大名著是有分工的，西游记讲的是草创阶段的组织，如何活下去是最重要的；三国演义是讲国家级大组织的，如何强大、垄断是主要的，重点是如何强大；红楼梦是讲家族型组织的，它最重要的是如何保持、延续问题。比较而言，水浒传讲的是小组织如何变成大组织的难题，山头、门派，都有成长的要求，因此这部书讲的是怎么壮大的问题。它的智慧，都在这里。,2
11057,该酒店2008年刚刚装修，室内有浓重的装修建材味道，且窗户无法打开。另外该酒店重新装修过之后改名为现在的仁民，故大多的士司机不清楚酒店的位置,2
11058,虽然冰冰死了我很不爽，但我还是给了你一个五星级评分，以资鼓励，以观后效。,1
11059,我觉得这么厚一本书，讲述着一个道理，看得我是在看不下去了，有点失望。,0
11060,从来没看过，不太值得。可能不太适合吧,0
11061,我是出差在沈阳，本来我以前已经买过一个，这次的本本是帮朋友买的，比原来的性能和配置有所提高，但是价钱反倒降下来了，提高的地方主要有两处：一、N270提高到N280，六芯锂电的容量从4400毫安提高到了5200毫安，很值得购买，我用了两个月，样样功能都很好！,1
11062,故事是精彩的，虽然在中期通过书名和故事情节能够揣摩到作者意图，但作者话说一半的写法成功地让结局出人意料。书籍以情节见长，但还是没有逃脱多个天才人物布局解局，又惺惺相惜的传统写法。从书籍的营养上讲则没有什么可称道之处。花3个半小时就能读完的原价28元且以后不会再碰的侦探书籍比比皆是。不过情节上的缜密和叙事方式上的拿捏仍然让该书在消遣功用的发挥上让人身心愉悦。总的说，还行。,1
11063, 企业的食品安全出了问题，应该对消费者怀着歉意，更应该感激消费者对企业的监督。对这件事情的处理，蒙牛真的让人很无语、很失望。它丢失了消费者对它的信任。,0
11064,这本书真的很好啊，应该打五星，只可惜评分好像无法修改，很有作者的个人风格和简介，能学到不少健康知识，作者您还能再出书吗？要是还出这样的好书，我一定买。谢谢当当热心的顾客推荐，我才能买到这些好书，也谢谢当当，祝好心人合家欢乐，身体健康！~,2
11065,看过该书，感觉中医暂时不会消亡，尚有一、二十株老树活着，还有毛以林、黄煌、刘力红等一批有一定临床经验的博士在，还可以延缓其生命，但是不改变目前中医院校的办学模式，改变教育方式，提高学生临床水平，废医存药，迟早都会消亡。目前的中医临床水平，包括我所在城市中医药大学的教授们的水平实在不敢恭维，如此的教授会教育出什么水平的学生可想而知。,1
11066,外形美观，配置实用。虽然装XP系统比较麻烦，但因为不玩游戏就直接装了VISTA，挺好用的。,1
11067,太恶劣了！！！报价根本没有说清楚是主楼还是东楼。还以为是四星级酒店，结果到了之后让住得是东楼，东楼的设施根本谈不上星级，还不如一个普通的小旅馆。极其简陋，还没有电梯。摆明了是挂羊头卖狗肉，欺骗人的！！！早餐太难吃了。,0
11068,读此书几章，是难读完！内容好像是***宣传的东西，叫人逆来顺受，凡事忍气吞声，强调调节自己的心情。类似阿Q精神自我释然。读本书不能让人精神气爽，更不能让人励精图治，也不像散文让人清净。总之超作胜于本书价值！,0
11069,最近不知怎么回事，出了很多后宫方面的书，看得我这叫郁闷。早就关注大心的这本了，看到上架了马上订货，还好，第二天就送到了。结果看到凌晨4点，为了还能睁着眼上班必须眯几个小时。一句话，太好看了，怎么能这么好看！我也是一直看大心的NP结局，这次可能为了出版吧，还是有些遗憾。看过大心的色遍后，就觉得无法比拟的好看，真希望能出版啊！,2
11070,1、桔黄色灯光炫目2、四合弦铃声动听3、七十克机身轻巧4、一星期待机舒服5、200条电话记录省纸6、210条短信容量省脑7、IP电话一键接通省事8、动画屏保有趣9、图形待机美观10、通话清晰舒心,2
11071,低价位，中性能，因为不需要很高配置，看中该款是商务机型，相信做工，所以选择该款,2
11072,跟风的人总是很多，这一次也跟了一把，不出所料，内容平平不说，一点可读性也没有,0
11073,1：产品的大小很好，比x61还要小，但看起来还是没x61大气，X61上次外去摔了一下以后，我就想到了买一个上网本，要是你作为一个主本用还是建议买好一点的。 2：不过现在你可买3G上王本，同样的价格,1
11074,电池６小时续航，不是介绍的８小时．外观不错，2999买的，买后1天怎么就涨价了？这也算是赚钱了？,2
11075,服务很好，周围很热闹，打车吃饭都很方便。330/晚的房间比较小，但是干净整洁，虽然是四星的，但是总体感觉还是很不错，闹中取静。华清池里养了很多鱼，很漂亮，可以到前台买了鱼食来喂。,1
11076,实在是太失望了，本来希望能够增加词汇量可是打开看后字太小，内容太乱并不适合我这种初级水平，还有零基础入门版的书吗？要是可以换其他书也行！,0
11077,"字太小,躺着看时太累.关于吃的篇幅很多.我也一个人住,才不愿意花那么多时间自己在家折腾吃的.",0
11078,我看这本书是朋友介绍的，看了以后觉得真的自己对自己的身体很不了解。我们学习的时代全是物理化学等等，根本没有这样一类实用的书。感谢吴老师！教我了解自己的身体，并很好的运用她！我们相信人体必定比他自己设计出来的个人电脑更完美，保持健康应该就像使用个人电脑一样简单，只要依照操作说明书，不要随便施以干扰，正确地使用就行了。这本《人体使用手册》，希望帮助大家更早地学会如何正确地使用身体。,2
11079,没什么故事情节，都是主人公在叙述，身边的亲人一个个死去了，唯有他还活着！真是太累心了！受不了这样题材的小说！,0
11080,麦克风和喇叭有共鸣，合上盖子后有尖锐的噪音，软件调节无效，是设计瑕疵 LED屏幕色彩通病：偏红 边角处理的一般，顶盖强度稍差,0
11081,回复 下次要买真正的蒙大牛酸酸乳了感谢支持蒙牛(可这图片..),2
11082,这本书的观点有点不太客观，太过现实！不太符合成熟女性的人生观！不太喜欢！有点失望的！,0
11083,每一本都是这样的，简直象是盗版书，如果是正规出版印刷，这样的封面质量怎么出得了门？！儿子才6个月，里面怎么样还没有看，以后看了再评论这套书的“内涵”吧。。。。真是的，拿出来把我吓一跳,0
11084,看完这本书，不，应该是看完这封信，觉得这样比较适合，因为它比较短，给人感觉自己应该在年轻时急切的去追寻自己的梦想，只要你是非常非常非常想要得到的，就得去追寻，去努力，哪怕受到一些的不公平、哪怕看起来有些不合乎常理的（诗人去学经济），那些不公平在今后看来都是微不足道的、那些不合乎常理的事情其实是可以做到的，甚至做的很好的。希望作者能写些更详细的东西给年轻人，那就更好了，我期待！,2
11085,原以为关于中医的书都会像古文言文一样晦涩难懂，读完武老师的书后，发现原来中医知识也可以写得像散文一样娓娓道来，优美而不失其专业特点，简短而不失其深刻道理，通俗而不失其大智慧，是一本值得一读的好书，个人觉得美中不足的一点就是，通读过后，觉得内容有点少，若能系统介绍相关穴位疗效，相信定会有更多养生朋友获益，而不仅仅是只记得几个关键穴位。,2
11086,感觉没有什么深度。不知道为什么会成为畅销书。,0
11087,房间能观景，很好~~主要是很方便。出门就是太平洋广场，很繁华的地段,2
11088,我前天拿的机器。坏了，充不足电。今天去修理，他们说主板坏了，要返厂。我说那就换一个吧。他们说要瞧一下外观，就把机器拿走了，回来说有一条利器的划痕，说不能换，要换就要１２０元。我的机器回家就充电，根本就没有往外拿过。他们这么做太过分了。结果消协也没有什么办法。这样的法律还不健全。只能自己吃亏。太气人了。,0
11089,没加内存，vista比较慢，ibm XP恢复盘比较难下载！第三方送货挺慢的。,0
11090,1、输入法很特别，全部都是T9的功能，写短消息很快的。2、电池也很耐用，三天不成问题。3、如果你用的是增强版本的话，它还有下载功能，但是可能要动感地带的卡。我用的是联通的，所以没有用过下载功能。4、屏幕可以调整亮度和对比度，你可以选择自己喜欢的颜色。5、电话本有三个电话可以存储，比较方便，也可以加入快速拨号，很方便。6、声音比较大，有7个级别。7、增加了来电卫士功能，方便地避免打扰和骚扰。,1
11091,"我到现在都还没有收到书啦,当当真的好慢.上个星期买的书,本想这个星期六看都没得看",0
11092,"海景房果然名不虚传, 可以看到整个港岛的景色.服务也很周到.交通也算方便,就是打车去港岛成本比较高, 购物很方便,酒店旁边就有SOGO. 总体来说,非常好的酒店. 绝对值得一住.",2
11093,"当今的社会因为工作的压力,让年轻的我们找到了不从生活琐事中孝敬父母的借口.其实古往今来哪个伟人不是一个大孝子,因为百善孝为先.孝是根本.把孝心存在心里不如把它落实到日常生活中.我爸爸是个老医生,他的一句话道出了现在的社现象,只有陪孩子看病的父母没有陪老人去医院的儿女.是啊,心寒哪,没有父母哪有我们.这本书唤醒了所有有孝心但没时间落实孝心的人们,孝心不能等待,从此时此刻做起吧.",1
11094,"死机,烦死了",0
11095,买来后，宝宝不喜欢，我也不喜欢。说这书如南橘北枳，是因为小朋友的书教的是日常生活中常见事物，可是这套书比如很多车，是在国外有的，在中国根本没有，也不是这么叫法，告诉他这些陌生的，翻译过来的东西有什么用呢？在中国看不见；在国外，也听不懂。还不如，保留原来的英文，不要翻译还更实用呢！,0
11096,还可以品牌赞助拉动内需啊，牛奶人的紧身衣上写蒙牛赞助什么的,2
11097,外形刚中有柔，不是很生硬。OLED外屏的天蓝色冷光和宝石蓝色很配，因为是冷光设计所以白天用显示也很清楚。铃声方面还行，和弦音色很好听，声音也够大，还可以下载自己喜欢的铃声。,2
11098,HP国际品牌，4411S笔记本键盘做的打破了以往的风格。外观设计很时尚。有IBM 小黑的个性 电池不错。正常情况下可以使用2-3个小时,2
11099,服务态度很不错，呵呵，而且离我们去的地方非常近，非常方便，环境也很好，希望下次还可以住那里,2
11100,自己不买和告诫身边的人就好了! 你要理解这个世界傻逼的人总是存在的.对不起，又打错别字了 抵制蒙牛两年了。没用，人家造赚,0
11101,"上当受骗,买的时候没仔细看,不是张爱玲的小说.",0
11102,看多了四四，十四那个时期的穿越文，偶然看见这本关于皇太极的还蛮感兴趣的。作者秉承了一贯的作风，在史实上加以想象和虚构，有点类似乎《鸾》，都是先穿越到了别人的身体里，本身在之前的身体去了后，又穿越，和男主再轰轰烈烈来一次。皇太极自始至终只爱悠然，不管是不是那个顶着女真第一美女称号的东哥，还是实实在在的步悠然，爱得彻底，爱得缠绵。很敬佩作者认真的研究历史的精神。叹一个。,2
11103,"虽然不能达到说的9.5小时,不过可以用7个小时也很牛了,样子不错",2
11104,1，没有什么快捷键，所有快键都得通过FN来操作，不大方便。 2，这是SIS主板，不是英特尔原装主板，不支持双通道内存，怪不得价格比较低。,0
11105,热水器相当不错，中午送到的货，下午就安装好了。好评！,2
11106,"我还以为很搞笑,买来才发现也不怎么样啊",0
11107,非常喜欢作者的文笔，从中可以找到两人间的相处之道，不管是交往中的情侣，还是过着婚姻生活的夫妻，大家都要相互迁就，努力学习，我觉得这应该是我们要用一生用心经营的课题了：）它是不分性别，不分年龄，不分人生历练程度的，人生的每段时光，都有我们要了解，深知的哲理！也希望大家能相互分享你自己的感悟，谢谢~,2
11108,"感觉非常奇怪,这套书我明明都写了两次评论了,可我的当当始终提醒我对这套书写评论!晕啊!这是套很好的书,也不用我写几次评论吧!",2
11109,内容还算过的去，不过以文采来说，就一般。说的只是一些大道理不过还是给人些启示的。不过这本书更适合有理想的女孩,0
11110,酒店靠近火车站，交通还算方便。软件方面酒店人员的服务态度不错，任何事情都及时回复。硬件方面优点是房间比较宽敞，设施还可以，洗澡水也非常大，这一点很舒服。唯一的缺点就是卫生间稍微小了点。总体来件性价比不错的一家酒店，以后还会入住。,2
11111,在两岁左右在当当上先后看推荐买过噼里啪啦系列、不一样的朵梅拉系列，感觉噼里啪啦宝宝不太感兴趣，可能过了那个年龄，朵梅拉又要再大一点再看。现在汤姆系列第一集很适合两岁多的宝宝，画面温馨，对白、故事情节很贴近生活实际。我宝宝喜欢玩沙子，去看海那一集讲到最后大海把沙子做的城堡冲走了，宝宝也很难过。他好像能跟书中汤姆的情绪共鸣。我感觉宝宝喜欢就是最好的。推荐2岁左右的宝宝赶快买。,2
11112,员工素质很差。虽然通过携程订了酒店后。到期后想延住，携程通知了没有房间，于是我想通过前台再看看能不能有房间，实在不行再搬也行。结果前台有两个员工说话很不礼貌，说我爱住不住，他们没房间就要让我退房，后来销售解决问题后，我还算满意，结果今天一给酒店打电话，才发现又被那个销售骗了。当时答应说给我订房，还跟我确认了价格，结果其实根本就没订，还说跟我说的是下次如果我再订，他再帮我安排，再也没有下次了。如果不讲信用的酒店。根本没法住。,0
11113,對於公寓式酒店，一般期望也不會太高，不過不失就可以了。可惜的是入南油後就極度失望，房間是夠大，但裝飾老土和低質量(我住的是豪華二人套房)，不推荐住這個酒店！！最可笑的是那種"套票"，多付了六十元打算可以打幾局保齡球，Check-in的時候給了我那些保齡球贈券，搞笑的是這些"贈券"是不能在星期五、六及日用的...天呀，Ctrip office又沒有提醒，白白多付了六十元，雖然不多，重點是讓我和女友很氣憤，難道要平日跑去珠海"打保齡"嗎？那些贈券我仍然保留著，想看看南油和Ctrip.com有甚麼好解釋！！！宾馆反馈 2007年9月7日 ： 再次向您表示深深的歉意。酒店运动套票包含早餐券及高尔夫券或保龄球券，规定平日及节假日均可使用。由于保龄球馆事件当日有位新员工业务不熟，以为您用的是周末不可以使用的其它赠券，造成误会，我们也未能及时了解您的不快，事后我们专门以此案例作检讨，保证不再发生同类事件。为表示酒店真诚的歉意。您的保龄球票随时补办，酒店提供一套免费豪华二人套房给您，并承诺为您提供优质贴心的服务。希望您给我们一个?,1
11114,1，速度极慢。比我两年前用的名人慢很多很多！删除全部200条短信居然用了1分钟，恐怖！2，不方便使用，界面不友好。连接各项目的排序匪夷所思，缺乏常理，要很长时间才能掌握。发短信的时候选不同的用户很不好用，尤其是用来保存电话本的软件，其不易使用更是超乎想象。建议联想少投点广告，多投点钱在优质开发工程师上。3，傻大。4，售后差。400电话不受理售后，北京售后电话的人不了解新机型，问题要两天才给解答，谁等得了！！！差极了，气愤！！！,0
11115,翻开这本书的时候，就让我沉浸在回忆之中，幼时的点点滴滴，有时看完一篇，自己躺在床上静静地想，静静地回忆，默默地流泪，默默地笑笑。但是所有的一切都不会回来，只是觉得那时的阳光要比现在的灿烂，那时的小草要比现在显得更加碧绿，一切都过去了 。。。。。。我只能将这些回忆带进自己的坟墓。书中的有些章节我觉得写的有些做作，但是我想这本书的主要成功之处是勾起我们的回忆，所以其它的也就无所谓了。,1
11116,对于汪大明，个人感觉对于官场并不是很熟悉，除了在对付丁胜贤感觉有点手段。其他就没有感觉到能做到厅长能力。就是在压赌陈伟阳有点跟主题的“赌博”主题牵涉关系。故事情节根本就没有微软主题那样“步步为局”，不过主题到时围绕的不错。在整本书中对于侧面描写的郭天宝倒是很喜欢，个人觉得如果从郭天宝的为人处事写，如果写的好那可能会相当成。这些纯属跟人观点。哈哈,2
11117,如家，一贯的风格，房间也是这样，怎么说，如家的价格还是比较实在，在上海住店，能干净、价格优惠就行了。。。,2
11118,"总有一天,我们会对流逝的时间和消失的往事习以为常.无论和谁,以怎样的方式结束....溺水者怎知道，是哪一滴水要了他的命。。那一天我二十一岁，在我一生的黄金时代。我有好多奢望。我想爱，想吃，还想在一瞬间变成天上半明半暗的云千万人之中，遇到你所遇到的人，于千万年之中，时间的无涯荒野里，没有早一步，也没有晚一不，刚巧赶上了",2
11119,材质非常的好，感觉面板亮度极高，观感非常的好。旋转的手感也很舒服，卡位坚固、旋转顺滑，各个按键的手感都相当不错。另外，这款手机的功能也十分丰富。有一个BlackBerry邮件服务功能，阅读和管理e-mail非常方便。还有语音、短信、日程表等管理功能。,2
11120,今天读了第八章——时间之箭，文中写道：“未来，不仅仅是可能性，实际上是一种我们现在、此刻就拥有的东西。而我们拥有未来是因为我们现在就能拥有能将我们引向未来的状态：需求、目标以及项目。”“人类优越性又一方面：我们死时丧失得更多。”有时也会思考生命的意义，但每次答案都有所不同。罗兰德从时间的视角来理解生命的问题，把我引入了一个全新的道路，也就是时间之箭——射向未来的箭。,1
11121,我也是看了评论才买的，一买回来，儿子就拿起荒岛历险来看，非常感兴趣，问他为什么好看，他说是故事内容，里面的数学知识有些还不太理解，说以后慢慢来弄懂，于是我也看了前面一点，有些数学知识是奥数内容，三年级的孩子还不太懂，但却愿意把书看下去，说明故事内容还是很吸引他的，感觉不错，买来后理了下，二十七本书分别是写给少儿、中小学生、中学生、青少年和数学爱好者的。,1
11122,我是14号下的订单、汇的款，怎么还没到呀？,0
11123,性价比很高，金属外壳很有质感。喇叭的效果很好，外放音量很足。,2
11124,一点都不好看 刚翻几页就不想看了 没办法吸引读者,0
11125,【荐书】我想很多人都听说过林语堂吧，而且他也算是很有名的一位大作家，但是为什么在中国现当代文学史上找不到林语堂的身影呢？我想《吾国与吾民》就是其中原因之一吧。本书被编的读起来很有点不习惯，半文半白的。我以为要不就全文言文，要不就全白话。本书是一本剖析我们自己的一部巨著希望以后能有本完整版的《吾国与吾民》，思想禁锢是没有用的，要相信人民的眼睛是雪亮的！,1
11126,我喜欢demom制造的蒙牛奶,2
11127,当初是在学长和老师的推荐下买的这本书，说是与考研的难度和情景很相似，有利于提高水平，认清自己的英语阅读实力。买回来后按照每天几篇的速度做，分析，理解...觉得快要崩溃了~虽然我英语水平不高，但是看到徘徊在40%左右的正确率，我突然明白的确很像考研的风格，呵呵...虽说很打击信心，但是我觉得题目还是很贴切考试的难度的，对于想寻找自信的同学们还是...算了吧~~~,1
11128,这套猫和老鼠，本来定了打算送给朋友的，可是第一次送货十多套，包装每一个好的，质量都有问题。听送货的说换货更麻烦，不如直接退货，再重新下订单，如此反复数次，我要的数量还没送齐。投诉无门！！！！伤心啊！！！！不过总的说这套盘只能说是物美价廉，看后发现不是正版，图像质量一般，送人要想清楚！,0
11129,"给孩子朗读的好处大家都知道,关键是如何读,读什么.书中举的例子都是国外的,没有中国孩子的读书名单.",0
11130,抵制蒙牛,0
11131,西方的教育方法，不一定适合我们，而且感觉有点枯燥,0
11132,刚拿给女儿看这套书时，女儿以为又是让她学习的书，所以有些抵触，不想看。过了两天，我找一个女儿心情好的晚上和她一起躺在床上看。做过两本书上的练习之后，女儿全做对了，她一下子来了兴趣，说，这书好玩，我喜欢。就这样，我给女儿隔几天就做一下这套书上的练习，除了《简单的算术》那本她不喜欢也不会做（毕竟她才四岁），其余几本书她都喜欢看。有种成就感吧。,2
11133,1.服务很差，要说英语可能会好一点2.房间设施旧且很差，最差的是床。和招待所的一样3.交通离地铁较远但巴士较多。乘巴士反而方便。可乘A22去尖沙咀，比地铁方便且快，只要二十分钟补充点评 2008年3月5日 ： 1.服务很差，要说英语可能会好一点2.房间设施旧且很差，最差的是床。和招待所的一样3.交通离地铁较远但巴士较多。乘巴士反而方便。可乘26（A22为机场线）去尖沙咀，比地铁方便且快，只要二十分钟,1
11134,与同买的汤姆系列，这个一直搁浅，感觉很乱，没有故事情节。3岁3个月男孩，不打算再买此系列的书,0
11135,真爱生命远离蒙牛，国产牛奶还能喝吗？特伦苏也沦陷了,0
11136,短信输入太差了，电话簿太不合理了，还自动丢失电话号码，反应迟钝，会死机,0
11137,"这个酒店硬件还可以,但服务太差.首先酒店任何员工对客人都没有应有的尊重,客人可以被他们呼来呵去,其次CHECK-IN 和CHECK-OUT 都要半小时以上,强烈BS张灵芳和左瑞雪,效率低下,态度傲慢.第三,房间清洁极不干净.第四,投诉无门,他们不会接受你的投诉更不会有人和你说对不起.第五,酒店主要面向团队,不喜欢商务客人第六,房间隔音极差,隔",1
11138,个人不是很喜欢这书，主角的故事太假……一个农村出来的一贫如洗的女孩子，最多一个小学文化，在一个贵族老太的指点了一两年，再读个心理学课程就能当心理师了？太玄乎……不真实,0
11139,图它小巧带着方便 发热量不是很大 有点珍珠白的颜色，很喜欢。 键盘按起来很舒服，触摸板挺人性化的。,2
11140,比较轻，升级到667总线之后比533的时候快一些了，预装的系统是xp3的。,2
11141,我觉得一本好书，是文字好、故事好兼顾的，这个系列书用诙谐的文字写出了生动的故事，配合充满童趣的画。让孩子和大人都非常喜欢，孩子认字前我给他念，他听得开心，我讲得也高兴，真是好书。送给不爱看中文书的小“海龟“，他们的妈妈说让他们也很喜欢看呢，够吸引人。感谢原作者同时也要感谢译者的努力，通过好的翻译让我们得以欣赏到这样好的书。,2
11142,删除LIUNX系统有点麻烦。屏幕太小分辨率只有 1024*600看都不舒服。,0
11143,"这本书送到的时候就是全湿了,但是就给你们的客服打电话了,说会安排人过来取书.并办退款手续.可是到现在,我又跟你们定了3次书了,那次该退的钱还没退,该退的书,也没来取?是否效率太底了.已经投诉1次了,石沉大海,希望这次不要.投诉不是此书内容,是服务态度.苦于其他方式的投诉,电话和网络留言都使用了,但是没效果,所以在这试一下.",1
11144,不喜欢这外壳～容易留下指手印! 另外，开机后有一个小红亮点。关机是看不出来的，不知道能不能换,0
11145,这个酒店设施还可以，早餐也还可以，位于的路段也很方便。我们住的是商务电脑房，房间里配有电脑，上网速度也很快。就是房间很小，电脑台与床很近，打电脑的时候连走路也不能走。浴室是透明，适合情侣和夫妻~~。,2
11146,安装不是很方便，特别是sata驱动。有3个未知设备。不知道是什么。,0
11147,客观地说，这个酒店不怎么样。列出来大家参考：一、晚上八点半到的，没看到门童；二、没有吹风机，三、网线收在电视柜后面，打电话到客房中心才知道还是有网线的；四、第二天想迟个十来分钟退房，前台说没办法，要加收钱，住了这么多酒店头回见着这么呆板的；五、结账时要个信封，没有。六、结账时水单没给我，打电话过去要，说要一点半后再打过去帮我查。这种酒店还能挂星啊？,0
11148,之前在网上已经看过了，买回来是想收藏的，本来不想再看了，不是因为不好看，而是因为怕再次伤心，上次看完，之后的一个礼拜我都沉静在那挥之不去的心痛和伤感中，但是这次还是不由自主的翻开了，也许一切都是命运的安排，凝夕和司夜两个就像夕阳和夜晚，永远不能共存，两个不懂爱的人在彼此的伤害中感受爱，也许从凝夕出生开始她就注定要像樱花凋谢那般死去~~美丽还惨烈.....,1
11149,蒙牛回收篡改奶：何不重罚以儆效尤？,0
11150,胡兰成这个人如果和文章一样让人觉得舒服，那就真不错了。有人说胡兰成是无知的残忍，就像小孩不懂事，随便毁坏一样东西，还在那边邀功请赏，希望得到大家的认同，别人最好拍手鼓掌那自己就更问心无愧了。为什么文和人不能划等号呢，搞不懂！,0
11151,还有一个问题就是，酒店的早餐品种太少，而且味道也很一般，早餐的牛奶不是鲜奶，而且没有果汁。不过房间送餐倒是还行，特别是15块的水果沙拉，每天都要点一份。,0
11152,买了马上就后悔了，冲动是魔鬼，炒作是魔鬼的爸爸！,0
11153,像传统的民族企业家，哇哈哈总裁宗庆后，蒙牛的牛根生，都是很忠厚感恩的企业家…,2
11154,便宜，做工很好，外观漂亮，配置较高，配的是厚电池待机时间较长。,2
11155,对该酒店非常不满意，最后还逼得吵了一通。入住后预订了3天住宿，最后一天，我一大早5点起来赶飞机，得知6点多以后才有早饭，所以就主动把他们早给我的餐券还给他们了，但是账单打印出来后，发现最后一天的早餐钱居然还是算在里面，觉得非常奇怪。答复我非常简单，就是不能退！问原因，说电脑系统就是这样设计的，当天开始的时候，就把早餐费用和房费一起算进去了，因此即使没有消费也不能退，如果客人要投诉尽管投诉！出差10年，从来没有遇到这样服务差的酒店，野蛮对待顾客，乱收费，之前没有任何说明，餐券上也没有任何说明，憋了一肚子气！房间上网费用很贵，一个小时18元，这还不算，上不了网，怀疑是网线的问题，请总台重新给一根网线，说必须自己去总台拿。回到宾馆，把衣服、裤子、鞋子都已经换了，让客人这样去总台合适吗，是四星级宾馆的服务吗？和他们说了，来了几个服务员，看了很久，把我的电脑莫名其妙不经过我同意就重启，最后说还是要我自己下去拿网线，我晕倒！下面的几个商场，说是可以结到房费里面去，但是实际呢，买地图、买饼干的地方，都告诉我小费用，必须用现金交易，一气之下，啥也没有买。卖东西的自己只顾玩游戏，非让我自己找商品。。。以后我坚决不住这个大官员酒店。出来后，出租车司机说，这个酒店的服务、管理北京有名的差。,1
11156,看完后不仅对中国以前以及现在所在进行的改革有了新的认识，同时也对社会和生活在这个社会中的人有了新的启发。很多事情不是我们所左右的了的，时代造就了很多英雄，同样也湮没了很多人，我们生活在这个时代，这个社会中，最应该学会的就是顺应时势！不管你做的是惊天动地的大事，还是过自己安稳的小日子，要想过的好都不要违背时代发展的趋势！,2
11157,当当网的服务非常差，连同它们的客服也是敷衍了事，简直就是一种无人管理的地步，在他家买东西，出了事就别想解决，这种公司，离关门不远啦！虽然是个黄金VIP买家，以后也再也不会来了！,0
11158,"这个价格来说酒店糟透了.大堂很差很脏,我订的是商务套房,客厅里居然窗户都没有,灯光昏暗.所有的洗淑用品包括毛巾质量都很差.房间有一股味道.用我的笔记本上网时好时坏,到后来索性就连不上了,我只好用自己的无线都比它的强.反正以后不会再考虑这家了",0
11159,抵制无良企业！让更多人拒绝麦当劳，拒绝肯德基，就好像拒绝蒙牛伊利一样！,0
11160,买了就后悔了，没什么用，趣味性也不强,0
11161,"3月24日下定单买,结果昨天短信通知说, 超出派送范围,不给派.现在钱也付了,还不知道能不能拿到东西呢. 回拨电话,说不知道这回事,不认识什么当当.找的什么快递啊,真差劲!客服电话一直占线,不知道在搞什么.谁能告诉我什么时候可以拿到书!!!",0
11162,缺点：1.屏幕分辨率高，导致菜单、电话薄等字体都太小，我1.5的眼睛看起来都不是很轻松，视力差点的用起来恐怕有困难。2.屏幕和机身都非常容易沾手指印，檫都檫不干净，才用了2天就象旧机器了。而且屏幕虽然号称高耐磨，不过还是容易花，我的已经有不少小划痕了，黑屏状态下看得非常明显，好在屏幕一激活就看不出来不算太影响，强烈建议象我这样随便揣在裤兜里经常跟其他东西放一起的人马上去贴张好点的屏幕保护贴，原厂的不行，容易脱不说透光率也差很影响效果，不过我没买到Z1专用的保护贴，只有先买张V3的修剪了一下，所以贴得不是很好，边上有气泡，只有先将就用着等Z1专用的出来再换。3.照相功能弱，没闪光没自拍镜，也不支持横屏拍，照相键和上下选择键在屏幕两侧操作也不方便，而且预览效果差，我都没心思往电脑上传看实际效果了，如果你很喜欢用手机拍照的话Z1恐怕不是理想选择。4.功能不够强，没蓝牙、红外，如果跟本本或者别的手机传文件都得上数据线，麻烦。5.电池不经用，连续听MP3的话2、3个小时就玩完，估计MOTO没给装蓝牙、红外、闪光灯、扩充卡什么的跟这也关，有这些电池挂得更快。不过只待机和打电话还行，电池见底了只要还没闪，撑5、6个小时也没问题。6.按键太平了没手感，尤其是圆的那个导航键，容易误操作，也许用熟了好点，短信狂人恐怕得注意。7.还有些小毛病，电池后盖盖得不是特别严，大约有半毫米左右上下松动的间隙。数据充电接口的盖子又盖得太紧，虽然旁边有个小槽，但是不留点手指甲还是抠不出来。如果你办公室有个美女这倒是个接近的好借口耳机孔那个小橡胶塞子居然没有防丢的设计，取下来就找不到地方放，没办法只有让它一直开着了，除非不用耳机。,1
11163,买了送人，所以自己也买看到机器，不过对方说挺好看的，配置和价格也比较合理。,2
11164,买这本书的原因是老板经人介绍认识了京城的一家投资公司，该公司可以为我们进行融资，由于手续简单、融资额大、利息较低，老板自是十分高兴。待对方把融资资料拿来是感觉像是在做一个私募基金，于是赶紧买了这本书来看。一看方知，原来是利用人们对私募基金的神秘感来做的一笔不怎么可靠的交易。融资自然没成，但长了不少的知识，很有用的一本书。,1
11165,这套书并不吸引小朋友，而且有许多英文不知该如何教，总之实用性很差。,0
11166,我很遗憾。我是收到当当网的推荐书EMAIL而购买此书的。没想到里面充斥着广告和作者的自我标榜。我很遗憾没能看到我原本期待的作者一步步走来的真实经历，也遗憾于我欣赏的当当网会将这样的书作为推荐书带给读者。,0
11167,１.采用磨沙外壳，机身质感很强，支持更换外壳；２.按键手感舒适；３.屏幕色彩过渡自然而丰富，文本清晰锐利，亮度均匀；４.铃声音色纯正饱满，层次感分明，穿透力强，支持自编；５.支持3GP、H263、MPEG-4格式文件的播放；６.拍摄功能较为强大；７.支持SMS、MMS、EMS和VMS的发送和接收，还支持短信群发功能；８.支持GPRS、JAVA和红外；９.内置游戏可玩性高；１０.电池待机时间长； ,2
11168,招待所而已吧，唯一可取之处就是交通还行，三环边上。,0
11169,铃声音色不错。显示效果也可以。电话薄500条，平常足够用了，而且支持分组，还可以在联系人项目里添加：四个电话号码、QQ号以及备忘录等。,2
11170,样子还好，送老婆的，她很喜欢，系统运行还流畅，给她看看网络电影可以了,2
11171,这个旅馆没有餐厅，服务员让我们到他们的4公里外的天天福饭店吃饭，结果我们被宰了耶。再去入住者千万别受骗上当啊。补充点评 2007年11月24日 ： 这个小旅馆非常差呀，你们千万不要再去入住这个酒店啊，虽然很远就能看见了在房子上的招牌，但到了房前转了3圈也找不到进入的小门，还被警察以违反交通处罚了。好容易到了房子前，一看是一片乱地，到处是建筑垃圾，车无法进入，无处停放轿车。这个旅馆没有餐厅，出去走了1000米也不能找到吃饭的地方，到处是大商场和购物商店。房间内的设施陈旧的很耶，白色的毛巾已经变了黄色也不更换，毛巾的四周都是线了，甚至还破了几个洞仍在给我们擦脸耶，一想就恶心死了。携程怎么还能将这种民工都不去住的小旅馆给我们推荐，太不负责任了吧。赶快从定房目录中删除掉。,1
11172,真不知为什么该书排行榜一直靠前，这是我看过的历史书籍，写作水平及文法最差的！！！差的没法评论。小说不像小说、传记不像传记，散文不像散文，正史不像正史，戏说不像戏说.....想学易中天，形似神不似，想学郭德刚，有缺乏幽默感....全是作者在用连中学生都不如的，貌似华丽的的文辞在不停的堆砌.....不知其他读者有无同感？,0
11173,"轻巧,本来就想到了x系列应该比较轻巧，不过也没想到这么轻。比我原来用的华硕A8Js轻了不是一点点。",2
11174,#蒙牛早安#我是最棒的！！！迟到ing~,2
11175,感觉一般般，道理都知道，但没有操作指导性。大概刚入社会的小女生可以看看，扩展一下思路。,1
11176,1、电池比较差，没有9.5小时，工艺不行，充电到100%还是显示充电，而不是自动停止充电。2、N280的速度不行，不管是启动，还是运行，比较慢。存建3、内议标配2G。4、本本散热不行。5、适配器很热,0
11177,伊利以后是蒙牛，光明。难道我们要喝完达山？,2
11178,蒙牛这样的企业怎么能不垮呢？牛根生很拽得说，官瘾没过够，擦！月满则亏…,0
11179,宝宝一岁两个月买了这套书，他非常喜欢，因为书的内容浅显易懂，最重要的是几乎每一页上都有可以让宝宝翻动折起的地方，小小的马桶盖，五颜六色的泡泡，内容丰富的冰箱...激发宝宝探索的欲望，值得推荐！提醒一点要注意，最好大人拿着书给宝宝讲，同时引导鼓励宝宝翻动书中的活动部分，不要让宝宝自己拿着书自由翻看，否则宝宝自己容易把书中活动的地方撕下来。,2
11180,京东的配货速度是越来越快了，值得顶一个。东西也蛮不错的，完美屏，功能强大，实惠，是咱老百姓的极佳之选。在这个价位能有这样的机型，实在难得，京东加油。。。支持你、、、、、,2
11181,美得让人心痛的故事。如果你曾经深深的暗恋过一个人，那么你一定能明白夕夏，也一定能找到自己的影子。年轻时候的爱情是多么的痛，多么真，又多么美啊。作者细腻到心尖的描写，让我不由得暗自猜测作者一定也有过这样深刻的经历，否则她怎么能把这样刻骨铭心的暗恋写得如此入木三分。最后的结局对于沈家白是残酷的，但是对于夕夏却是幸福的，因为个人认为嫁给春天是件幸福的事。,1
11182,目前有个疑惑：按最左边的电源按钮可以开机，按旁边的那个触摸点也可以开机，为啥呢？,0
11183,加在（第二段的最后）：浅吟低唱着那如灼灼清酒般媚人的情愫，亦是使唇齿留香，浓郁且甜蜜..,2
11184,大堂不错，有四星的样子，房间的设施一般，感觉有点旧，卫生间细节不错，各种配套东西都不错，感觉还可以，有机会再去泰山还要入住。,2
11185,电池续航能力不太好，只有一个半小时。介绍里说的“华硕Splendid靓彩技术 ”不知道怎么启动。,0
11186,这个价位上最超值的了，配置也算合理，上网文档高清1080p简单游戏都能应付，做工还可以，到手是完美屏，发热噪音都不大，屏轴很结实，――对得起2999啦,2
11187,很轻，几乎没有噪音，连硬盘转的声音都几乎听不见。配置主流，用相关软件测试了，cpu温度在今天这么热的天气也只有39。做工很精细，外表没的说，让人有一种爱不释手的感觉。确实是一款难得的笔记本。,2
11188,舞台中央的奶滴形象真耀眼。这是今晚在发布会现场出现最多的图案了。由此可以看出蒙牛是真的决心从点滴开始改变了，也期待每一滴牛奶的改变和每一米幸福的降临！,2
11189,这是一本为破除西方人对统计数字的迷信而写的有针对性的科普书。西方人崇尚用事实和数据说话，任何观点，只要拿出了相应的统计数据，似乎就有了站得住脚的理由。实际上呢，可能事实远非统计数字所表现的那样。现在中国的媒体对房地产市场的调查也报道用了很多书里揭穿的伎俩，看一看有助于在纷繁复杂的信息社会保持清醒的头脑，不那么容易被别有用心的某些人忽悠了，值得一读。,2
11190,10寸上网本这个价非常划算啦~~除了山寨本外没有哪个性价比超过它的,2
11191,小说一开始就写了一个很血腥的场面，拉到现实又是一样的血淋淋的画面，好象这个梵天之眼只能给人带来灾难，整篇小说读起来让我觉得很压抑，说不出来的感觉，作者写作有点过于神秘，有点夸张和造作之嫌，我感觉一般而已，特别是结尾，如果男主人公一直在医院，那些发生的故事，死去的人是真的吗，无法得知这个秘密是否真实存在。反正这样的结果我不能想象，好了就写这么多吧，愿意看的人可以买一本看看，感觉是不是和我一样呢,2
11192,"这本书教给了我很多引导\教育孩子的方式\方法.让我受益非浅.原以为我自己很会教育孩子,看了这本书以后,才意识到,我所掌握的太肤浅.孩子的很多行为都能体现出妈妈在教育方面的效果,孩子的性格主要靠平时妈妈的行为引导,并不完全是遗传了,这本书让我学会了太多,建议没一位家长都买一本.让我们的宝贝健康快乐的成长,让幸福,自信,勇敢,豁达,正直,善良伴随他一生",2
11193,科学家们的口述史不仅说的是各自领域的自然科学史，实际上也是一部社会发展史、人文历史。比如本书主人公在西南联大读书时就参加了进步组织，57年被打成了右派分子，又像说到理学院长吴有训等等。这一段经历就不是单纯的自然科学，绝对脱离不开当时的社会。但从中可以看出科学家们那时候的真诚的爱国情操，也能从侧面对当时的社会人文各方面都能有进一步的了解。,1
11194,像蒙牛这样需尽快倒闭的企业不在少数 一部分人已经觉醒，还有很多人被蒙牛蒙在鼓里，快醒醒吧，可怜的国人，让我们一起来拒绝蒙牛，一起把这个无耻的坑害我们身体健康的企业送去地狱,0
11195,优点：1、地理位置闹中取静2、如果在五角场附近办事，交通还算方便缺点：1、房间内有浓重的烟味2、空调滴水刚好在楼下的玻璃钢瓦上，晚上比较吵3、洗澡水“小水无力”，感觉更像是“跑、冒、滴、漏”的水龙头3、早餐比较差(既没有"吃饱"的实实惠惠，也没有"吃好"的丰富多彩)4、毛巾泛黄5、枕头很尴尬(两个偏高、一个偏低),0
11196,优点： 不错的本本，就是屏幕小点 不足： 不错的本本，就是屏幕小点,2
11197,服务员态度等都不错，如果有定餐送餐服务就更完美了！,2
11198, 中国的奶业有几家能信赖的？ 我已经接近一年没有购买蒙牛的任何产品，抵制蒙牛，从自己做起 今天你让蒙牛活下去，明天它毒死你孩子。拒绝蒙牛，比拒绝日货更重要,0
11199,"本来订的是198的大床房,结果前台说没有,只有商务230的大床房.可进房间一看,其实就是大床房,因为一个月前刚刚住过.一模一样的房间加上""商务""二字就多了32块钱.感觉是前台戴眼镜的男服务员故意搞鬼,于是下去质问他""商务""与非商务的区别.他支支吾吾说不清楚,说多了冰箱和保险柜。。。我狂骂，冰箱是有，可是空空无物！保险柜根本不存在！！明明就是变向加价，一点都没诚信！！！还有，房间的隔音超差，楼道内有人走动说话，里面听得很清楚，有帮客人在打牌，虽然隔了几间房，还是吵得不得了。更可气的是晚上旁边有装修的，在敲什么东西很吵，一直搞到2：00多，据说是后来住客们打电话叫来了110才制止住。。。酒店人员也无人去过问！！",0
11200,我晕，我的订单包括这本书，订单的其它东东货有到手上，偏偏这本书给落了。,0
11201,外观很养眼 速度还行 系统难装 还好寝室有位高手同学啊 不过也是费了半个小时啊,2
11202,外观漂亮，显示色彩鲜艳，声音效果好，质量轻。是一款非常适合女孩子用的本。,2
11203,不喜欢这样的措辞写成书，然后耗费我的时间去认真的读！觉得这样的语言，更适合去央视“百家讲坛”吹去～～～觉得历史还是应该稍微严肃点～～～,0
11204,我去年的时候去过该酒店，那时候住的是无烟房，感觉还好，这回去住的是高级标准间，进去了房间就有一种怪味道要求前台换房，换过了以后还是多少有一点怪味。不过房间的墙壁特脏，后来想算了，就没在换，不过感觉今年的金鼎要比去年卫生环境差很多，装修也旧了！,0
11205,服务态度很好,2
11206,初见书名时，自己也暗自猜测书中内容，打开一看，天呐，整个一小百科。由于自己之前的工作性质，对这些知识很敏感。茶余饭后细细品读时，感觉是别有洞天，内容涵盖之广，涉猎之多，足见编辑之苦心。但金无足赤，此书知识点广度足够，但深度不足。若为开拓眼界，拓宽知识面，可谓良友，但若要深入了解，还需借助专业著作。总而言之，瑕不掩璧还是本不错的书，值得一读。,1
11207,突出之处节能，电池续航时间长。小巧精制，可以这样她，真是十分不错的上网小本本。,2
11208,都是谁说的好啊，我也买了。可是看不懂，我妈看了也说没啥用。哎。。。。。。。。,0
11209,虽然是老乡的作品，但是从客观上来讲的话，还是有点牵强，虽然作者的经历很丰富文采也不错，但不太喜欢结构和风格，这一次跟风跟错了：（,1
11210,性价比不错，本本的外观手感以及性能都还不错，到底是大品牌的东西。,2
11211,调到最大声音还是有点小 内存小了点，需要自己加，不过好像内存兼兼容性还好，我装的是宇瞻的，没什么问题,0
11212, 抵制蒙牛,0
11213,"这样的酒店一般,前台服务员善意提醒预定房间有些吵(靠近高架),因为只有这样的房间才有收费的宽带,查看房间后感觉还可以,可服务员就不能等待10min再下楼登记,而是要求必须马上登记,好像担心我们会偷他们的东西似的.",0
11214,书的内容，没得说，很好，但是书的纸张封装裁剪质量太差！！！！之前从当当买的书纸张和封装都还不错。这次收到的两本《求医不如求己》，书页边缘非常粗糙，纸张毛糙，裁剪不整齐，因为这点问题退货不太好，可是拿在手里翻看，感觉很不舒服！希望当当今后严把质量关！！！,1
11215,再补充两点吧，我觉得卡洛斯的成功还在于以下三点，很值得我们学习：1.要选对合适的人帮助自己——雷诺帮；2.要有战略眼光——选择合适的合作伙伴（日产、东风）；3.要有培养人的意识——人员交流（雷诺=日产）；我对第三点最为敬佩，一个成功的管理者不在于自己做到多么高的位置，而在于自己能够培养无数的后来者走向成功，为企业造血，为企业的长远发展做好人才储备；,2
11216,6年前的《赢在中国》，是我最喜欢的，一直盼望能有下期，在节目中蒙牛集团牛总、汇源果汁朱总、新东方教育集团俞总、阿里巴巴马总、巨人网络史总等都是我非常敬佩的中国企业家，尤其牛总的企业文化感染了我，所以我喝奶只喝蒙牛，除了上面几位我最敬佩的boss外，还有两个人我最最敬佩的熊晓鸽和王利芬,2
11217,本来忍着DOS系统买的，想到4xxx能买到这个配置也超值了， 没想到一开机竟然自带vista，感觉京东老厚道了呵呵。先用正版vista吧呵呵,2
11218,书没有什么的内容，标题已经全部概括。真的佩服作者能将一件事情写成一本书，而后我有将只有一件事情的书通读，真是同样佩服自己。,0
11219,"春天的季节,没有什么比鸟儿的欢歌更美的声音了.这本小册子图文并茂,带在身边,随时可以识别我们可爱的小精灵,快乐的招呼一声:你好.连并着想到故宫的乌鸦都有了欢喜的感觉.珍惜我们还有这些可爱的朋友,如果看了<寂静的春天>,你一定会感叹错过了永远的失去了,鸟儿.带一本小册子,可以传阅给你的朋友,分享拥有春天般美丽的心情,象鸟儿一样放飞自己.热爱生活,热爱生命.",2
11220,"非常不值得的一个酒店.179的价格绝对不值!其他连锁酒店99元100元都比这个强啊!!房间很小,位置不好,早餐很差!",0
11221,这个对果粉太残酷了回复 支持茅台成为国酒，支持蒙牛牛奶成为国奶，支持三鹿奶粉成为国粉,2
11222,性能优越，这个价格下的高配置称得上高性价比。外观也很漂亮，拿手上也不觉得太沉。 跑VISTA很流畅，开多个程序基本不觉得卡，内存高就是好啊。,2
11223,每天一瓶。喝啦。但我喜欢喝蒙牛哒~~~~,1
11224,虽至于另外的那些更是不值一提，选来选去三星的这款不错。然以前用的三星不好，但这次不错,1
11225,我是中国之声“今晚听吧”的听友，听到尹老师做的这一次节目，就立即想购买此书。可是问遍了我们这所有的书店，竟然没有。于是，我只好抱着试一试的态度上当当网看，因为第一次网上购书，也没抱多大希望。今天书来了，感觉很好，当然是指当当的服务、价格、质量，同时挑了几篇看，三个字“太棒了”。今后，我还会在当当购书。,2
11226,感觉是本生活日记，作者营造出中挺洒脱超然的济世良医的感觉，但对我这样理工背景文史哲不错的人来说，感觉文字背后没什么东西，很空。现在庆幸的是没一起买第二册,1
11227,"我很支持,在数数的过程中,不要讲其他的话.1\2\3数字间隔中间的沉默,给孩子的心理行为会有更大的压力.不过,有时候,如果到了2,孩子还没静下来,我会说:?已经过了2了.?执行不久我觉得得给他一个过程来适应,所以,相当于有时候是数到四个数的....但是,绝对不跟孩子讲价格.",1
11228,除了苹果，就喜欢ThinkPad的设计了。 经典的外观，性价比不错，各方面的配置也比较均衡。最喜欢的是自带摄像头。同事是个比较粗心的人，用小黑这种任劳任怨的机器没的挑了呵呵。,2
11229,外观不错，电池续航能力强，键盘明显优于其他机器，显示屏还算清晰,2
11230,轻小可人，容量大，速度快，外壳色泽光感都不错…… 对于准备求婚的哥哥是个不错的选择哦！,2
11231,她是不可多得的成功的传媒人士为什么一定要写15字？对这本书来讲，没什么可写的哇？？,0
11232,"今年七月二十一号在958 598买的机子,不到一星期,就出毛病了,不显示电池电量,八月七号拿去修,说是主板坏了,并且维修站没有主板换,不知道什么时侯厂家能寄主板来,要求换一台,说过了十五天包换期.气死人了.难怪国产手机厂家那么或亏损、或到闭。我看CECT 的命运也好不到那里去。",0
11233,还未装,2
11234,看到伊利就想吐，看到蒙牛就晕倒，看到王老吉就上火！,0
11235,地理位置很好，离洋货市场很近。房间装修还可以，就是有点小。电视是液晶的，总体感觉不错。,2
11236,很实用，里面列出的一些用法，基本都是在实际编程工作用得到的，而且是常用的。象static很多书都是一带而过，这本书里说得很详细，因为在实际工作中，经常会用到，从数据库查出数据存到一个数组里，以加快程序速度。还有一些控件的属性，列出得比较详细，也讲到了用在什么地方，一看作者就是个有实战经验的人。强烈推荐给初学者。,2
11237,r系列本身就厚重一些，内存不好装，第一次拆害怕给拆坏了。联想自带的开机软件太多了，影响速度。,0
11238,卖萌帝的歌就是好听果然是蒙牛酸酸乳，,2
11239,5199的价格很能接受 外观很漂亮 15.4寸屏看起来很舒服 独立小键盘很方便 散热不错 小鼠标非常可爱,2
11240,使用第一天就发现电源按钮需按两次才能启动机器，原以为新电脑需要磨合。殊不知使用近四个月还是如此，拿到维修中心，维修人员所这是正常的，打开面板一看才知道内部零配件就像旧得一样，怀疑是旧机翻新。失去信心。,0
11241,我要的书送错了，至今还不知道怎么办理退货呢？当当的售后服务果真如网上说的一样差！！！,0
11242,这本书紧接《春秋大义》，作者一以贯之地以浅显的语言，告诉我们古代的智力英雄们如何解读春秋，这些解读又是如何上达庙堂，成为历代大政方针的出发点和依据。春秋只有一个，但解读却有无数，正是历代第一流的精英们的或深刻或偏颇或华丽的解读，织就了一身精美绝伦的不断变动的思想图景。作者带领我们有条不紊地游览这幅图景，一一指出其中的精妙幽微之处，让我们对历史有更好的认识。严重推荐！,1
11243,质量不错，适合3岁左右小孩玩。每一页边上都有已经打好的虚线孔，直接将页面撕下来就行，都是很简单的手工，练习孩子剪图形，折纸。我儿子3岁半，特别喜欢做，就是用剪刀用不太好，正好练习啦。有些东西做出来“实用性”还挺强，像太阳帽，刚好能戴在儿子头上，拖鞋，他也刚好能“穿”，儿子自己还说呐“大小正合适”，呵呵。让他练习手工的同时还有很多乐趣，超喜欢。,2
11244,虽然作者花了很多篇幅，但看了以后有点失望，感觉钱白花了。书里面实际上大部分都是个人抒情，小女人的自怜自爱。可爱倒是可爱，但是实用性上，我觉得不如《求医不如求己》。实际上《31岁》这本书，为数不多的精华思想，都来自于这本《求医》。《求医》内容之丰富，逻辑之严谨，行文之流畅有趣，学识之渊博，阐述之客观，是这本书所不能及的。如果有《求医》，这本书，可以不用买了。,1
11245,昨日去超市想买奶粉，就看看雀巢啊，伊利啊，蒙牛啊什么的，结果导购不断的说那就是香精调购的，这个也是那个也是，我就问那你说哪个好，她指着一个叫荷兰乳牛的，说是进口的，我一看也不贵，就拿了一盒。今天上网一搜，什么乱七八糟的消息都有，真不知道现在该吃什么喝什么了！,2
11246,这类书的通病，字数不多，页数不少，卖钱呗！书里并没有什么新鲜的理论，例子也显得苍白。可能我已经过了看浅显易懂的励志书的年龄了吧，翻了翻就想送人了，没兴趣留在自己的书柜里。,0
11247,漂亮，小巧，精致，适合女生使用，很华丽很高贵，运行vista也不慢，没亮点，运气不错,2
11248,还以为里面是有很多图片的呢，原来都是文字，实在没心情看这种书，最主要是连作者的照片都没有，那该怎么确定她是31岁的美女呢？不太能让人信服吧。,0
11249,5.电话本的备份我在KZ690里还发现了一项挺实用的功能，那就是电话本的备份。它既支持将SIM卡上的电话本全部复制到手机上，也可以从手机上全复制回SIM卡上，这样无论是手机坏掉还是送去维修，只要把电话复制到手机卡上就行了。6.其他功能也很实用KZ690的闹钟功能也很实用，除了可以分别设定三个闹钟以外，还可以让它分别按一次、每天、双休日、工作日（就是周一到周五）为周期进行报时。再有就是比较常用的计算器和万年历功能，虽然他们没有什么过人之处，不过做为这么一部低端手机，能做到这些我已经很满意了。,2
11250,不错的酒店，在柳州属于最好的了。周围环境也很好。,2
11251,1，摄像头130W像素，QQ视频不是特别清晰 2，显示屏从侧面将近180度曲看发现有漏光 3，vista系统开机是慢了点 4，最严重的是带的电源适配器，总“吱吱”响，很吵，强烈要求换个！！,0
11252,对比了GATEWAY的那款和这款，最后看中了宏?的三年质保。 1、装系统：很多人都反映系统难装，建议大家用深度6.2版本的XP，自带sata驱动，所以装的时候就不用改bios的设置了。 2、散热问题：从做系统一直连续开机了10个小时，个人感觉比较热的地方就是触摸板了，但是绝对没有达到烫手的地步。所以我个人感觉散热不能说好，但是也绝不差。而且独显笔记本肯定会热的，想不热就多花一倍的钱去买小黑。,1
11253,对于一本广受好评的书“锦上添花”多少有点多余，让人有所收获是每一个阅读人的愿望。否则还不用冒着近视的危险使劲的看书？？HIT BOOK 。看书也要选择，尤其是对于青年男女手上有一本连岳还是不错的选择。情感，你去试，你就会有收获---要么幸福、快乐，要么痛苦、遗憾。准确的说是都有，都有。看了连岳精辟的回答，心中渐渐有种明朗的感觉。喜欢,2
11254,面板容易有指纹痕迹，内存扩容后必须升级bios才能显示2G而说明书上无介绍,0
11255,外观漂亮，性能超强，打3D游戏也没问题，我加个2G内存，那是相当的爽。,2
11256,本来是冲着那个一人一万元去买这本书的很想知道会是什么内容的书会让大家哪么感动并想把他排成电影看完之后也的确是感触非常虽然觉得那个笑着活下去的续其实没有必要去写但是既然大家哪么捧场还是说明了 在战后那个年代坚持 信念还有乐观的心情是多么的重要简单的生活确有滋有味我相信 如果我是这位阿妈养大的哪么也觉得会是个问心无愧的人所以 是本好书,1
11257,VISTA游戏真的很慢！！！开心玩偷菜都偷不到！！！ 用了10天还是换了XP,0
11258,因《白夜行》而被此作者吸引，无意中买了这本书。一打开视线就离不开它。昨晚为了它忍住疲惫，今天下午趁工作不忙，躲在一帝偷偷地把它看完了。青年的创伤太容易埋下祸根，由此滋长出的恨并不是深藏在海底的威力无比的波涛，因为它总是会出现在生活的各种小细节里，只是平日人们不太关注于每件事情的任何细节而已。默认或许是某种意义上的承认，但其背后或许也隐藏着某些不愿说出的秘密。,1
11259,硬盘在频繁读取数据时有轻微的卡卡响，处理器换t6400更好，价格可再降,0
11260,"看了评论才买的, 结果发现不是那么的好,不太喜欢这种风格,儿子也不喜欢看,也许女孩子会喜欢这种书吧?",0
11261,"入住很多次了都忘记点评了.现在全部补上.哈哈.酒店已经有我的常客记录了.东西忘记了在房间,即使是一个小小的手机电池,酒店也很重视,立即联系到了我.",2
11262,我推荐我公司一副总，他看了以后也说好书，现在都没还给我，他甚至不相信此书为一人所写，因为出版行业有时书的策划协作是团队操作的。,2
11263,我只能说这是一本如果摆在书店肯定卖不出去的书，内容言之无物，如果翻了几页，肯定不会去买。,0
11264,好书的理由：1、它确实讲的是浴足的真理。要想懂浴足，看完看懂这本书，就成为浴足专家了，至少是理论上的专家；2、它确实也介绍了不少实用简单的法子。3、浴足确有禁忌，它说的都对。,2
11265,看到这套书的时候，立刻就有了购买的冲动，因为这好像就是我童年记忆里那套带给我很多快乐和疑问的、让我至今难忘的书。一个个传说和故事，自小就在我的心里扎下了根，和那些精美的图画一起。虽然新版的图书有点贵，还是毫不犹豫下了单。拿到书的时候很开心，书的质量很好，翻看书页的时候，就像是翻开了童年的记忆，一个个故事跃然纸上，收藏了~~~~留给我的孩子看！,2
11266,这是正宗日版引进的书！编书的日本人，所以，书中选用的例句很地道。每十几个的句型分为一组，每组都有配套练习，方便学习过后检验和巩固知识点！看过市面上很多日语考级类语法书，感觉这一套是含金量最高的！另外推荐《日语能力测验考前题库》系列，这也是高含金量的，可与本书配合使用。不过，题库系列名副其实，只有题和答案，几乎没有解释，对于语法基础不够扎实的朋友来说，慎选。,2
11267,用了整整一周了。感觉还不错。led屏 配130显卡玩游戏不错。单纯用来办公就有点小浪费了。应该对得起这个价格吧。,2
11268,现代人的生活免不了喝酒、抽烟、上网以及熬夜等等，诸多的不良习惯在不留意之间慢慢侵害着我们的身体，而如果缺乏保健知识的话，在忽视许多身体给予我们的暗示后，健康已经远离我了。《特效穴位使用手册》俨然一位保健医生，教会我们各种应对不适的方法，告诉我们许多注意的细节，我很喜欢这本书。在第一次购买后，给父母也买了，孝心不在于用物质体现，给父母请一位无形的保健医生我认为尤为重要！,2
11269,包装很不错。很明显是新书。与以往的书很不相同。看来，当当的服务对我是越来越好了。但是，价格上看还是有点贵了。因为看了里面的内容与我想像的有一点点差别。但是，还是感觉很不错的一本书。对于刚刚恋爱或者刚出校门的女子来说，是很好的选择，对于已经有一点恋爱经验的人来说，这本书有点浅见了。但是，不影响阅读。因为这个世界有一半是男人。呵呵。,1
11270,刚读完杜拉拉升职记，发现又悄然出现了小强升职记。说心里话，刚看到这个书名时，觉得有点俗，也觉得这书不大气，但一看大家的评论还都不错，于是就决定买来看看。结果出乎我的意料，书中的时间管理知识介绍的非常的详细。以前我也读过相关的书，比如说《高效能人士的七种习惯》，对时间管理有一些肤浅的认识，我觉得小强升职记写的还蛮系统的，而且也有一定得趣味性，我又买了几本送给了我的同事。值得学习!,1
11271,牌子够老，够响亮，冲着牌子去的，结果让人很伤心！唉。。。。。。。,2
11272,我刚刚买了一台，就发现有一个毛病。机器开关时，放出的音乐非常的难听，有巨大的嗞嗞的声音。,0
11273,电池只有一块给消费者的确带来了一些麻烦，手机外壳特容易刮花，特别是后盖上印刷的英文字母易花,0
11274,送给老婆，外观很漂亮，配置也均衡，该有的都有了，对得起这个价位了,2
11275,感谢蒙牛,2
11276,我的宝宝很喜欢，现在他一岁九个月了。但我是在他8个月的时候买的，也是看到评论，觉得挺好，买来看看吧。一岁时和他看《大风》的那本时，他能够看懂了，并且很喜欢，看了很多遍，对画面中很细小的东西都能够注意到，还经常自问自答，很可爱。并且这个绘本内容、质量都不错，只要宝宝喜欢我就很满意。一套中有的他现在还不是很感兴趣，我想随年龄增长，他会都很喜欢的！,1
11277,周边环境较差，服务的速度慢，态度还可以，价格太高。,0
11278,最大的困扰是穴位有点把不准，不过我牢记中里先生离穴不离经的教诲。,0
11279,"也买了，感觉不错，手感很好，2280搞定,送蓝牙",2
11280,和E680I比，它的翻盖设计，能很好地保护手写的大屏幕。黑色的很内敛，没有E680I的那么招摇。伤心啊，我的E680I就这么被抢了，还过A1200是不错，还有大礼包，送了好多东西，有蓝牙耳机，三个电池，还有车载充电器，还有一个最大的惊喜，就是还送了一个mircosd卡和转接的SD卡。虽说只有100多元钱，可真是让人感到什么是体贴了。,2
11281,键盘可以适应高速打字，比较出乎意料，可以聊天使用了，比原来的9寸的本确实好。电池的待机时间还可以，用win7，开无线，蓝牙鼠标，播放了2小时的高清电影，5.5小时。电源适配器很小巧，符合上网本的定位。,2
11282,"房间设施象招待所，卫生间里的设备很久，房间的卫生很差免费注册 网站导航 宾馆索引 服务说明 关于携程 诚聘英才 代理合作 广告业务 联系我们Copyright?1999-2008, ctrip.com. all rights reserved.",0
11283,垃圾书，典型的伪科学，幸好是帮人带的。,0
11284,宾馆服务非常好，环境也很好，但在宾馆吃饭太贵了，地角很偏，交通很不方便。,1
11285,一到四部我全买了，虽然四本书中有很多重复的地方，但对我了解以及能够去看懂红楼梦的帮助实在是太大了，呵呵！此书上部分讲薛宝钗的情爱问题其实很多第三部都说了，这里只是再增加了一些信息，比如宫廷如何选秀的，还有古代皇帝妻妾的排位等等，也算是增长见识吧！至于下篇都是新内容，所以我觉得刘心武先生的这四部书都值得买！,1
11286,"破手机,烂电池,键盘小,不要买,我已买了960.悔啊",0
11287,没想像中的好，行文太随便，只是小品和书信的随意结合体而已。谈不上系统的知识介绍。,0
11288,属于政府招待所，酒店设施非常一般，服务态度也不太令人满意，房间的床上用品不干净，枕套居然是有大面积油渍的，换了一个居然还是一样，床单下有很多头发，被罩上还有零星的血渍，早餐质量太差，天天一样，令人没有食欲，18元的早餐也就是喝碗粥，吃个鸡蛋。希望邯郸地区的酒店能够尽量提高质量和服务水平,0
11289,给上中学的孩子买的。收到之后，自己先浏览了一遍，感觉书写得不错，可以帮助成长中的、好奇心极强的中学生们了解自己生理和心理的特点，以及如何交友和远离有害的东西。书写得很好，也很全面。我是农村长大的，小时候，根本没有看过这一类的书，所以也走了很多弯路。值得成长中的中学生一看。家长也可以看一下，可以指导处于青春期的孩子们成长。,2
11290,送的三星1G金条，真品。下单时没送我瑞星杀毒软件，郁闷。装系统花了点时间，联想的软件还真多。VISTA不好 影响运行速度 没有独立显卡，分区很不合理：C盘210G 。,0
11291,我觉得是一本基本没什么用处的书，喜欢英语的用不着，不喜欢英语的也不会因此喜欢上学习英语（我就是个例子），高年级的觉得肤浅，小孩子又觉得生僻，哎！这是第一册，我还在网上发现了第二册，不知道会不会比这个好一点。,0
11292,今天在健身馆健身，偶尔尝到了蒙牛冠益乳～～味道不错奥～有时间可以品尝下～本来有照片的，改天发！,2
11293,这是晓晓最喜欢的图画书之一。我猜有两个原因：一则这是讲友情的故事，小孩子最需要伙伴，所以这样的故事能引起共鸣。譬如晓晓就把自己叫“小蓝”，把她的小伙伴小宝叫“小黄”。二则书中的主人公居然是颜色，这也是宝宝生活中比较熟悉的现象，把颜色当作人来讲确实很有创意，颜色的融合就像人们的拥抱，在孩子看来，真的太有趣了。而且，对颜色的认识加深了，真好！,2
11294,1、系统不是高级版，京东有误导，有点伤心 2、如果以前用的是小黑，质感不如从前,0
11295,光明的粉丝很庸俗地表示一直都很喜欢这个蒙牛饮料,2
11296,开机声音很响亮！这个“16和弦”声音特别响亮，表现效果很出众，有点Z2的感觉。铃声够大，放包里不会漏接电话了。屏幕是小了点，但是亮度还行。可以自己调节亮度和对比度，所以能够在不少环境下适用摄像方面，只有10W像素的摄像头，拍照效果在自己的6万色屏幕上较为清晰，噪点不明显。,1
11297,我很遗憾。我是收到当当网的推荐书EMAIL而购买此书的。没想到里面充斥着广告和作者的自我标榜。我很遗憾没能看到我原本期待的作者一步步走来的真实经历，也遗憾于我欣赏的当当网会将这样的书作为推荐书带给读者。,0
11298,拿到书后，刚好星期天，看了整整一天！觉得用现代科学来看古代的佛学、道学的东西，并不是没有道理，只不过我们现在还解释不通！光到底是粒子还是波，我们的世界中是否还存在一个看不见、摸不着的世界，“上帝掷骰子了吗”，难道哥白尼、伽利略破除种种阻碍创立的日心说，因果论，我们现实所有的一切一切都是虚幻的！我们都眩晕了！准备读读佛经！,2
11299,我也是看了评论才买的，一买回来，儿子就拿起荒岛历险来看，非常感兴趣，问他为什么好看，他说是故事内容，里面的数学知识有些还不太理解，说以后慢慢来弄懂，于是我也看了前面一点，有些数学知识是奥数内容，三年级的孩子还不太懂，但却愿意把书看下去，说明故事内容还是很吸引他的，感觉不错，买来后理了下，二十七本书分别是写给少儿、中小学生、中学生、青少年和数学爱好者的。,1
11300,看来你已经习惯这个外号很久了... 蒙牛真强大...,2
11301,不过这红旗应该是庆双节吧？？ 生活中的石总就是这么睿智 只是对方脸太厚心太黑回复 蒙牛不倒，对国产奶实在不敢有信心。,0
11302,我儿子现在2岁五个月，从当当网上买回小熊宝宝绘本后送给他作为儿童节礼物，他非常喜欢这套书，但是还没看完，看过其中的四册，最喜欢拉邑邑和睡觉这两册，每天上床和早上起来都要我跟他一起看这两本书，早上送他上幼儿园还得给他带着这几本书才肯去。这是第一次在当当网上购物，不论是送货速度还是服务态度都很不错，而且能在这个网上买到有些书店没有卖的优秀图书，更重要的是经常会有些书打很低的折扣，非常实惠。,1
11303,"很不错的一家酒店,在当地来说是最好的了.客房设施在此价位相当到位,早餐口味及品种也很好,尤其是酒店的氛围绝对是优于临海其它酒店,感觉很好.补充点评 2008年7月9日 ： 很不错的一家酒店,在当地来说是最好的了.客房设施在此价位相当到位,早餐口味及品种也很好,尤其是酒店的氛围绝对是优于临海其它酒店,感觉很好.",2
11304,抱歉，是想给五颗星，误给了一颗星。经典！,0
11305,前天刚刚在国美买了一款A1200，红色的，据说是刚到货的，颜色不错我很满意，4080元买的，带发票，单电单充，含一个128MSD卡（好像没法用）和一个128MTF卡，立体声耳机（听FM的时候非常清晰），两张光盘，数据线。1。用了一天，还不错，只是把声音调到最大的时候我频繁换铃音，死了一次机。2。用习惯了接收短信以后得到发送报告，A1200在发送短信的时候每次都要设置一下，挺麻烦的。3。还有就是日历上没有阴历，对我来说有点不习惯。4。名片识别功能扫起来不大容易，但识别率不错。5。内存太小了，大家都这么讲，我也这么认为。。。6。因为是移动定制手机，有些功能我都不用不到，误按到就要付费，有点可怕。。。7。手写识别率很不错，太出乎我的意料了。。。8。看到卓越上面4888元送蓝牙和打印机（专为这款手机定制的），加50送电池（国产的），听起来很划算，但我打电话问他们客服他们说不知道具体配置，估计没有耳机和数据线，所以我没有冒险买，而且蓝牙对我来说没用，开车的时候用免提就行了，女孩子戴蓝牙太丑了，打印机也很烦，打印出来没地方收藏，还不如放到本本里可以随时看，还不担心纸张和墨墨。。。还有谁用过，大家切磋一下。。。也可发邮件我bjgxtt@sohu.com,1
11306,"该套丛书画面生动,注重生活的细节,对小孩很有吸引力,并在阅读的同事了解了生活中的常识/体会一些有趣的过程. 满意!",0
11307,蒙牛在国航的路子很牛么。。。一直屹立不倒。。。,2
11308,服务员态度极差！！！弄丢了订单不说，找的交接班借口，当客人投诉时前台服务员在那翻白眼。补充点评 2008年6月10日 ： 订单弄丢，打了好几个电话，携程和酒店推皮球，酒店前台和预定处推皮球，前台态度还相当恶劣，以后再也不住这个酒店！！看过前面的点评，看来订单弄丢不是第一次，对于这种不把订单当回事的酒店，携程还纳入合作伙伴，如要保留要加强监控才行，我宁愿以后不再通过携程预定！！！,0
11309,服务还可以！别的和招待所水平差不多。网络经常不好！不值得推荐！,0
11310,"酒店的服务员服务很规范,早餐品种丰富。紧挨路边，周边环境有点吵，很早就有大卡车鸣笛。可能是住得太高的缘故(住顶楼6楼),晚上洗澡洗到一半没有热水了,过了约1分钟才慢慢来水.这在冬天是较难忍受的.",2
11311,买了上册，看完了，可是怎么也找不到买下册的理由。,0
11312,性价比高。运行一般的文档、上网、电影，和Thinkpad T400没啥差别。外观漂亮，在黑色中算是比较突出的。,2
11313,看了池莉写的自己从孩子出生开始就给孩子创造的环境，让她的孩子长得成功 骄傲，真是了不起。我也是刚刚做母亲的人，对如何教育孩子深感迷茫，自己就是应试教育的产物，天天埋身于书山题海，到头来还是在一个普通学校做老师，那个时候就很痛恨学校恨老师，现在也不想让我的孩子重蹈覆辙，但是如何去做？是否成功，这本书带给我新的启示。非常好看的书,1
11314,优点：这是我的第一款本本，所以好不好的概念不明确，目前玩实况OK,2
11315,性价比很高。虽然是没有挂牌按照四星标准建造，但是非常不错。房间很大设备齐全。酒店所处位置交通便利，离成都热闹繁华地带近。同行的几个同事的评价都很高。,1
11316,前天下的单，今天到货。一看价格跌了200元，只能认运气不好，呵呵。 另外，分区确实有点畸形。联想能不能做个调查啊，估计80%用户希望预先作好分区，当然不是这样变态的分区，嘿嘿。,0
11317,应该在保证质量的前提下，价格适中，先占领市场，让使用者感觉到海尔手机是非常可靠的，就像海尔冰箱一样，这样海尔手机还会没有销路吗？利润还会少吗？在一定的时期让利于消费者不见得就会减少利润，放长线钓大鱼，看看奇瑞汽车，一开始不就是走的让利于消费者，占领市场的战略吗~!,2
11318,有时候会听到个别 吱吱的 声音，好像视频驱动不方便下载，后来没装驱动，稀里糊涂的也能用了。,0
11319,1. 机身不能存短信； 2振机的感觉不明显； 3.电池待机时间短； 4.不能把开关机的声音和接通电话提示声音去掉； 5.按键很硬，手感很差； 6.机身金属漆容易磨掉； 7.没有网站提供铃声下载； 8.没有红外线和蓝牙接口，不支持WAP、GPRS和JAVA功能； 9. 不支持彩信；,0
11320,"造型美观,轻颖.手感良好",2
11321,1.先说外观吧!目前市面上只有两款颜色可做选择，(光亮银，酒红)特别是酒红色的外壳漆采用的是烤漆，这样手机的外壳还是非常耐磨的，而且看上去也还比较精致~!再就是它的外型也蛮圆润，拿起来手感也比较好..2.因为它是内置30万像素的彩屏照相手机，屏幕是采用迪色灵技术，所以屏幕看上去色彩还是较艳丽，而且也蛮清晰的，而且它的照相功能还有个性化的"主题模式"(连拍 定时 多组拍摄)而且机身可存100张照片!因为2051C支持数据传输，所以还可以把储存在手机里的照片上传到软件光盘里，可将图片下载后用专业的冲印设备冲印出来，而且还可以将拍摄的图片设置为待机的图片。3.它来电还可以设置来电图象识别!EMS增强型短消息服务，手机铃声虽为16和旋不过里面还是内存了几首比较悦耳的铃声，而且它还可以下载!,2
11322,外形自己比较喜欢，LED屏幕很爽16:9是未来趋势，不重比朋友的ASUS轻，当然最重就是GT130m ddr3显卡很不错NBA2k9 极品12 科林麦克雷拉力轻松解决！经过和朋友T5800的对比T4200性能稍微超过一点点 45nm很不错综合性能强！哈哈,2
11323,商品很好，是正品！加热要40分钟左右，卖家的服务也很好，非常贴心，耐心周到，点个赞！就是美的的官方客服坑了点，上门安装好贵啊，光材料费就要差不多500，再加上给师傅的100块，比较坑爹,0
11324,１．待机时间没的调２．拍照还可以３．外行设计非常酷,2
11325,一点小遗憾，笔记本bios设置里面硬盘出场设置不能直接安装xp，需要改一下，我想许多入门玩家会着急一下下。。。,0
11326,现在人们的生活压力很大，在很多时候自身的健康问题往往都被忽视了，特别是男性朋友，所以日常生活中多了解一些与健康和保健相关的知识还是必要的。这本书中介绍的掌纹知识及正确判断掌纹对普通百姓来讲还是有些难度的，如果只是作为对自身健康的大概了解还是不错的，总之，身体的健康还是要靠自己日常的保养保护，另外乐观向上，保持健康的心态也是对身体健康最重要的。,2
11327,国产代工，电池部分设计不合理，装上电池后，与键盘平行的那一面有一点点高起来，有可能与屏接触。,0
11328,太缺德了，蒙牛怎么不倒闭！！！ 转发微博,0
11329,请注意你们的发货，我收到了2本一样的第五本，缺第四本，真是太遗憾了，整套书全废了。,0
11330,"位置不错, 在市中心. 周围吃饭等很方便. 房间一如既往的干净",2
11331,易经作为中华文化的根，长期以来只有少数人学习专研。大多数人一听到易，就感觉很神秘，认为不是一般的人能学的。但是这本书通过深入浅出的讲解，使任何一个对易学感兴趣的人都能很快入门。当然，易学文化博大精深，即使读完此书，依旧只是完成了入门的过程，如果希望真正掌握的话，还需后期的大量学习。作为启蒙的书籍，此本书是不可多得的。,1
11332,实物比图片看起来好看多了，甚是意外。钢琴烤漆的外壳，丰富的接口，实在感到意外。,2
11333,"在金飞鸿买的,感觉还不错,音质也还行,后壳没有松动的感觉,很贴服.",2
11334,我也是看了大家的评论才决定给三岁多的女儿购买这套书的，这也是我第一次在当当购书。虽然是四岁的，但是有些内容女儿学起来还比较轻松，有一些理解起来就有点困难，慢慢来吧。女儿最感兴趣的就是带有sticker的学习内容，每次都是她主动提出要学习，而且是先挑选有stickers的内容来学，顺便还学会了stickers这个单词呢。一套很值得购买的书,1
11335,网上看以为很火，其实内容很一般，文笔也不怎么样，和好几个同事交流，大家都觉得搞不懂在写什么，乱七八糟的。。。。。,0
11336,看上去不错，还没装。,2
11337,店家很耐心，服务周到满意，就是安装工换了个墙上插座收50，把j旧的热水器拆下来，收了30，换了2跟管子收了40，120就这样没了,0
11338,不支持自动开关机,0
11339,我上当当的新用户，第一次在当当买书，可是14号都已经发货，到现在都没有收到，实在是大失所望，我不知道该向哪里讨书！！！,0
11340,2008-01-6日住了一晚288的豪华套房，原本打算住两晚，结果一个晚上就受够了，酒店是在是垃圾，设施陈旧，隔音效果差，门外走廊内的脚步声在里面听得很清晰，价格也没什么竞争力。房间内的服务手册与实际一点也不符。说是有室内小酒吧，结果什么也没有。而且手册上明明写的可以随时打电话叫服务中心人员来添加，最后退房时在总台结帐。结果打电话过去，服务中心却告知打另一个号码。打到另一个号码却是一楼的一个商店，跟酒店没什么关系，而且不能总台结帐。房内送餐同样是一个德行。而且服务中心的人员还振振有辞，说什么服务手册是很久以前的，跟实际情况有出入是很正常的。真是差劲的要命！质问携程：怎么会跟这种差劲的酒店合作？大家的投诉这么多应该早点将其列表中删除才对。再这样下去真的同样对携程也没信心了。,0
11341,"比较老的饭店了,房间只能用还比较干净整洁来形容,但离五星有点差距.卫生间也很小.东西比较旧.",1
11342,样式颜色比较满意，和之前买的黑S10E比较，这个比黑的好看。电池经典的长呀。。。哈哈。键盘舒服，FN键在CTRL里面，符合我的习惯。,2
11343,主流配置、CPU频率还略高于其他的； 蓝牙、WIFI、摄像头、读卡器都有了； 外观也很漂亮； 价格却比HP、联想的便宜。,2
11344,散热不好，主要是在左侧掌托和鼠标触摸板处，开机大概20分钟左右就变得有些烫了，真是要命~不知道是不是质量问题啊。。。还有硬盘经常发出咔咔的声响，不知道是不是正常。。。,0
11345,马马虎虎，太过于关注片面介绍，买来看后感觉不太适合自己。同时提醒以后买书要买自己感兴趣的，要不就成了摆设。“书非借不能读也”,0
11346,惠普预装的软件太多了，竟然有72个进程，vista又太垃圾了，cpu是单核的，特效全关机子跑的还是有点慢，新上市的本本驱动又不多，想换xp只能先等等了！,0
11347,我怎么写评论啊，都俩星期了，我的书长什么样还没见到呢！！！！！,0
11348,金老师的书让你读起来真的有种心灵鸡汤的安慰，不仅仅是鸡汤，简直就是十全大补汤，方方面面把心里的不平和不平静都放下来，静下心来通读。我可以改变世界，一切都会是美好的，我有这种创造的能力，哪怕前一刻我是不快乐的，但这刻之后我是幸福的，我有这种能力！我们可以幸福的美丽的来迎接每一天的挑战！加油！给自己加油！,1
11349,敬仰苏东坡，喜欢林语堂，因而毫不犹豫地买了这本书。此书别于其他类的人物传记，平实叙述穿插不少闲趣逸事，读来令人大有从头到尾一睹为快的畅意。想来妙笔生花的林语堂单单挑苏东坡写传，或许缘于两人相似的乐观博学精神。东坡诗词书画样样精通，仕途坎坷却一生为民请命，屡遭贬谪但广游乐活。语堂先生语言运筹帷幄，散文小说无不堪称精品，虽多年在外奔波，但乐在其中。一书以察两人，品人胜于观文。,1
11350,整体来说还是比较满意的，散热挺好，噪音也不大，运行VISTA也还算顺畅,2
11351,我刚买了袋高钙牛奶 还是蒙牛的 喝了 哎 有点后悔,0
11352,我定了六本书，却只来了五本，唯独少了这一本《二十几岁，决定女人的一生》。而且寄送书的纸箱子被撕扯的四分五裂之后，有用宽胶带黏在一起，难道是配好货物之后发现不对又扯开再黏好？？？？？？,0
11353,与刀刀结实是在众多的期刊杂志中，本人也是属狗的，看到刀刀就更是亲切万分。收到书后有些失望，我还以为这本书与绝对小孩一样的开本呢，相比而言刀刀小了些。不过内容还是很精彩！虽然有很多在其他杂志中看过，但这本书我还是看了数遍，且还再看。画中的三言两语是那样的幽默深刻！读来微笑间还挂着泪水!在读书便是一定的，而且还会购买其他几本书。本人推荐这本漫画！这的很喜欢刀刀！,1
11354,屏幕分辨率高，色彩艳丽；镜头可进行180度旋转拍摄；独立扬声器效果不俗；加入了蓝牙无线模块。,2
11355,1. 做工差强人意，打开屏幕的时候摄像头地方居然会响（面板陷进去了），勉强接受吧，不影响使用； 2.屏幕的转轴有一个地方的盖板会动，但是不影响使用； 3.DVD驱动器做的一般，读光盘时声音比较响；,1
11356,1、电池只是3芯而已 2、没有光驱，装系统比较麻烦，且不支持USB-ZIP，只能用USB-HDD模式启动，花了我不少时间。 3、价格还是蛮贵的,0
11357,这是葡萄皮吗？ 事实证明：蒙牛坑人无下限，劣质到永远！,0
11358,蒙牛优异c，常活动常年轻，@何炅,2
11359,看了此书觉得还是很不错的，但是觉得有点晚了，二十年前怎么没有这样的书呢？希望推荐给年轻人。不过，话说回来，里面的道理恐怕不是每个人都学得来，毕竟个性还是很难改变的。另外，袁先生的有些章节，用词太学术，不然会更通俗，有趣！可能和作者本人的经历有关，有名的大学都让他给读了！很是佩服！希望再写一本给70后的书，正在职场打拼或创业，在家里和外面都被夹在中间的人也不容易啊！,1
11360,第二次购买了，都很不错呢,2
11361,机器是好机器，而且是联想的本，音响效果不错。赶在特价的时候买的，突然之间降价到5499，决定出手。现在看看，真不应该这么冲动。,2
11362,宝贝高档美观，很好用，下次还来光顾。,2
11363,就是靠名字吸引人的眼球内容空洞没有一点实际意义说的都是谁都明白的废话不值得读,0
11364,对明朝的历史基本上是空白的，因为办公室里的一个玩笑，开始接触这本书，越看越喜欢，眼前浮现出一个王朝又一个王朝的兴衰成败，忠臣，奸臣，勇于承担责任的人，有那么多的人值得我们敬仰，也许无名无姓，有那么多的人值得我们去学习，做一个正直的人。,2
11365,美味一直在发现感谢对蒙牛产品的青睐呦，图图也很梦幻,2
11366,看了别人的评论才打算买齐了给儿子做生日礼物。但是4岁的儿子好像并不买账。从成人的角度看，整个故事从人物到情节都很乏味。我儿子的反应和我一样。,1
11367,很多时候我们对父母，对家庭教育都无法说不。因为父母我们不能选择，所以家庭教育也只有承受。哪怕有诸多的问题，都只有默默地接受。然而长大的成人我们，可以觉察，可以自省，可以反思父辈教育中的问题。武老师的这本书，让我们看的更清楚，明白。透过这本书，让自我成长，按真正的好的教育方式去对待我们的下一代，相信他们会成长的更健康，更快乐。这就是这本书能给你我带的启示。一本好书。,2
11368,我想我是爱孙波的。。。她的爱那么简单，那么炽热。我想在她内心的最深处，爱的那个人依然是小浪。。。有波就有浪。。。有浪就有波。很经典。。我拿着这本书。认真的读每一个字。她们的爱恨情仇。我想如果再来一次。她们一定会在一起。虽然从头开始一直充满着悲伤和坎坷。但是，始终都能感受到她们的爱是如此真实。。。。,1
11369,#成功学院饮食文化节#蒙牛真的很牛，太牛了，哈哈,2
11370,酒店特别提示[2008/02/29 -2008/08/30]酒店对面立交桥改造。携程提供的提示不准确，不是对面立交桥改造，根本就是门口的马路改造，再加上昆明道路好多都禁左，再遇上堵车。。。。。。2008/05/04刚住过，堵死我了。晚上10点从机场走的，开了1个多小时。酒店设施已经老了，要是不修路，到周围转转还行，服务员态度一般，入住的时候都是我自己拿着大包小包，开了房间也没人理，自己上去的。酒店的中餐不好吃，早餐的米线还行，但是品种太少，住了两天，第二天就吃腻了。,1
11371,不支持全屏播放；摄像头没有提供闪光灯的支持；TF存储卡不支持热插拔；不支持蓝牙传输功能。,0
11372,#蒙牛奶生产日期被篡改#不喝蒙牛的~~,0
11373,到手发现右上角边上有一个亮点，不过在最边上，也就无所谓了。。。,0
11374,前天买的书，今天就降了，是不是有点太不合理了，能不能给个说法，要不然我就推掉重买！,0
11375,酒店各方面设施完善，服务各方面也较好，就是位置比较偏。离市中心较远。,2
11376,"怎么没光盘,光盘竟然在第二本书里面!逼我一定要买两本,商业诈骗",0
11377,1、大品牌，值得信赖。发票保修卡齐全，保修两年， 售后应该有保证。 2、做工不错，屏幕很好，没坏点亮点。 3、体积小，方便携带。 4、自带XP 家庭版系统，内带操作系统恢复盘和驱动光盘。,2
11378,毕竟是惠普的产品，外观做工上还是简约而不简单～ 这个配置，在这个价位真的也没有什么可挑剔的了～ 再低端，也是定位在商用本，呵呵～,2
11379,有那么多朋友点评钻石公寓，不妨再讲两句。钻石新推出的“特价”双人房，其实一点也不特价。以前有国外朋友来上海，一直比较推荐钻石，他们也比较满意。但这次7月上旬的入住新推出的特价双人房，朋友反映房间比以前小多了，总体比以前的的套房差多了。订房的时候，双特价人房和套房的价格只相差几十元，但实际情况却相差很大，我认为这是钻石在忽悠客人。,1
11380,"从来没花500块住这样的房间..........1.朝着轻轨,不能睡懒觉2.隔音不好.楼上还是哪里似乎有舞厅,很吵闹3.床很硬,很硬4.房间很小最让人受不了的是,5月的上海,天那么热,发现没有冷气,电话问服务,答曰:对不起我们是中央空调,现在还没接到通知开,有需要的话,我请服务员送个电风扇给你......我没接受她的建议,于是一夜闷热.....非常不满意这家酒店",0
11381,第三次购买了。,2
11382,我送了一本给我阿姨，她看了后大很好，大有启发，看来我多了一样送长辈的东西了，所以后来我又买了四本，准备送其他长辈，看来送朋友也很不错喔，正好现在流行如何养生呢。,2
11383,"商品收到了!我简单翻了一下,只看了前面的几本,感觉字太少了,也没有情节,不知后面几本怎么样,总之感觉不是太理想.我孩子一周岁七个月,我感觉还不如婴儿画报呢",0
11384,真的不能看媒体推荐的书，不小心犯了这个错。,0
11385,如果学习社会主义理论，卫老师的书非常值得一看。卫老师用马克思的论点来解释现在我们的社会主义市场经济阶段的理论，条理清楚，有理有节，会让人充分感受到社会主义的优越性。同另一些社会主义理论的书相比，卫老师的书虽然没有太多现在流行的术语和理论，但是全篇结构安排紧凑，文字流畅，通俗易懂，对马克思理论的透彻分析相当具有启发性。能把社会主义理论研究到这个程度，真是很令人感动。,1
11386, 再也不喝蒙牛了,0
11387,不错的酒店，早餐也好，客房比较舒适，还是比较满意的一次预订宾馆反馈 2008年8月8日 ： 感谢您对本酒店的支持！我们将一如既往地保持5星级的餐饮和服务标准， 欢迎您再次下榻， 衷心祝您身体健康， 工作顺利!,2
11388,破酒店上网慢的一踏糊涂。网卡只有10M的连接速度。什么年代了。还用这么慢的交换机。会还有早餐难吃的要死。没什么东西吃的。连煎个鸡蛋都等不到。还是他们的领班在煎店。一边煎还一边在吃。水果就更没什么好吃的了。住了几次就没吃到什么水果。。,0
11389,"晕,本来给四星的,结果网页出错,发表出来变一星了",0
11390,一直认为ACER是高性价比的代名词，本本不错，完美屏，30万像素的摄像头依然很清晰，系统也很好装，至少觉得比惠普的本本好装多了，值得购买。,2
11391,切糕坑钱，蒙牛坑命！ 切糕至少没下毒! 蒙牛确实比切糕还坑爹蒙牛这些傻逼是不是以为切糕很高级呀,0
11392,1、作为便携本，重了一点，厚了一些 2、屏幕确实太小了，上网本还是应该做12寸的。,0
11393,听了老板的介绍买这本书，以为里面是一些适合为孩子朗读的一些小故事或短诗什么的，没想到是纯理论。做为一个教育工作者，我当然知道在孩子启蒙前为他朗读是有很大的好处的啊，所以书再好，也觉得对我没啥用，翻了几页就丢在那了。,0
11394,外观好看，适合女生的本.做工扎实，屏幕绚丽，立体声喇叭音质好，整机发热量低，散热较好.运行时声音小。,2
11395,很旧，很破，很差，很贵，以后再不住了。订房还要信用卡担保，就是怕别人看到现场改变主意，太恶心了。前台都没有，很差,0
11396,请大家千万不要再入住这个酒店了，不是CTRIP不好。是此酒店太烂。一条路上有三个马哥孛罗酒店，其中马哥孛罗港湾应该最好，马哥孛罗太子其次，马哥孛罗香港最差。至少是上个世纪90年代的装修了，非常差。房间很小，两张床并排放。隔音效果也不好。而且酒店后面有个工地，一天都在施工，吵得要命。入住时，持双币信用卡，前台问都不问一句，直接刷美元，而不是RMB。其它香港的商家或酒店在刷信用卡时至少都会问一句刷美元还是RMB？就这样装B。NND。太差了。免费我以后都不会住了！！！,0
11397,在没读这本书这前，很多时候都不大了解老公到底想的是什么，或者是他为什么要那么做，他是怎么想的。呵呵，读了这本书后，受益匪钱，开始慢慢地了解老公，理解老公了。这本书，从最基本的人性开始剖析，从各方面诠释男人与女人之间是那么不同，又紧紧相连。使女人全方位的了解男人。呵呵，我觉得这本书很适合结婚一年左右的群体，这一阶段正是男人与女人最难以相处的时期。,2
11398,回复 另外，提个建议，不知道有用没有用，还是提一下，希望蒙牛以及各乳制品企业考虑，恢复巴氏消毒奶的市场供应，虽然储存期短，但是营养破坏少，也不需要添加过多的添加剂,1
11399,外观漂亮，电池比较耐用，硬盘很安静（Seagate的，比msiU90的WD好）,2
11400,酒店本身的环境还是不错的，楼台庭阁，很安静，感觉就像住在园林里面。还有游泳池免费开放，让我们觉得很惊喜，可惜没带泳衣。房间一般，没什么特殊感觉，服务还不错，有服务生帮忙拿行李到房间（没给小费：－）），公司安排的出差，我自己定的酒店，结果回到广州才发现忘记拿发票，打电话给酒店，酒店同意给我寄过来，虽然是到付，但是还是很感激他们。就是没有电梯，楼很矮，好像只有3～4层吧。外面的环境就不是很好了，周边比较落后，距离镇中心还有10分钟车程。,1
11401,上了大学后，经历了周遭无数女生恋爱的告吹，感受了无数明明自己没有安全感却还要给别人温暖的真情，开始明白无论女生多可怕她们也只是天使与恶魔的统一。我们的生活有太多的麻烦，无论是过去的还是没过来的，我们需要寻找安慰，找寻出口，追逐快乐，取得幸福。所以有一本圣经总是好的，有一本圣经总会让我们觉得在成长的道路上并不孤独。,2
11402,样子还算美观，配置过的去，这个价位比较值，个人觉得是一个比较重的商务机（有蓝牙和指纹什么的高端商务机配置）,2
11403,"设施较差,服务意识低下,半夜走廊中喧闹无比,空气极差,房间潮湿阴暗,总之只上一次当!",0
11404,一直以为练瑜伽是件有百益而无一害的事情。后来网上有看到不正确的瑜伽动作可能造成意想不到的伤害，比如一些瑜伽教练过分追求一些高难度的动作，造成关节、韧带或肌肉的损伤。才让我下定决心买一本了解人体骨骼肌肉构造的书。这本《哈他瑜伽关键肌肉全解》就满足了这个需求。彩图、并分区介绍了人体的骨骼和肌肉组织，以及瑜伽动作触发的肌肉和骨骼。美中不足的是瑜伽的动作少了点。,2
11405,买了一本，被我爸抢走拿到他的办公室了O(∩_∩)O，准备再买一本留给自己！任何人都需要培养管理自己、管理时间的能力。才能尽可能的掌控自己的人生，过高质量的生活。本书不但是教你如何如何掌控自己的时间和生活。很多的时候，它也会是你学习工作怠慢时抬头看一眼放在案头提醒你振作奋发的工具。关于送的光盘，如果你不是老师或是需要培训员工的管理者，它的作用并不大。,1
11406,坚决抵制傻比话！ 抵制蒙牛！,0
11407,于丹的书以后就不买了，于圣人与我们离得太远,0
11408,我喜欢蒙牛+雀巢 你好的是那口儿？,2
11409,早戒了回复 蒙牛已经很多次问题事件了！ 回复 真是会害死人的 蒙牛啊 早点远离吧 对蒙牛早放弃了！抵制！,0
11410,蒙牛大果粒酸奶～健康快乐每一天～ 我在#广西大学第二教学楼# http:t.cn/zj5z2L9,2
11411,#蒙牛自由行#活动已经开始喽，大家要吃好喝好才有力气参观蒙牛总部哦。,2
11412,杀毒软件和office2007都是60天试用版 QQ里摄像头使用有点麻烦，要先在设置里更改视频设备为“USB视频设备” 六芯电池突出来有点多 硬盘震动稍稍大了一点 屏幕仰角过大的话容易翻过去,0
11413,做工很好，外观漂亮，重量还行，加了根2G内存换了XP系统，速度超快。散热也很好。,2
11414,键盘材料太差，手感也不是很好。电池容量太小，待机时间不算长。最主要的是相机的闪光灯和自拍镜容易被磨花。笨球的设计思想真是太欠缺了。,0
11415,小本本里面算是比较合理的，赶上特价，心里舒服！！京东购物还是比较愉快的！,2
11416,对毕淑敏的作品，我还是比较期待的。但是这本书看下来，我的感觉是有些许失望。言语堆砌出模糊的情节，作者一直在字里行间强调她过往的从医经历，但是明显不够专业。这部作品，专业人士看了会贻笑大方，业余人看了又不觉吸引。两头不到岸。其实读者对于作者的经历是不感兴趣的。就象亦舒的文字，任何一部作品，那都是经典中的经典。,1
11417,声音比较大，信号也不错，铃声也不少也不错，图片也可以拉.....,2
11418,适配器端面为曲面，貌似美观，但是电源插头干嘛不也设计成曲面，平面和曲面相连，机械设计师的败笔，稍微一碰就断电。,1
11419,独创来电3D卡通肖像显示系统。增加了趣味性。 嘈杂环境下的超大铃声选择免提功能。 电池耐用。手机按键手感好。 通话质量较好，信号好。,2
11420,在用，感覺不錯，功能實用很貼心，但是基本不考慮照相功能。憑著諾記的品質保障，還是很值得一買的。另說，諾記的售后服務不錯,1
11421,书中毛主席的每一个思维方法都要看好几遍才能深刻理解，对日常生活和工作都有帮助，如果真的弄懂了能让思维水平上升一个层次。这本书乍一看挺抽象，其实你要循着作者的脉络和自己的思考去读，是很有分量的。能当工具书，就是带在身边的一本书，没事就看一看，能让你不断地提高自己。我自己买了四本，自己留了两本，另外的两本送给了原来的同事。,2
11422,不错的饭店，饭菜做得也不错，来潍坊这里值得住住,2
11423,商品还没看，京东的系统还是不够完善，在自提点付的钱，居然还是把订单删除了 ，我很无语,0
11424,既然叫朗读手册，应该是一本可以朗读给孩子听的书吧！翻开才知道原来全书都是在围绕“大声为孩子读书吧”这8个字写得废话，只有最后几页读给孩子听的推荐书目列表还算有点用处。总结：这是一本毫无价值的标题党垃圾书,0
11425,晚11时到前台，小姐笑容可掬的告诉我，我的预定携程并没有确认，不过可以为我安排。虚惊。这是黄金周出行第一站，27日金华。酒店大厅确如楼下所言，大而无当，亦不够明亮，由于到时较晚，行李员下班，我们是自己推车上了五楼，再下4楼（4楼的房间安排比较怪异）时，才匆匆跑来一个小保安，非常卖力地帮我们包大包小包全部搬到房间。家庭房的位置虽出入不便，但房间足够大，卧具柔软干净，设施齐全好用，对于自驾走南闯北的行走族来说足矣！而且酒店还是浙江省旅游局《自驾车旅游服务定点单位》。在此特别感谢27日晚值班的前台，就是她看到我们自己搬行李后马上冲到电梯口帮我们唤来了保安，还要感谢第二天的行李员，不但把行李车推到车前，还帮我把行李全部装好车。如果有机会我还会再住这家酒店。,1
11426,看上挺漂亮，可中看不中用，细看做工会发现，接缝处不是很严，外屏的边缘有明显的隙缝。而且机身上面的漆也不牢固；用没多久，就发现磨得不成样子了。还有就是信号问题，很烦，有时明明对方是开机的却打不通！！！,0
11427,这款本装VISTA肯定不行必须升级，而华硕提供的主板驱动都是vista的，没有XP系统的驱动，问客服只能从官网下，去官网下打不开页面，刷新多次才行，打开靠运气。如果没预装可以让客户选择购买呀太懒了也！,0
11428,作为妈妈，我个人很喜欢这本书，但是仍在怀疑这本书是否适合给孩子看？这本书以孩子的视角观看我们的生活、并以幽默的口吻讲述，实在有趣又发人深省。对于经常加班感到疲惫的我，最近拿这本书作为精神放松和愉悦心灵的良品，睡前看一段，总忍不住呵呵地轻笑；而同时不必刻意，就反省到了：自己如同尼古拉的父母一般，同样存在着很多可笑的自我矛盾呢。这本书好像给大人的教育意义更大些呢，呵呵~~,1
11429,"方便的地方:1),离机场近;2),有车接送,很方便.极度不满的地方:1),骚扰电话不停,对电话那头说:'你们再打电话,我要报警了""得到嚣张的答复:""有种你去报啊!""吓得赶紧把电话线给拔了;2),在大堂里面的商店买矿泉水,因为没有零钱,给了张100块的,结果找回一张50的假钱.过后才发觉.不建议大家在那里住.",0
11430,机身大部分使用磨砂质感强的银色和黑色工程塑料，正面镶嵌拉丝质感的金属材质，外观优美圆润，屏幕显示效果好。功能强大，220MHZARM9核心的CPU，SymbianOS8.1a系统的游戏兼容性高。200W像素的CMOS摄像头拍照效果非常好，还有20倍数码变焦，支持MPEG-4格式。,2
11431,用了几天了，还没发现什么大的问题，加了2G内存，速度很快，做开发不错，商务机皮实。,2
11432,其一，设计过于平坦紧凑，手感生涩，容易误触。另外按键功能布局与平常使用习惯有所出入需花点时间去适应。其二，在不少翻盖手机的外屏已经可阅读短信的时代，有着不错分辨率的GN638却不支持这功能，这可浪费了硕大的外屏，多少令人有点遗憾。其三，内屏没有设计显示时间，这多少有感不便。其四，在信息方面，彩信不对录音的支持让人颇为费解。其五，机身未提供红外、蓝牙的连接方式。其六，未加入对储存卡的支持不得不说又是一个遗憾。,0
11433,这个宾馆比较陈旧了，特价的房间也很一般。总体来说一般,2
11434,房间靠近马路，太吵了，一晚上听车子声音听到天亮，早上Check out速度比较慢,0
11435,很久以前就看见这本书，我一直认为又是媒体的炒作，于是置之不理。有一天在网上下载了DOC版本的来读，谁知道一读就收不住了——没有华丽的辞藻、没有谄媚的讨好，有的只是自我反思和自我激励！面对急功近利而浮躁的学术界，自我反省和深思正是我们所迫切需要的。沉思录不是什么灵丹妙药但却是我们的良师益友！可能是因为是英译版，有些地方玩味不清，但是，沉思录真的值得花一点时间去慢慢的品尝！,1
11436,书中有7页的缺页，确切的说是7页的白纸，你们倒是省墨了，可苦了我，看起来没有连贯性，有时不知所云，故事情节连不上，让人非常的讨厌。,0
11437,内容一般，在网站等途径都可以获得相关的提醒。。。纸张还行吧，字大，太浪费了,0
11438,风扇声音很大（尤其是开机和重装时难以想象的大，）；Linux系统换window 很麻烦； 花费很多功夫。,0
11439,"我11月9日下的订单,可到现在了还是杳无音信，还有首页不是打出６．８折封顶的宣传吗，但实际却有超过６．８折的东西在销售，电话咨询回答只能以购物车的价格为准，当当的服务真的要改善一下，不要以为做大了就不思进取了．",1
11440,帮朋友买的，觉得还不错！性价比高样子也算漂亮，基本性能只要不玩大游戏全能应付。,2
11441,酒店旁边的那条湖滨中路景色特别的美，出差一般选择这里住，如果酒店能考虑再次装修会更好。,2
11442,破玩意儿，文笔实在太烂。不明白为什么怎么有这么多人给它 5 颗星。你们工作过吗？,0
11443,没有分组铃声，不能下载，总是死机，总而言之，谁买谁后悔。能不能招回呀？,0
11444,"买了几套,女儿一套,其他的送给了女儿的好朋友.大家都很喜欢看.",0
11445,感觉这本书并不像想象的那么好，有点太神了，并且实用性的东西并不是很多，反而写大家怎么夸奖怎么神之类的太多了,0
11446,01年间的酒店现在设施还很新啊。位置不错，离广场周边购物都近。携程提供的离机场距离不对，应该至少20公里以上。,2
11447,"对本次入住的酒店,感觉很不错,因为我本人蛮注重环境的,每次入住酒店都会查看点评的,所以选了这间酒店,地方也很好找的,我们入住的是395的房间,但是他们给了我们一个价值888的房间给我们体验,真是太舒服了,早餐是价值88元的,很丰富,真的是超赞的,极力推荐!!!!!!!!!!!1",1
11448,原来，我在蒙牛经销商做白领的时候就好羡慕工作一线的基层员工哦！一个月加上社保补贴才能盒1700，我给仓储部算的工资每个人不含社保补贴都能拿到2000以上，不过我一点都不羡慕，毕竟他们是下苦力的，行政人员还要靠他们养活呢！所以我也想开了，只要能在交了社保以后还能有点闲钱，再多的苦我也能吃,2
11449,我抱着试试看的心情买下了这本书，它确实是物有所值。低廉的价格，精美的图画，简单的谜面都是我想推荐给大家的理由。儿子非常喜欢这本谜语书。之前因为怕小孩子小，不能理解或猜谜语，但是他在3个晚上把所有的谜语有做完了，还嚷嚷着让我买新的。我把这本书借给了我朋友，他也有一个和我儿子差不多大的男孩，他也喜欢得不得了。看来小朋友们都喜欢这本浅学易懂的谜语书。,1
11450,保不齐是做出来的呢。。不明真相的群众，不发表意见。。 珍爱生命 远离蒙牛,0
11451,老子要不是为了多听梁博唱一首歌，我才不会忍受蒙牛的虚假广告和刘谦莫名其妙的普通话，以及这无聊的颁奖环节,0
11452,这次买的是新的系列，以前没用过，运行速度还不错，外观很漂亮，屏幕比以前的好多了,2
11453,这款手机实在是烂，本人买了两个星期就开机不了，拿去维修被告知要换主板，需要一个月。你们说啦，买后机就是为了用，但是这样的手机也太离谱了，用两个星期就修一个月，要手机还有何用？而且在用的过程中还死过几次机。跟维修商谈就是浪费气力，就是会推。我们真的投拆无门。真希望消费都协会能为我们申冤。保护我们消费者的权利。并且希望这款手机不要在市场上出现了。真是亢人的。,1
11454,每法用直冲啊!郁闷!而且反应很慢.2005年5月我花830在武汉买的.不好用.,0
11455,挺好的，今天用了。,2
11456,LED屏不够艳丽，对比度不足，Multi－touch触控板不好用，容易误操作，真不如普通触控板，A面容易粘指纹，底部后盖不容易拆卸，更换内存要小心,0
11457,看照片觉得还挺不错的，又是4星级的，但入住以后除了后悔没有别的，房间挺大但空空的，早餐是有但没有可以吃的东东，环境是好但天气太冷，总之我以后不会再住那里。,1
11458,"不喜欢,这样的 写的方式,看大家都买,所以买了,晕啊!",0
11459,哎，大家莫要买了喝喔。蒙牛应该也有问题，我喝还是不喝啊？,0
11460,买这本书是因为看了网上铺天盖地的五星评论，收到一看，大失所望，这充其量就是一个职场油子没事的一种职场日记，评论家说介绍了若干种人力资源方法还有工作技巧，我真的想建议一下那些评论家，您该进修了~,0
11461,1.显示屏没有坏点、没有亮点，在京东买的2台笔记本都是完美屏幕哦  2.键盘很好用，按键挺舒服的，但是空格键有点异样的声音 3.散热：机器散热挺好的，在键盘上面不太感觉到热，但硬盘下面较热 4.光驱：读盘能力强，用来放D版碟都没问题 5.关于屏幕还要说，颜色挺鲜艳的，真的是不错。 6.有摄像头，摄像头还挺清晰的,1
11462,"我要修正,是五星的.可怎么也点不上.",0
11463,明明买了6本书，只到了3本，也没有说是什么原因，以后怎么信的过？？？？？？？？？？？,0
11464,支持蒙牛 支持认真做事的国产奶企,2
11465,基本设施可以，服务热情。早餐一般，但有江西特色。我感到的问题在墙壁和门的隔音效果，不太好。,1
11466,我菲去，我就看。唱出我人生？欢迎进入蒙牛中国最强音。中国最强奶喝出最强音！您现在收看到的是由中国最强奶蒙牛集团为您独家冠名播出的湖南卫视音乐梦想励志秀《中国最强音》,2
11467,面前就是高架，实在是太吵了，一晚上没睡！宾馆反馈 2008年7月7日 ： 您好！ 首先很报歉您一晚上未休息好，北虹路店是邻近中环的，面前是中环高架，白天的时候车会多一点，但是20点以后中环的车就会很少的，我们房间的隔间效果还是可以的，只要把窗户关上，基本上就没有很大的声音的，并且住我们北虹店的客人大多数都是商务客人，房型也是各异的， 大多数客人喜欢正面朝中环的房间，因为这种房型采光较好，空气的流通性也很不错！ 但我们也有很安静面朝小区的房间，针对各种需求的客人，您下次入住时我们会安排您入住朝小区的房间，希望您再给我们这样的机会！让您感受如家“家”的气息！！,1
11468,一打开书的味道很大，不舍得拿给小孩子看呢,0
11469,算我肤浅，第一次认识龙应台，也第一次看她的书。从没想过母亲跟儿子之间通过这样的方式沟通，了解，当然也是由于他们之间特有的情况造成的。书中母子俩讨论了很多，世界观，人生观，价值观，这是心灵上的沟通，现在很少母子，父子，母女，父女能这样全方面深层次的沟通，说真的很羡慕也很妒忌，也希望在将来，跟自己的子女也能进行内在沟通。学到很多，值得推荐，哪怕是没有孩子的，未婚的。,2
11470,在<魔鬼出没的世界>之前.标题好象显示不出来.,2
11471,法克蒙牛！！！！！！！！！不要脸无良中国名企的代表！！！！！ 蒙牛的意思是遭冤枉了吧，使用的词是‘‘负面媒体报道’’，并不是蒙牛真有啥事，企业如此负责任，大家都来踩踩吧 自作自受,0
11472,在你我都在被利益与物欲所迷惑的今天在拜金主义与千年儒学相互冲突的今天《狼图腾》的出现无疑是会引人深思的刚刚高中毕业的我或许还没有资格能去评论这个社会什么但当我的老师在给我推荐《狼图腾》时我在看过介绍后毫不犹豫的下了订书单刚看完一章似乎就有种激昂在血液里的某种莫名的想要去探寻作者意识的冲动此等好书无需太多的言语去形容它的美那也应该就是超越了常人般你我的文字,1
11473,要是预装XP就好了，这个系统实在是用不来。都说系统难装，那我明天带到公司找个懂行的人来弄。,0
11474,不该跟风，看别人买什么就买什么。。。后悔，还一次买了两本。。,0
11475,２００１年来福州就住在这里，这次感觉房间就了点，温泉水还是有的．总的来说很满意．早餐简单了些．,2
11476,当当网名不符实，订货多日不见送货，询问客服只会推托，只会要求用户再下订单。如此服务留不住顾客的。去别的网站买书服务更好。,0
11477,蒙牛纯牛奶换新包装了，支持一下,2
11478,京东的订单处理速度有所提高。这次的服务还不错 不过这次意外惊喜是商品说明中为250G内存，实际到手320G. 另外还附赠VISTA光盘,2
11479,远不如以前的IBM，现在做工差，模棱角及边缘有明显的划手， 其次就是如细微观察，就是两个笔记（我买了两个）质量有明显区别， 上次买个lenovo y430高配置，有问题，还退掉了，商品有问题，反正就是凑合吧！ 真心希望联想集团把一些代理了，售后等要严格把关控制好别在影响声誉，否则消费者倾向于其他品牌了！,2
11480,对不起，我邪恶了，从蒙牛酸酸断的句，吓到我了,0
11481,之前看到很多评论，说很好兴冲冲买了，看了看感觉非常失望炒作的成分大，实用的少作者吹嘘自己的故事占了这书的小一半感觉就是炒出来的，不建议买网上看看他的博客就好了,0
11482,第一次鼓起勇气给办事处打电话。蒙牛江门办事处。我爱你。拉赞助的第一步。虽然我什么都不懂，进度又慢，但是，只要坚持，蜗牛也可以爬到终点的，不是么。,1
11483,酒店位于沙田，空气清新，房间也比较大，液晶电视机是放在很大的窗台上的，宾馆门口就是沙田城门河，河对面就是沙田最大的商业区，还有香港文化博物馆。对了，每周三，香港艺术馆、香港科学馆和香港文化博物馆是免费开放的，有兴趣的旅友可以去参观一下。,2
11484,"不知道是不是因为订的是168的168元特价房的关系,前台的态度非常之差,冷嘲热讽的,弄得好像订他们168的房占了他们天大的便宜似的,这么不情愿那干脆取消掉好了,弄出特价房本来是好事情,却这种态度,鄙视之~",0
11485,"这次还不错,但是房间里面的花太不符合格调了.",1
11486,"预留了摄像头的位置，但没有,  键盘缝隙大, 送货地址不到,也没个电话,还得自己打电话更改地址,服务意识有待提高,但是更改地址后送货速度很快",1
11487,1.透明盖太容易脏。2.为什么偏偏第16天开不了机？,0
11488,"装的是V系统,标配了1G内存,当然不够用了,于是要加内存,心里呼:奸商啊,哈哈.",0
11489,书看到今天马上就看完了，作为一本尽量保留当事人经历的书籍来说，内容上有断续，但衔接很好，而且最大的感受是可以一书两用，一是对911文化前后的简单了解，二是可以把本书作为对911文化深入了解的索引、拓展。看过本书，对普利策奖有进一步了解的欲望，这也算读本书的第三收获吧。,1
11490,对于两岁半的儿子来说故事的篇幅有些长，可能稍大一些他会喜欢。,0
11491,京东的售后有问题。我在武汉这边自提，6月7号拿到货，今天才显示订单完成。才能对产品进行评价。效率有点低啦！,0
11492,还可以吧 帮别人买的 没看到实物,2
11493,1、机身体积过于庞大；2、软件不够成熟、系统反应偏慢；3、电池容量不够大，900毫安难以满足使用的需要。,0
11494,银色的按键感觉很突兀，整体感觉不是非常结实，至少没有惠普6XXX系列的结实。,0
11495,外观时尚，机器性能还不错，前排手触按?非常实用方便，伴有白色的指示灯，非常时尚！,2
11496,还是光明倍优鲜牛奶最好喝，蒙牛的纯牛奶其次，伊利的太次了。光明,2
11497,"在沙区算是很好的了.因为在沙区办事, 所以只好选这了.",2
11498,不错的酒店，本人经常入住，对周边及酒店环境都很熟悉。,2
11499,"为什么送货这么慢我17号下的单子,怎么还没到?我急着用这些书,希望能在这个周末前送到.谢谢.",0
11500,性能配置都算是同价位里的佼佼者了，而且商务机的散热一直做得不错，值得赞扬,2
11501,说明书太简单了点。装机自带的一些软件没有任何说明。希望以后服务能够做得再细致点。,0
11502,不喝蒙牛，不吃切糕，不买国产奶粉，不看新闻联播，不乘杭州地铁。。。是我为数不多必须坚持的几个生存准则蒙牛,0
11503,我本来一直很喜欢的，可是这次有几个问题想说说：一是酒店门口的服务生太冷漠，形同虚设，我到酒店那天早上下雨，东西很多，打车去的时候他们居然站在那里一动不动，连伸手拉一下车门都没有。如果想要小费我想你做了别人肯定会给你。建议改进，至少可以帮客人拿一下东西吧。二是酒店前台通知不及时，我那天入住的时候说是住两晚上，可是前台服务员只要我压了500元的押金，后来没有通知我，第二天我回酒店就发现门打不开了，打电话问了才告诉我说是押金不够，显然服务一点都不人性化，希望能改进。另外，酒店的行李寄存服务很好，环境也很好，总的来说都很理想，就是希望能改进上面两个问题，做的更好，那样客人会更加喜欢你们宾馆。期待你们的改进和回复。宾馆反馈 2008年6月17日 ： 尊敬的携程会员：感谢您们对我们宾馆一直的关注和支持！针对您所反映的问题，我们管理层非常的重视。立即由相关部门结合实际展开调查和核实，同时借鉴您的合理化建议并采取一些有效的整改。从而对您的善意的提醒再次表示感谢！同时也十分感谢携程网提供了这样一个好的平台，希望诸位会员空闲之时多多给我们宾馆提出建议和评价。我们将以真诚的服务态度欢迎诸位的光临！,2
11504,听很多朋友说起这本书，自己也被书的名字吸引。买回来看看也不过如此，很多观点是与自己相悖的。可能是国情不同，不能完全照搬。总之比想象差很多，有点失望。,0
11505,抵制蒙牛，从我做起！！！ 谁喝蒙牛谁傻逼无语了。,0
11506,虽然作者花了很多篇幅，但看了以后有点失望，感觉钱白花了。书里面实际上大部分都是个人抒情，小女人的自怜自爱。可爱倒是可爱，但是实用性上，我觉得不如《求医不如求己》。实际上《31岁》这本书，为数不多的精华思想，都来自于这本《求医》。《求医》内容之丰富，逻辑之严谨，行文之流畅有趣，学识之渊博，阐述之客观，是这本书所不能及的。如果有《求医》，这本书，可以不用买了。,1
11507,"我觉得买这本书我亏了,不值得花这个钱",0
11508,这个是我偶然买的，没有想到我女儿那么喜欢，我挂在我们从客厅到走廊的墙上，她看到后，一直笑，然后双手拍打着，非常兴奋，特别是小兔子，小女孩，小树的这几张，简直就是爱的不得了。把她放在书房的地上玩，她抬头看到挂画，就会一直笑，然后一会就要抬头去看，真的很神奇，于是我推荐给了邻居的几个朋友，她们也反映说自己的孩子很喜欢，总有一张会让你的孩子发笑的，只要你不断的尝试翻动这些画。,2
11509,1酒店比较偏　打车不方便　2酒店楼上有KTV，晚上非常吵，特别是对住在五楼的房客。3前台接待，态度生硬。不太欢迎通过携程网预订的人。接待我的小姐，还给我一张名片，让我订房直接打宾馆电话就可以了。说携程发传真来还要回传比较烦。那位小姐好像姓冯。4房价水份太多。房价标价为516元，但一般预订只要讲价的话通常会以318元成交。5在入住后的第二天，我退房后，因为有事还要入住，前台一听是通过携程订的直接回答没房预订（该市当天并没有什么重大活动，也不是旅游旺季）6房间里的价格比外面高许多，一瓶外面一元钱的矿泉水，房间里标价为5元。而且酒店附近没有购物的地方。7服务意识太差，我询问前台工作人员当地天气预报，回答说是不知道。8早餐较差，部分菜还是冷的　该酒店有好的设施但缺乏有效的管理，服务意识较差，甚至有点店大欺客的味道，虽然，它并不是什么大店,1
11510,"当当就因为这个盘的退换货,让我彻底认识到当当只买,不退换,至少不真心退换,让我们了解到当当不诚信,我的好几个朋友均有同感.",0
11511,为什么我只早订货了一天，就开始送一大堆东西啊，又是鼠标又是内存又是瑞星，实在让人无奈,0
11512, 我来帮你一把 好牛逼 垃圾蒙牛！！！！,0
11513,这本书的内容非常简单，当当的介绍有点言过其实了,0
11514,感觉被人骗了这样的作品带给我的连我在别的博客上看到一篇搞笑的文章都不如。,0
11515,买他的书纯属是为了看他写的《民国女子》关于那个临水照花人的内容，很多人说他写的张爱玲很好，于是买了他的书。我一般买书都是从头开始看起的，这次对于《今生今世》也是这样。书的一开始，讲的是他小时在老家的事情，典型的江南水乡，很多情节点点滴滴很细致。似有似无的说着故事。后来渐渐的讲到大了，家里安排娶了老婆，一些小情节，很细致。哦，原来他之前是有接过婚的。但是，对于民国时候的男人来说几个老婆很正常吧，特别是有点小才华的小男人。后来胡兰成到了上海，认识了张爱玲，再后来，金童玉女的故事发生了，他写爱玲，时常有神来之笔。爱爱玲不同于民国的其他女子，她是独立的，在与胡兰成恋爱之前是，之后也是，只是胡兰成这个花心男人，在与爱玲之时，还有护士小周，原来再金童的男人也是一样的，吃着碗里的，看着锅里的，还想着地里的。一样的贱。于是，他还想要两全齐美，小周不同意自己的娘给人做小老婆自己也给人做小老婆，爱玲更不可能同意这种分享，结果是他最终舍了七窍玲珑心的爱玲，选择了以他为天的小周。也或者是爱玲看穿了他的心态，不愿意再做他的爱玲了，最后他们分手了。这样的男人，这样的一本今生今世，其实他的女人后来还有三四个，都是些或温婉的，或贤妻的女子，貌似最后一个老婆爱珍是青帮老大的情妇，我也是实在看不下去这本书了，还好看到了我很心疼的地方，张爱玲原来是一个有爱的普通女子，于是，大概看我小周那段我就把书放下了。后来好长时间都不敢把这本书拿出来看，可能是因为这样的一个才子，却有着这样的一个个故事，他伤害了爱玲，但是他是懂女人的，他用着那些细致的软软的文字，写着他一段二段的感情。像一把匕首切割一个个女人的心。每一段，在他的文字里都是好的，但是，我却看不下去，觉得这个人，骨子里是馊的。昨天翻看了最后几页，没细致看，说的是他和爱珍的事情，貌似之前还有个日本妞，和他三年，后来嫁人了。哎，还是看不下去。这个人，有着诗人的情怀，却堂而皇之的做着个刽子手的事情。抵触他和他的书，是因为我彻底反感他这样感情不专一，见一个爱一个，但是却还内心窃喜的蛆。明明写作的仔细和小故事都是我的萌点的。。。。但是对于他，我萌不下去了。。。,1
11516,我自己是不太喜欢的，如同前面一位家长的评价，有可能加重小孩子的叛逆，我家小朋友现在的新口头禅就是“XX，XX，总是XX，我才不要XX呢！”,0
11517,样子帅气，线条硬朗，男人用合适。功能方面没有过多的添加，简简单单，6万5的屏，显示效果一般，支持MP3外放，但是效果一般，也就是有这个功能罢了，因为没有过多的复杂功能，所以待机很出色，可以用到6天左右,1
11518,听介绍想拿此书弥补英文上的一点翻译陋习，显然粗看了此书后，对于读完高中英语的人们来说，此书内容太浅了，里面的例子的图片貌似都是网上截图的说。另外我买了一大堆书就这本质量有问题，书脊都被压坏了，申请换书居然麻烦到让人发指，可笑的是申请退书居然简单到让人抓狂。静静的等待退书中……,0
11519,1999元抢了一台给朋友，听朋友说机子还算可以，就是装XP系统有点麻烦,2
11520,虽然内置了MP3播放器，但手机内存只有26MB，也没有像VS7那样支持miniSD卡扩展。而在数据连接方式方面则舍弃了蓝牙功能，仅支持红外和USB数据传输。,1
11521,酒店的位置很方便，小套房的房间比较宽敞和舒适，住酒店停车过夜要收费40元。,2
11522,辐射大，不能下载其他功能。信号也不行。,0
11523,致歉声明说得好，这才是大国企业应有的态度。中国的乳业底子还薄弱，不能对民族企业太求全责备。支持蒙牛！,2
11524,超乎寻常之差，怎么评的三星不知道，按说就那设施水平连县级招待所都不如。房间巨窄，洗手间就纯一厕所，连个放物品的台子都没有，地漏巨容易堵，刚洗5分钟就水漫金山。总之，设备过于陈旧，建议各位驴友切勿上当。,0
11525,这VISTA用着也太不习惯了，而且预装了那么多乱七八糟的东西，都不知道该留什么~~~ 换XP也太麻烦了,0
11526,待机时间比较短！还有就是感觉功能简单，既无可以免费下载的JAVA功能，也不支持MP3播放；也没有拍照功能！,0
11527,不算是一本很专业的书，但作为日常养生的参考还是不错，有很多从前不知道的保养知识。看了此书对中医养生有了更浓厚的兴趣，当然尤其是能使自己又美丽又健康的法子，正在尝试，但愿有效果。呵呵，现在买了很多花草茶，还有茯苓粉，打算再做种子眼霜。嘻嘻，女人就是爱折腾，只要能让自己变美，就绝不怕麻烦，所以，从这个方面讲，算是本好书吧,1
11528,所谓山景房，就是非海景房而已，没有什么山景可言，海景房确实有景，有条件尽量选。只是这种房的窗帘边上拉不严，早上光线进来如同亮着灯一般，可能引发早醒。另外窗外隔音不佳，如果风大则呼呼响得明显， 这想必也必不了了。,2
11529,"刚买的书,晚上想好好看看,发现里面有好多页印倒了.好郁闷!我想换一下?",0
11530,我在蒙牛世园活动中写下： 与“哈林篮球”一起 生态行动助力中国 ，想得到他们的签名纪念品吗？点击即可参与！还有写下你的生态宣言并关注 ，就有机会获得明星物品哦！,2
11531,看了一点，没有太多继续看下去的欲望，内容太跳跃~我同学喜欢，但不适合我,1
11532,好恶心哦，以后再也不喝蒙牛了,0
11533,"服务非常差,环境不好~建议别去~提前一个星期就定好了,并且定了加床,到了前台告诉我们能加闯的房间没了,现在不能加床~~后来打了携程电话帮忙沟通,才得到解决,解决的办法就是把房间里的椅子和桌子都搬出去了,才加进一张床,我们几乎没有活动空间.~~~~~~总之跟服务台说什么他们都不答应,都不能得到解决.非常不开心.后来我们发现分明有能加床的大房间空着,就是不给我们开,真是太不愉快的记忆了",0
11534,主页君的态度值得嘉奖，但是给你家的机会不是只有一次吧，一年之内好几次出事，每次都是加大整改，这样的企业，死掉意义更大，其他的企业才能警钟长鸣，上面是你们的人，老百姓自己用脚投票，蒙牛不死，我们一天不会放弃抵制 @蒙牛乳业,1
11535,从《潇然梦》到《少年丞相》不能不说小佚的文总能给人带来感动和心灵上的震撼。无论是祈然的专情还是亦寒的执着都让人感叹不已，而女主也并非如其他文中的幸运，作者似乎总是扮演着后妈的角色，为她设下种种磨难使其成长，让人看了欣慰，谁说不是呢，彩虹总在风雨后，人都是在不断的磨练中成长的，唯一不同的是他们的目标不同所以成为了社会中不同的人。看着临宇的成长，痛，并快乐着，于是我也跟着快乐着。,2
11536,很棒 和描述的一致 安装也是免费的 全5分,2
11537,高二，我第一次看红楼。迷糊中看完整部，记得看完后，跟妈妈说，黛玉最后还是死了。后来大学暑假，我又断续的看，完整的又看了一遍，不完整的看了几遍。每一遍的看，都有新的感受。而这次看的西岭雪的【红楼解析】，让我从另外一个层面，更爱红楼了。西岭雪的许多观点，着实都是我未想过的，所以感觉挺新鲜的。所以愈发不可收拾的一口气看完了。看完的感觉，非常饱，就像品尝了一顿丰盛的大餐，愉悦至极。,2
11538,晚上有搔扰电话比较烦。饭菜质量也不好价格也与实际不相符合,0
11539,帮朋友买的，他家小朋友应该会喜欢吧。纸张的质量相比在书城里看的要差点，不过价格要便宜些嘛。还要提出来的，就是等了好久，快递的速度真的不咋样啊。,0
11540,公平定律好像就是说什么时候都要做到公平，否则就要遭报应！但到最后也没弄明白什么是公平。书中讲了好多作者的亲身经历，感觉就是在写自己多么多么牛，没多大意思！,1
11541,摄像头位要是有就好了，开了磨具却没有安装，很是扫兴。宁愿多个50-80都可以作为选配。,0
11542,散热控制的不是很好，可能是独显本的通病吧；音质太烂，有待改进。,0
11543,感觉屏幕小点，屏边上的一圈地方没有充分利用啊。再有彩屏机子耗电量是个问题，用2天就要充电了，没有双电双充盯不住用的,0
11544,对小孩子很有用，可对于我，我想是买错书了。“大学生朋友”指的是年纪大一写的学生例如高中生，初中生，而不是大学生。当当的服务还是很好的，赞一个。,0
11545,听那怪兽老师讲了两堂的蒙牛。。。。恶心... 蒙牛有什么好的,0
11546,说的过去，不支持mp3,2
11547,一大堆，质量不好，还不能下彩信，没质感。,0
11548,微星的键盘在众多的上网本里是一流的，手感不错。这个价格跟我两年前买的手机价格差不多。买之前问过京东客服说没有内胆包的，但实现上有。,1
11549,此酒店是一座住宅大廈，由31樓以上改為酒店，我入住的是一廳一房單位，雖然有開放式廚房，煮食爐灶，可是任何煮食用具都沒有。廳很大可惜只有雙坐位梳化，雙床房間小得可憐，床只有一米闊，洗手間也很小，淋浴小企缸跟坐廁及洗手盤緊貼在一起，剩餘空間只能容納一人。為一可取的是樓下酒樓飲茶相當經濟。附近都是高級的住宅區，沒有甚麼購物點，$370的房價實在是不值。,0
11550,看到这个新包装觉得很不错，大爱蒙牛这款比以前漂漂多了,2
11551,酒店大堂像住宅公寓一楼大厅，所谓的“套房”的卧室比我住过的任何一个五星级的一间普通标房还小，两张床挨得紧得半米距离都不到，更令人气愤的是卫生间小得两个人在里面会打架！这是我住过的最垃圾的套房，竟然还卖807元一晚，真是把人民币看得太不值钱了！美国豪生集团旗下有这样一家酒店真是砸自己的招牌！请携程认真考察每一家签约协议往来客户的真实情况，不要让携程忠实客户一次次受到欺骗！补充点评 2008年6月16日 ： 一家性价比很低并让人十分失望的酒店！宾馆反馈 2008年6月20日 ： 感谢您选择入住上海绿地豪生全套房酒店，并给予我们忠恳的建议。首先，请允许我们为您简单介绍一下我们的酒店概况。我们属于一家国际性连锁酒店集团，提供高优质标准的酒店式服务，迎合不同种类客户的需求，希望给为您及其他客人带来回家的感觉。我们的客房最小面积为65平方米，最大至100平方米不等，每间套房均配备简洁齐全的现代化厨房设备。酒店提供餐饮、商务中心、酒吧、健身等一系列设施。此次您所入住的行政套房其面积为75平方米，每晚807元的房价，我店客房其设计风格和建筑布局比例以客厅为主，在同区域五星级酒店中具有较高的性价比，如客户想追求更加豪华、舒适的套房，也可选择我们的贵宾套房，其房型为85平方米。其次，我们酒店与携程旅行网是合作伙伴关系，我们总是以最优惠的价格，最好的房型提供给携程的客户们，以保持长期、友好的合作关系。相信携程旅行网也秉承同样的宗旨，认真负责地将每一家签约酒店推荐给忠实的客户。最后，再次感谢您的忠实建议，希望下次能有机会为您提供更优质的服务。谢谢！,0
11552,太常识性的东西了稍微有些英文基础的人都不会犯这些错误建议没什么英文基础的人拿去当笑话读读还可以,0
11553,酒店地理位置还不错，交通比较便利。但酒店外观、房间设施比较陈旧。,1
11554,很喜欢这种牛皮纸封面，简约、平实，没有花里胡哨的东西。似乎是以前的那种同人刊物，有点复古的感觉．厚厚一本，拿在手里感觉挺好的。那天我在运动场边上看这本书，一个嫂嫂过来看到了很惊奇的问：什么书？看了封面，又很惊奇地问：正版还是盗版？得到肯定回答后又问：为什么印成这个样子？我也不知道该怎么说了．悠然心会，妙处难与君说．,2
11555,真后悔买它！讨厌可惜杂！一点都不好，也没什么幽默的！,0
11556,本人一家大小是6月7日入住、8日Out，对淋浴间很不满意全玻璃、人在里面所做的动作清楚看到，洗完澡还要走出外面洗手台穿衣服，小孩已十多岁很尴尬，座厕位置狭小无比，最让人气愤一间标榜五星级的酒店，五星级的收费但所配置的产品品牌远远达不到标准（指的是洁具、龙头、五金）。特别提醒靠停车场那边房间的住客，去厕所记得拉好窗帘，别以为那是反光玻璃来的，你们在里面的美态真让人心跳！！！,1
11557,屏幕LED很亮，键盘需要适应，电池还没测试能撑多久。 轻薄便于携带。,2
11558,不是经典的磨沙哦，有点遗憾，我相信采用经典的磨沙，喜欢者会多些,0
11559,大楼很漂亮。价格不便宜。其他一般。就是索菲特听起来很牛。,2
11560,本来是很高兴的，结果书读了一部分，发现里面竟然有6页是空白？！晕啊，真是气没处出，网上买书有风险啊,0
11561,虽然书中的理论很好，但是太理论了。本来以为书中会编排一些适合朗读的内容，结果只是罗列了很多条你要怎么做，大失所望！,1
11562,"房间内设施还不错,不过浴室的淋浴喷头不好用,水量不可调节,出水较散,有些不象四星级的标准.周边环境尤其是酒店后边环境不太好,大堂也太小了吧.",2
11563,太鸡肋了。本来看上排行榜应该还不错，没想到这么无趣空洞，大道理谁不会讲，太没劲了，更何况讲的大道理还是些...怎么说呢，让人不敢苟同的言论。,0
11564,一直对瞿秋白充满了关注和敬仰。这本书选得很认真，印刷也很好，价格非常实惠。瞿秋白如果不参加红色革命，将会有一个独立完整的人生，也将会在其它领域有不同凡响的造就，一个非常聪慧自知的人，为他感到叹息。任何人都不能超越他的时代，就象他无法超越自己的皮肤一样。今人的评论只能是评论，如果我们活在那个年代，我们的命运又能会怎样呢？觅渡，觅渡，渡何处？,2
11565,1.vista垃圾，刚装好，删除机器自带的试用软件，就彻底死机，用F11恢复不了。没恢复盘 2.没有分区，就一个C盘，重要文件要不停的备份。 3.细节比较粗糙，连接液晶屏的地方，都可以看见电线头。,0
11566,今晚和老弟去逛超市，这家伙张口闭口就是这个买给我老婆那个我老婆要多吃点买给她心里默默地想以后我也要有这样滴老公，突然老弟说我给你买酸奶喝吧，你不是喜欢喝吖！我说好吖！我要最贵最好的，挑了半天我买了罐小瓶滴蒙牛酸奶意思一下还好还记得老姐，心里美滋滋滴,2
11567,漂亮 做工优秀。一键恢复做的方便易用，即可光盘恢复系统。也可从硬盘恢复系统。即使恢复到不同大小的硬盘，也没有问题。,2
11568,我9号入住行政层（28楼），设施还好，服务不错，但电梯太老了。,1
11569,上周末给MM买了个红色的，做工很不错，很有金属质感，感觉像DC而不是手机，MM超喜欢。电池还不错，充满电，玩了一天，还没少一格，至于最终能坚持多久，我继续试验。奇怪的是，我们这里（成都）标价才1880，还到1800元，为什么这里报价2500多，贵这么多呢？,2
11570,全国多少亿人包容蒙牛的毒奶？是包容还是无奈？,0
11571,总的来说还是不错的。针对国情其间的价格，还是一家性价比较比较高的酒店了。但如果没有车，不推荐住这家酒店。我们是一路问过去的。路标还算可以。定制的是园景房面对着游泳池，虽然晚到了还是下去小游了一会。感觉不错。但想要提提的是前台的服务，真的不能算是四星。评个三星也是免为其难了。check out的时候把我晾在一边足足有20分钟，在其他客人问题全部解决完以后居然依然不理我，还是我主动再提及房号，对方居然说我没跟他们说。而我明明在十分钟前就已听到查房那边电话说明已经检查完毕。这个需要改善。,1
11572,很深刻的故事，像电影一样精彩。超越了个人爱情的局限性，加入了社会问题的探讨。将爱与不能爱，将矛盾与激情，将自我与一代人的命运，穿插相连。彼此成为不可分割的整体，而后。会有很多的不太懂而似懂，会有不明了而希望明了的渴望。就是将客观却超越了表象的本质陈列给读者，不置是非。不同的人完全可能有不同的感受，或许只是来源于不同的细节。太喜欢。,2
11573,配的驱动，好像是linux上用的，看了一下，这个是一个败笔。不过在官网都能找到驱动，就没什么了，注意xp和vista版本是不一样的。,0
11574,"也许这不算一个很好的理由,但是我之所以喜欢读书而不是看网上的资料什么的,就是喜欢闻着书香.这本书可能是印刷的油墨不好还是什么原因,感觉臭臭的不好闻.里面是一些关于中式英语的小趣闻,有些小乐趣,但感觉对于有浓重中式思维习惯说英说的人来说才比较有点用处.",1
11575,造型不错，很精巧，咋一看像个上网本，就是厚了点。做工也可以。价格非常便宜,2
11576,前台服务挺热情的，周围交通也还方便。只是酒店卫生间相临的地毯潮湿，有点发霉。但是价格便宜，性价比还过得去。,1
11577,买到没装系统，很麻烦。。不过也算是省钱了。 静音灯不亮，不知道大家有没有解决方法。,0
11578,纯粹是一本自辩书，上当了！内容浅显，作者总是在滔滔不觉的为自己辩解，纯粹是一本炒作包装自我的书！,0
11579,一、价格便宜。二、软件虽然凌乱但很丰富，一般的实用功能都有。三、内屏虽然只是CSTN的，但由于是65K的，画面颜色还是挺鲜艳的，可调9级对比度。 四、具有五种情景模式（普通、静音、户外、会议、车内），而且设有快捷键方便快速切换，我觉得这很实用。,1
11580,这套书真的很好，除了印刷、纸质非常好之外，还设定小活页可以翻来翻去来表达故事中人物的动作、故事情节等，真的非常生动。里面的主角：河马、小猪、小老鼠和小鳄鱼深得囡囡的喜欢。记得书刚买回来的时候她就老吵着要读给她听，这套书买的大半年了，边边角角都被翻烂了，现在才上来写评论，我是想让更能负责任地写出用后的评论，让其他妈咪做参考。孩子一岁半时，建议可以买这套书给他（她）了。,2
11581,打开书就被吸引了，一口气看完，而且越看越觉得发展之复杂，初入社会，很难想象公司内部之复杂。当然，作为女性读者，拉拉的恋情也始终牵动着我的心情，最终是个不错的结局。已经准备买第二部了，书评没有第一部好，但还是想看，也许是我们对拉拉的期望太高了。,1
11582,用了几天了，总体感觉还行，没发现什么问题。京东的速度没的说，头一天晚上下单，第二天就通知取货！,2
11583," 最初一直关注N6270,感觉外型硬朗大方,可惜NOKIA的滑盖做工实在不敢恭维,只好转而关注3*,D808,D528之间犹豫之中,E908、D908相继面市，经过试机，发现漂亮的E908实在太小，握在手里，没有一点质感，于是锁定D908，尽管D908的下巴不是很招我喜欢，但用上去感觉不如D828那样碍事，终于决定拿下，一原电一原充，一配电一座充，数据线、耳机、说明书，呵呵，价格贵了点，2800，喜欢也就值了......拿到D908开始试机，漂亮的外观，超薄的设计（我对超薄实在不敢兴趣，倒是希望机身厚一点，可以提高一下待机时间更为实用，别拿砖拍我啊），无一不体现了3*精湛的工艺。1、推开滑盖，感觉有些松动，然后再轻轻推一下，便没有了松动的感觉，原来是没滑到位，反复试了几次，推开滑盖的时候，手指稍微用力立即移开，让滑盖自动弹上去就OK了。2、D908屏幕清晰靓丽，屏幕背景为长城主题界面，可以随时间不同而变换，时间显示为“周二 19 9月”有些别扭，要是“周二 9月19日”会更加符合国人的习惯。设置手机日期和时间时发现，默认时区为伦敦，居然没有北京时区，BS一下程序设计者。好在不影响使用。3、进入声音设定发现按键音不可设定，在论坛里搜了一下，按照“设定——显示设定——拨号显示——字体类型——改成正常”按键音设置就可用了（日历设置不可用也是同样问题引起），木琴音听起来比较悦耳。4、进入显示设定，把“文本显示”关闭，待机屏幕上的“中国联通”消失了，爽......5、电话簿可以分组，不过每组只能20个号码，差强人意，并且不可以设定分组铃声，最郁闷的是电话簿不能按首字母查询了，好象I1版可以解决，期待刷机线ING......",1
11584,硬件设施太旧挨着大街，环境很吵价格偏高不符4星,0
11585,真心后悔了！真心知道错了！我不该昨天晚上贪嘴吃了两根蒙牛的冰棍，结果今天就胃疼，拉肚子！各种难受！呜呜呜呜 以后一定一定长记性了！ ！ ！ ！,0
11586,房间早餐都还不错，和价格成正比。也比较安静，大概就这样吧,2
11587,从总体来说，酒店的服务设施及服务人员的态度都是比较不错的，但是预定酒店时所说的提供免费宽带却是没有的，所以，专门带的笔记本也没有用上。结帐时想使用信用卡支付，却被告知当天不能刷卡。建议在这方面的信息需要再准确些。,1
11588,这是我的第一款本本，所以好不好的概念不明确，目前玩鬼泣4，波斯王子4都OK，装XP也容易，我买D版（深度XP-SP3  7.0)安装，驱动都有！,2
11589,"帮朋友买的,她犹豫了七八天,终于在18日下定决心,3299,用了张2000-100的券,3199拿下,19日下午就开始断货了. 性价比很高,三千出头,DVD刻录、视频头、高清接口、无线 办法挑剔了，而且还三年保,帮人帮到底,花了一个下午装上xp，跑起来感觉还挺快，驱动也不像大家说的那样难装，建议还在摇摆不定的朋友，如果有货就赶快抢。",2
11590,"刚刚去住过,现在据说是刚刚评上4星,条件还算不错,比我想像的要好,走廊的感应灯和装饰都还不错，就是房间的门差了一点，推也推不开，希望改善，我住的是1320宾馆反馈 2008年7月25日 ： 尊敬的客人：您好！感谢您对成都新良大酒店提出宝贵的意见！酒店管理层非常重视客人的意见反馈，已经组织工程部对酒店区域内的硬件设施进行了一次排查，希望下次您入住时能让您有宾至如归的感觉！期待您的光临！",2
11591,外观漂亮，颜色很喜欢，配置均衡，接口丰富，性价比好。有摄像头和麦克风，可以直接进行视频聊天；有读卡器，而且能兼容xD卡。 键盘超级大，使用起来会相对方便些。,2
11592,介绍给同事，帮同事代买的，还是非常喜欢。,2
11593,用法没有错啊！？ 事实就是英文有误。。。只是蒙牛觉得丢脸，拒不承认，就好像自身的质量问题，发生了，但是不承认。蒙牛的公关部门存在的意义就在于否认问题的存在么？？还好国外人民不怎么知道这牌子，所以，这英文标语意义也不大。,1
11594,"整体尚可.优点很多就不说了.单就缺点罗列如下,望改进:1,房内夜间有异响.象是水滴或是气流的声音.2,宽带要服务台开通才可使用.开始不明白,耽误了好多事.3,被子感觉很不好,不透气,象一层塑料罩着一样,很难受(个人感受).4,落地灯插座没电.只好趴在桌下找桌后的插座.5,卫生间隔音不是一般的差.",2
11595,散热一般，本来写没有内胆包，另外花钱买了一个，结果发现原来是配的，买了没两天就掉了200大洋,0
11596,所谓升职，过程中掺杂了太多的勾心斗角，我自己不喜欢这样的风格，纯属个人观点。,0
11597,"通过携程预定了7月26.27的房间,6人3个标间.26日一大早弟兄们从北京开车浩浩荡荡开拔,不想在京沈滦县段被交警轰下了高速路(前方道路封闭),只好沿102国道缓慢运动,全程9小时(好在中途电话延长了入住时间),等到达却当头一棒,酒店竟然说因接团27号没房了,赶紧找携程客服,最后酒店答应协调,谁知27号私下转包到博维大酒店,钱倒是没多花,可积分......只好回来找携程客服算帐,还好携程客服比较通融.酒店印象:3间房:2008,4002,5002(6人3间房还不挨着,晕......)房间门锁不是卡式,还是钥匙(钥匙?以前我只有住在招待所才用钥匙),房间整体装修感觉较旧,墙上有蚊子的标本,有饮水机,可以打到凉水(后来在博维大酒店就没饮水机,没凉水),浴室较小,浴缸较脏,还没有隔帘,热水还好,随时都有,4002马桶水箱按钮不能复位,每次要把水箱盖拿起来(走的时候和总台说了,不知道修没修),2008独立空调,4002,5002中央空调,5002中央空调冷气不行,大半夜3次打电话到总台都冷不起来,只好凌晨都挤到4002(严重影响4002客人休息!),3间房都没宽带,只有宽带线(没宽带有宽带线算怎麽回事儿???)带双早餐(鸡蛋,粥,花卷),还不能带回房,(有弟兄睡懒觉,结果只带回个鸡蛋),交通还好,到那里都方便,旁边有饭馆,也有药店,到海滩(体育基地)还得5公里左右.",0
11598,基本上有点象背单词的书，这种风格不是我喜欢的。,0
11599,因为儿子总会有时让你抓狂，总会让你在失去耐心时揍他的屁股，但当他对着电话说想你时又那么贴心。买这本书更多的是想在自己失去耐心时能再多点耐心，在他调皮时更多点宽容，看完了这本书，我想我得到了更多的东西。是的，每一个孩子都是最好的礼物，而父母的“创造”应该陪伴孩子的成长。值得一看，一本让人感到温暖、充满希望的书。,1
11600,有时候爱死机，外屏有问题，很烦,0
11601,"机器装的内存是两条1G  667MHZ内存条.影响以后升级.VISTA系统开机就用了7OOM内存了.运行一些软件后,使用的内存量差不多去到1G了.",0
11602,服务很好 不厌其烦 还没有安装 我想是品牌应该能信得过,2
11603,该酒店位置好，离解放碑3分钟路程，房间宽敞。早餐可以，甜点很好吃。但大堂太小，电梯少，客人多，且和写字楼混用，很不方便。从房间装修看的确是个商务酒店，但携程上却说是四星级标准，实际上很难达到四星级水平。该酒店最大问题是没有给客人准备免费袋装茶，茶杯旁边有一小桶茶叶，很容易误认为是免费的，谁知结账时要了我11块钱。服务员的解释是如果要免费袋装茶宾馆可以另行提供，牵强的很。,1
11604,性价比高，电池厉害，速度快，软件丰富,2
11605,每次到杭州都住这家酒店，习惯了。这回房间感觉有点旧，听说酒店正在一部分一部分的装修翻新，希望下回能住到新装修的房间。酒店提供枕头套餐，可以选择不同好几款枕头，这点比较有特色，床很舒服，不是太软也不太硬。宾馆反馈 2008年5月20日 ： 感谢您的点评，酒店目前房间装修已经结束，欢迎您下次来体验我们新装修的大床房，期待您的再次光临！,2
11606,"看到网上的热评终于忍不住买来一看,什么东西吗,完全一副显摆样老实说历史确实应该可以写的好看但似乎不该是这个样子吧,反正我除了看见一些新鲜词汇完全没觉得好看好玩明明惊险曲折的战争场面被他描述的寡淡无味人物性格不是通过冲突体现出来的而是硬生生,死板板下定义得出来的总之,不好看,没水平,没意义",1
11607,键盘有点不习惯，尤其光标键做得太小。散热部分没有thinkpad好，不过说得过去。,0
11608,用调侃通俗的手法写明朝历史，既普及了历史，又让读者享受了阅读的快感，谢谢当年明月，太有才了！,0
11609,太差。就差是露宿街头了。携程把这样的酒店包括进来，实在是很幽默。十堰还有燕良大酒店，据说还行，为什么不去联系？这样我们也方便一些。,0
11610,非常非常一般的酒店，无法跟如家或者莫泰比，居然还称之为是环保经济型酒店，汗啊。第一次见到房间里有燃气热水器，还是“前锋”的，是那种开了之后发出哄哄声响的！！！床也不舒服，垫被会移动，毛毯。。。古老的毛毯啊，已经十年没见过乐。唯一称赞的是地理位置，附近吃的喝的倒是有很多。,0
11611,"今天逛手机市场,发觉这款价格狂降,就买了,看外观,不错,有咖啡色和兰色两种,(不知还有没有其他颜色)整体统一流线型设计,蛮小巧玲珑的,色彩感觉也还可以,功能较全,只是价格比列出的还要便宜呵呵可能是照顾咱穷人吧呵呵",2
11612,没有安装，使用。,2
11613,"这次去泉州有三个国外客人一起同行,还是入住了泉酒. 大堂有水仙花装饰,有一股清香.环境很好.以390元的价格入住,超值. 客人称赞酒店很不错,我想这是每个入住客人的同感.",2
11614,态度不错，送货上门,2
11615,唉，A800出现状况了，用数据线和手机相连后手机调成USB模式，电脑到是能找到活动硬盘，但是一往里边东西手机就死机，再有任何操作都不听使唤，只能拔线后重启机子，但是拷出来的东西不全啊，像MP3只能放几秒，晕，用用就这样，极不稳定,1
11616,有点热，不过可以忍受，对键盘不太满意，觉得显示的颜色亮度有点高还是什么原因，反正看着不太舒服，调了一会没调好,0
11617,我相信多行不义必自毙。牛根生的为人和办事伊利曾经不认同，那就是有好处也想着手下的兄弟姐妹们。结果蒙牛最终是伊利最强劲对手。哼，我坚信真正懂得share的人，人生才会走的更好!不就是破监考麽!,2
11618,运气超不好，买来开箱向下方向键就是坏的，要我打的去ACER维修站开检测单，然后还要网上填表申请保修...完全就把网上购物的缺陷体现出来了--一出问题就麻烦。希望京东尽快帮我解决。屏幕只能开90度。,0
11619,对了，有一件令我难忘地事儿忘了写上。就是这本书开头写知敏刚去墨家见识墨氏兄弟那会儿作者写的那叫一个“瘆”！墨家那二位公子怎么呢么阴森，直接可以当恐怖惊悚小说读。再加上他们的妈，让我想起唐僧老先生的至理名言：人是人他妈，妖是妖他妈……,2
11620,没有预装操作系统，省钱了。独显，玩游戏挺爽。安装xp系统也挺简单的。,2
11621,壳子太薄太嫩，显示屏旁边的塑料壳子用指甲一扣就翘起来了。 用了2个礼拜，划痕很多阿，懒得管了。 无线驱动不在光盘里，华硕的人比我还懒。 键盘里面掉了根大头针拿不出来了。。。,0
11622,"房间太小,到总台拿房间居然说我没有预定,还要在打电话到携程去确认!",0
11623,性价比高，外观舒适，散热很好 cpu高，其实就是冲8600才买的，256独显也够用了,2
11624,做为贴牌手机，技术是三星的，应该没质量上的问题。但功能过少，连群发短信都没有，现在哪个手机没有这个最基本的？也不支持彩信！电话薄简单，联系人的信息无法添加多些！找起来也比较麻烦！,1
11625,这个酒店实在太差，房间设施和二星级的差不多。淋浴间真是有些脏，地上全是一块一块的黑点点，也不知道是些啥东东。一次性的拖鞋包装已经被折掉，有一点点脏，好象已经被用过。还好那次刚好自带了一次性拖鞋，否则要穿着高帮鞋在房间里走来走去了，想起来就让人不舒服。前台小姐也是面无表情，像人家欠她钱一样。前台距离房间实在有些远，是极不方便的。空调的声音很大，还有即使开到了三十度都感觉不到暖气，幸好网线有些长，可以坐在床上用电脑，?,0
11626,早餐食物相当一般，跟其服务水准不相符，希望进一步改进。,2
11627,"房间设施\装修都不错,环境优雅,接待\结帐服务不错,够星.",2
11628,"你们的手机的密封不好,油漆易掉,信号太差",0
11629,如题，这是我读了这本书最大的收获。我想，生生世世和我纠结在一起的人都已经出现了，或者说，我希望生生世世和我纠结在一起的人已经出现了——我的父母、我的丈夫、我的女儿，还有我的挚友。这本书还是有点拖沓，后部分表述的中心思想其实在前面全都阐明了。想对人生、生与死有更多的感悟，单看这本书还是不行的。,2
11630,还以为写的有多好看呢，唉，真是个“用心良苦”的作者吧，贴满了大量我们中国人错误的英语图片，笑没被笑死，丢脸死了。有的文章纯粹我觉得可能还是编的，比如说表姨妈的时候，说成了watch aunt，这可能吗？？？除非开玩笑的时候故意的吧，任何一个学过英语的初中以上的人都难以犯这种错误吧？翻了几个故事看了之后，积极性大受打击。本来就想当本笑话书来看的，没想到难以笑出来。。。,0
11631,观景大床房，住了2晚。酒店位置很好，距离虹桥机场只有不到10公里，出行、叫车都算方便。据说是人大培训用的酒店，三星标准。服务还可以，但是洗手间设施比较陈旧，淋浴间的下水不太通畅，毛巾也是很旧的样子。,1
11632,1.如此大的内存竟然不支持JAR2.不支持摄像功能,0
11633,我用了两口气，把这本书读完，牺牲了午夜以后的2小时和午睡的一个多小时。对书中职场技巧和感悟，似乎没什么印象，反而是市场部的工作让我充满了好奇。还有，让我这两天一直在思考的一个问题，也就是我都有哪些梦想，显得更加需要思考了。然后，还想，啊，自己年轻的时候怎么不知道北大有这么好，否则使出吃奶的劲也要考上。和米娅比起来，原来我的朋友，女友，这么少。,2
11634,#吃货番外#花了9块8买了一瓶进口的新西兰牛奶……喝完以后只觉得和国产蒙牛高钙奶基本没有区别咱以后还是老老实实的支持国货吧最起码蒙牛才3块……而已。,2
11635,装linux，说明书却是教windows使用，没有linux使用说明，也没有重装系统注意事项提醒，害的我这菜鸟差点新机刚到手还没用就得拿去维修。,0
11636,房间较旧，墙纸有霉变。环境一般，感觉不象携程上介绍的那样古色古香，而是感觉破旧不堪。不过周围交通比较方便，离景点和汽车站都很近。,0
11637,五星级的酒店，三星级的房间，两星级的服务，零星级的环境。以后再也不会来这家酒店了。,0
11638,配货的速度越来越慢，送货也是，要考虑下以后要不要在当当上订书了,0
11639,房间升级到了行政楼层房间很大，很舒服，很大的落地窗户以为会很远，但是如果坐九铁，真得十分方便到达很意外，香港还有这么大的房间！,1
11640,"设施虽稍陈旧一些,但良好的服务给人温暖.酒店所处地理位置和环境极好.对年龄较大的个人旅游者而言,入住该酒店不失为较佳选择.",1
11641,"环境和设施都不好,提前预订的不靠铁轨的房间没给保留,整晚的火车汽笛声影响了睡眠",0
11642,"我在当当购卖<<求医不如求己1>>和<<求医不如求己2>>各一本,结果只寄给我一本正文缺少12页的书来.去电咨询才跟我说无货!如果无货在客户订货时电脑系统早就会反映,订单不生效.哪会到寄货时才说无货?既然能说“全球最大的网上商城”，电脑系统会如此不完善吗？只是见商品订单增多，就趁机说缺货，然后提价!订单成立，就是买卖双方签订的一张契约。双方都应履行承诺，哪能见利忘义？盈利靠的是真本事，而不是如此不光彩的小手断！",0
11643,唯一的不足，对于像我这样对电脑不大精通的人来说，就是它没装XP系统！,0
11644,"2007年9月份曾住二晚,总体评价:1、服务还可以，入住的客人特别多，尤其是旅行团的，可能是肇庆市区较价廉物美的一间酒店。2、房间设施旧些，但干净。3、住观景房比较值得。",1
11645,此酒店设施陈旧，谈不上是星级酒店，只能算是招待所级别。房间小，走路地板摇动，总之，在我此住印象一般。下次不会再考虑！,0
11646,整体环境比较不错，很有别墅的感觉，但是唯一不足的就是房间比较陈旧，另外正是在旅游旺季的时候如果你还想继续住的话是不可以延期的，必须退房，这样比较难找到其他酒店，基本上是无处可去的了。,1
11647,承诺的第二日送货根本实现不了，我已经等了2天了，问客服也是敷衍说再联系，到现在也没人联系,0
11648,做工不象这个价格的手机，不细！而且按键看上去很不舒服！没有JAVA也缺乏娱乐性！还有，内置壁纸和铃声不多不丰富！下载速度也不够快！,0
11649,书的质量不错，印刷精美；内容可读性较强，基本没有错别字，但检察院写成了检查院，故事也过于理想化，特别是岱西与公司、王伟等人的冲突，某些情节不符合逻辑。,1
11650,这本书的远比我想象的好，书的排版很精致，有我喜欢的花边，特别是那淡蓝色的扉页，加上小天使的勾勒，很有那种欧洲以前的那种老书的韵味，印刷也很好，字体不算小，我买的原版书比这个小，书确实是厚了些，分两册出确实更好，总之很满意。,2
11651,无良企业，拒绝肯德基，拒绝双汇，拒绝蒙牛。,0
11652,于丹教授讲《论语》不能很正确地反映儒家原来的思想，她除了讲《论语》不好外，别的还可以。,0
11653,集合两岸三地的艺术家创作插图，每一本都风格独特。字号大，跟小学课本文字大小差不多，并且是注音版，尤其适合小学低年级的孩子阅读。能增加孩子阅读的兴趣，而且能增加传统文化修养。书的选择也非常好。如果说有什么遗憾的话，那就是缩写得太历害了点，对于要真正了解传统文学的中高年级孩子，更应该阅读完整版本。是一套质量上乘的儿童读物。浙江少儿出版社一直有很好的表现，值得肯定！,2
11654,今天晚上控制住吃东西的欲望，以喝水和吃萝卜解决问题，冬吃萝卜夏吃姜，好事。早餐，一杯100克的蒙牛酸奶加半个煎饼，午餐，青菜为主加半碗米饭，腿还疼，没有运动。,2
11655,很明显携程的客人没有受到礼遇。用了8年的携程，第一次怀疑是否有必要继续用携程。2星期前预订的是大床豪华客房要求面对泳池，两大一小，下午3点托人办手续入住居然给了一个1.5米床的单间，至11点回酒店时发现不对经交涉才换了一间边远地带对着住宅的两张单床豪客，理由是有会议没房了；晚上11点拖着行李箱和一只伤脚还带着闹着要睡觉的小孩在酒店奔来奔去绝对令人愤怒。致电要求大堂副理上门解释没有下文，向携程投诉的结果是酒店不会道歉不会免费升级不会减免房费但可以免费送个果盘……靠！当咱是讨饭的呵！这种服务态度不会再来了！当然酒店可能一样不在乎你携程的客人来不来。,1
11656,待机长，色彩鲜艳，屏幕大，成象效果好，我用了飞利浦535、T628等手机，在价格上比GD88要贵，可是实际效果比上两款手要好很多，真的！或许在时尚的外观上不如，但是最后还是选择了GD88！！,1
11657,没有红外接口，不支持短信群发，电池只有一块，不支持JAV和MP3。桑达X818信号也不是很稳定。,0
11658,价格适中，装修还可以。早餐尚可。物有所值,2
11659,1、摄像头拍摄效果较好，成像清晰，色彩搭配较好。2、支持MP3等多种格式文件的播放，铃声够大，音质很好。3、支持双电压RC-MMC卡扩展功能。,2
11660,声音方面，64和弦铃声，十分响亮！不仅可以听MP3，还支持多种格式AMR、AAC等！色彩上，内屏为26万色十分清新！摄像头也是较高像素的，在它上面的照片效果十分好！还有，有外接存储卡！原装配件一应俱全！屏大！,2
11661,"质量差,一年坏四次,现已无法使用.",0
11662,我上次到蒙牛，听到最多的是：“因为我们换了进口设备，所以我们很好。” 别人可以这样想，蒙牛不能。因为你们曾经自称是民族企业。岂能自卑。蒙牛NULL-1日本所有产品最好的销售给国内！而蒙牛说：销往香港的牛奶跟出口国外的一样，比内地要严格的多.........吃地沟油的命，还是继续吃地沟油吧！,2
11663,难开机；3GP没有快进功能；电话薄差。,0
11664,当初看这本书是因为好奇。也是因为自己也是做广告的。希望可以从里面学点什么来。看完后。说实话刚开始没有什么感想。就像我看完了其他任何一本言情小说，玄幻小说一类的。在想想。这书写的太幸运了。对于女主人的幸运。不是所有的人都能和朋友在一个城市里瞎混，更没有一个青梅竹马的朋友能长久的在你身边陪伴。偶尔有他们的电话短信就要痛哭零涕了。,2
11665,初拿到这本书，并未迫不及待打开翻阅。因为想找个适当的时机，细细品味其中的美丽与哀愁。夜深人静，万家灯火渐渐熄灭，独自在房间，点燃台灯，发现能很快的融入书中所说的情节。每一段美丽的诗词歌赋之后，都有一段伤感抑或幸福的故事。随着主人公的悲伤而失落，开心而快乐，让我懂得，在古代，居然也可以有如此令人心动的爱情。一种亘古不变的情怀。,2
11666,我们不喝蒙牛！,0
11667,慕名买一本来看，看后大失所望。这种作品也就是一小资女自我感觉良好的显摆，却有那么多人热捧，其粉丝水平也就可想而知了。非常后悔买这本书，还我钱来!NND.,0
11668,外观漂亮，尤其是屏幕，经检验完美屏，其他配置也和商品介绍一致，收到的机器为未开封机器，硬盘通电8小时，非常满意。,2
11669,还没有安装！使用后追加！,2
11670,看了一小半，觉得没什么启发，放弃。ps：于丹名气这么大，也可能是我悟性差：－）,0
11671,鄙视京东包装，2000多的东西就一层泡沫，东西出问题往厂家推，厂家更有才测了下温度说没超过90°没事可以用，晕怎么没让她当医生,0
11672,1.外观刚毅、沉稳，有金属质感，做工精细，按键手感很好； 2.铃声纯正自然，清脆响亮； 3.有录音功能，还可以拍摄动画； 4.屏幕分辨率很高； 5.支持涵盖掌上宽带、互动视界、以及定位之星在内的全部“联通无限”数据服务； 6. 菜单反应速度较快. ,2
11673,还可以吧，四星，平湖也就这家了。我们公司的定点酒店，可是当时不知道，居然用携程订的。各方面都是标准的四星。到平湖还是住这里了。,2
11674,看过本书，我深深感觉：现代社会，由于生存压力和竞争压力的日趋加大，有着各种各样心理疾病的人越来越多。但可悲的是，很多人并没有意识到这一点。总是认为，肉体上的疾病才算是病，需要去医院就治；而心理上的疾病，则被很多人疏忽甚至是刻意回避。殊不知，心理健康在某种程度上比身体健康更为重要。俗话说，“病由心生”，讲的就是这个道理。越是刻意回避心理问题的人，他(她)的身体健康状况可能就会越差。因此，我们不仅要重视身体健康，更要重视心理健康。只有身心都健康的人，才是最幸福的人。而心理师作为一个崇高的职业，它的使命就是帮助那些有各种各样心理问题的人，走出阴霾，重塑自信。正如书中所言：“一个人活着，就是要使自己的幸福最大化，而且要让别人因为你的存在而幸福多一些。”书中精彩案例，让人读后印象深刻，发人深省。感谢毕淑敏老师带来这么优秀的作品，希望日后有机会再多多拜读、多多学习。,1
11675,其实大品牌用的东西和小厂的没啥太大的不同，买的就是质量控制体系和售后，特别是笔记本电脑。 一般的上网和文件处理，看看照片啥的足够用了， 盲目的要求高配置没啥意思的， 用两年再换新的。,2
11676,首先是名著，其次是名家，再加上名出版社，让你不动心都不行。我个人比较喜欢金圣叹这个版本的水浒，因为文字洗练，啰嗦的东西不多，尽管鲁迅先生对金大才子腰斩水浒很不满意。但我觉得这是个认真读书的人，至少有自己的一家之言，套用鲁老先生的一句话，有比较才有鉴别吧，建议喜欢水浒的朋友在读完120回本地水浒后，最好再读读这个金本70回。,1
11677,质量不行，内容很好，能把历史写的这样吸引人。,0
11678,"作为上网本，屏的分辨率还是越大越好，HP的只是1024x576,虽然Gateway 也只有600,但大这点也是好的。实际用了就只知道。",1
11679,粉颜色很漂亮 就是喜欢这个颜色和款式 我多花1000米呀哭。。。照相清晰度也还满意,2
11680,二年前给他买了全套的神奇校车1，这套书成了他最喜欢看书之一。我也把神奇校车2读了一遍，感觉风格与1有些变化，信息量没有1大，但是多了自己动手实验的部分，孩子对这新增加的部分很感兴趣，我们准备在期中考试结束后就开始实验。准备过段时间把神奇校车3也买了。我有一个想法：怎么把孩子对某一领域的兴趣继续深入下去呢？神奇校车使孩子对科学探索的兴趣大增，但是这套书再好信息量总还是有限的。,1
11681,"看了网上那多的对它好的评价因此才决定购买.没有想到大失所望!只是把一些常用的英语单词归类而已.对我来说没有任何帮助,也没有别人说的开心搞笑!以前我上初中时,我的英语老师就已经让我们学着将英语单词归类了.非常一般......",0
11682,很一般。工作这件事，如人饮水，冷暖自知。广告捧得太高了。心智健全情商尚可的社会新人何必浪费时间读？待人接物会随工作经验增长逐渐打磨出来，真的轮到自己，在那个地方，面对那样的人与事，自会选择最有利于自己的行动，不一定要人教。不喜欢里面的爱情。批评比较简单，但，的确不推荐读。,1
11683,原先看了别人的评价，做好了不怎么样的准备，到了之后真的有惊喜的感觉，在富豪酒店住了3天，（我们也是住在三楼，）房间虽然不是很大，但也够住了，房间是新装修的，很不错，也蛮有情调的，四面都是镜子，感觉不错，服务人员的态度也还是不错的，第一天到酒店时，忘了行李，酒店还专门打电话询问呢，一个老先生还帮我们收好了行李，CHECK-IN 的速度也很快的，也没有什么说普通话被歧视的感觉，交通离地铁远了些，但周围公交和小巴很方便，我们一共去了五个人，所以打车去地铁站比做小巴和公交合算，周围的又一城和新城都是购物的好去处，附近的小吃，茶餐厅，甜品店很多的，一家叫口香舌滑的甜品店里的榴莲飘飘很不错的，总的来说，这家酒店的性价比还是很不错的，以后还会去的，另外在酒店还可以定去迪士尼的直达车，也很方便的。周围环境不是很现代，但也没什么影响。,1
11684,性价比很高的一款，配置不错，做开发变成都够用的，而且加上了送的内存，机器很快哟，钢琴漆的表面也是我的最爱,2
11685,thinkpad 做工还是可以的，尤其是一些经典的东西都很好的传承下来了,2
11686,外观好看，做工好，散热非常不错，是见过最好的，比想象中的要好，，价格实惠，满意,2
11687,8月8日晚上到的，到了以后立刻开电视，发现没有信号。10多分钟后保安才上来。打开电视，都已经开始运动员入场式~好慢好慢....等阿等阿。终于等完了，火炬进场了~一个一个一个一个传，传到张军的时候。叭嚓，华丽丽的停电了~~我的奥运梦想阿~~破裂了,0
11688,"预装的系统改装VISTA,WXP很麻烦。但，花3小时还是可以全装好的。 屏幕反光厉害，长宽比例很奇怪，所以没找到合适的贴膜。 按键有时不够灵敏。 底部前边用久了，热。",1
11689,"17号下的订单,怎么24号还没有见到他们啊????",0
11690,环境非常好，服务非常好，交通不方便，价格有点贵,2
11691,这套书非常棒，女儿一见就爱不释手，拿着西游记看得很投入，尽管识字不多，但是那一张张生动的图片足以让她把电视剧和书联系起来，有板有眼地说哪是白骨精，哪是东海龙王。送货也很快，不爽的是那个当当送货员。本来一次订了十几本书，是一个订单，他抱怨说，你怎么不两本做成一个订单，这样就是好几个订单了，象你这样十几本一个订单，我就挣不住钱，没有人愿意送云云。,1
11692,这本书不咋样，和我一起买的<<明朝那些事儿>>相比，它只能放在书橱当个摆设了,0
11693,一句话，那是相当的差！这也叫3星，有没有搞错，旅馆水平都没有。大厅倒过得去。房间里面消毒水的味道奇大无比，进去半个钟头都适应不了。卫生间的东西感觉是进了个50元店，水泥糊的玻璃缝。老天，让我丢人丢到家了。强烈要求退钱！,0
11694,首先这套书是大开本，纸张和印刷都很好。我家宝贝3岁，很喜欢暖暖心绘本这套书。在这一辑里她最喜欢的是《亨利爷爷找幸运》《和《是谁在门外》这两本，特别是《亨利爷爷找幸运》，每天晚上的读书时间，她总会把它找出来，然后靠在我身边津津有味的听我给她讲，也许是因为书中的语言很温馨，很优美吧。她还很关心第三辑什么时候会出版呢。,2
11695,质量不错，功能也算较齐全。铃也还可以。价格也能接受。性价比比较高。,2
11696,这本书全是彩图，印刷质量精美，价格也不贵，值得推荐！我原以为对上幼儿园的小朋友来说，有点困难，但看了以后，发现小家伙很喜欢，日常的小东西都可以用来做实验，比如“不落的水、水中取硬币、钓冰块”等实验，他觉得很神奇，连我们大人都感兴趣，但有部分实验就比较适合大孩子。个人感觉适合幼儿园至上小学的小朋友动手做，操作性比较强。,1
11697,书的翻译语言一般，读起来不朗朗上口。我是看了评论才买的，但事实并不是如此，也没有太多的科学道理。不值得买。,1
11698,刚刚拿到一部，用着还不错，MP3能存6到7首，够用了装多了也没用，只是偶尔才听，电池我还要打电话用。摄像头200W像素，圣诞的时候跟GF去拍夜景，效果还可以。,2
11699,这本书和《 好孩子的成功来自妈妈1%的改变》我都买了，非常赞同作者的一些观点，其中感触较深的是：1.对于孩子来说学习成绩并不是最重要的，关键是基本能力的培养，这一点家长一定要有远见。2.教育孩子最好的方法是在生活中学习。3.关于孩子的独立性的培养，其中一些小例子很值得家长借鉴。4.对于孩子既要有充分的自由，也要一些必要的规定，而且一旦制定规矩，就一定不要破例，这点我深有感触。,2
11700,胡兰成看似有情，实则无情。胡兰成处处留情，用情不深。书中不光写了胡与张的爱情，同样写了胡从小的生活感受。此书宣传过于大量渲染胡与张的爱情，书中更多是一些别的东西。文笔细腻柔和，挺适合中学生阅读提高作文水平的。个人认为，偏重喜好情节取胜作品的读者，还是别浪费时间了。,0
11701,小巧轻便，联想品牌保修服务值得信赖。自带XP 家庭版系统，内带操作系统恢复盘和驱动光盘。,2
11702,"酒店环境还好，在当地算是很好的了，房间比较大，但设备就一般了。免费注册 网站导航 宾馆索引 服务说明 关于携程 诚聘英才 代理合作 广告业务 联系我们Copyright?1999-2008, ctrip.com. all rights reserved.",1
11703,自己不买和告诫身边的人就好了! 你要理解这个世界傻逼的人总是存在的.对不起，又打错别字了 抵制蒙牛两年了。没用，人家造赚,0
11704,一直喜欢亦舒的文采  细腻的伤感一直也想当个作家却发现自己其实还不够有故事，只有有故事的人才会写出令自己也令别人喜欢的文字来。。。。喜欢比尔 喜欢一切人物，发现自己看书时总会陷进书中，他们伤感是自己也跟着伤感，他们高兴事自己也跟着高兴，总感觉看书是很伤人的，总是过很长一段时间才会回到自己的世界，但还是忍不住的看很多的书也许这就是我的选择，和书为舞很舒服,1
11705,不知道我英语太菜，还是的确有缺漏，书翻开的头几页，有一个句子，好像是错的,0
11706,电池待机时间短，要换电池；本本太重，不便携带；出厂分区太次，不得不重装系统,0
11707,自带的Linix系统上上网还可以，想玩其他的功能毫无疑问得换XP.偶在京东订的时候为了装XP方便，一起买了阿帕奇的USB光驱。到货后，发现该USB光驱无法引导系统光盘启动，已验证过该光驱读写功能正常。,0
11708,"蒙牛也有点儿太好看了,不冲这包装我肯定不带买的.",2
11709,什么都不支持，时不时就死机，铃声下载不了，数据线没有。总之一句话，买它算我赔了！！！,0
11710,我在网上查询了关于CPU所有相关的资料，配置不错，57款流行配置，目前排名18位，性价比很高。,2
11711,我看是这个人脑子有毛病。 内蒙基层官员：蒙牛伊利没任何毛病 源头不安全 http:t.cn/zjzXSgs （分享自 @新浪财经）,0
11712,最大的优点就是电池待机时间相对来说比较长！做工十分精致，很小很轻便，携带方便！风扇声音很小，功能也比较齐全，速度与其他上网本横向比较相对较快！,2
11713,鄙视蒙牛！再也不买蒙牛任何产品！！！！ 人渣！ 转发微博,0
11714,"vista很纠结..老婆喜欢的界面..我本来想换来着,不过今天装xp失败了,不过还好分区分好了就行,基本不影响",0
11715,酒店很安静，去旅游区很适合住这里，步行几分钟就是景区的秦堰楼入口。在市里办事就远了。酒店有几个问题，一是当天入住由于客人少，锅炉房根本没有少开水，前台还有服务员还一直让我们把水开开开多流一会就会热，结果流了10分钟也是凉水，第二天有那么几个人来住了才稍微有一点点温温水。二是同样由于住的人少，酒店早餐没有自助餐，服务员给你打一碟小菜，几个馒头。酒店就是环境比较舒服，而且这里吃饭米饭非常好吃，注意。,0
11716,比较厚，比较沉，但愿今后SL系列也能更精致一些。少了镁制防滚架，A面的手感不太牢靠的说~这些问题使得这款机器和同配的hp相比竞争力有限了。,1
11717,17号订的货，现在都没收到，无从评论,0
11718,马先生的收藏系列，一一读下来，看到这本画册，虽然价格不菲，仍然忍不住要买一本。自己本身并不是学建筑或相关的专业，但翻看下来仍然觉得叹为观止。正如马先生所说，中国史五大建筑文明中唯一以木质建筑为代表并完整存续的文明，而有趣的是，中国自古以来，并不将建筑作为艺术的一种，认为是“匠人之作”，而偏偏这些匠人们，创造出来让现代许多建筑家惊叹不已的作品。中国古代的门窗，除了承担出入、透气透光的功能以外，更因为中国文人形而上的追求，被赋予的多种含义，今天看马先生的书，不但了解了中国门窗的演变，更能细细欣赏门窗雕刻工艺之美，加上书的印刷精美，马先生的文字洗练，确实是物有所值。,1
11719,"很喜欢这本书，可以从中得到一些借鉴。拉拉是个幸运儿，除了自身的努力外，她成功的原因是有特别好的机遇和一些好心的领路人。现实就是这样的，即便你付出了努力，但不见得会有好的回报。可如果你付出了努力，当机会来时就会成功。不要抱怨什么不公平，人生出来就是不平等的。Simple life,Simple heart.推荐刚入职场的朋友们看看此书，会有不少的收获。",1
11720,外观很好很精致，电池续航时间很长，买回来一直在装软件、上网更新，四个多钟头了电池显示还有百分之三十多。另外这一款包装箱里面也带有一个“内胆包”的，不过很薄很简陋，就跟一个薄布袋子差不多。,2
11721,性价比高、内存大、功能全，屏幕超清晰,2
11722,上网，跑word，用java都还不错，关键是待机时间长，第一次就有7小时以上,2
11723,在阅读这本书的过程中，我时不时都掩卷思考，反思自己。试着照书中的方法找到久已丢失的真我；试着去感受喜悦、和平和爱……虽然不是很容易，但是我发现最近困扰我的一些负面情绪正在慢慢流失。我想，就像书中所言：情绪是一种能量，会来也会走……这真是一次奇妙的阅读经历，更重要的是，这是一次久已缺失的心灵洗礼！不要错过啊！\(^o^)/~,1
11724,键盘手感很舒适，触摸屏设计独特，比较人性化，机器配置相对高，性价比不错！！值得推荐！~~~~~~,2
11725,"2008.4.5入住该酒店南楼大床间,总体感觉不错，符合三星标准。值得赞一下的是客房送餐很好，饭菜好吃，价格也不贵。不足：床垫太软，对于不喜欢睡软床的来说，可能不舒服。",2
11726,刚买的时候没发现 笔记本后盖隆起 估计没盖好后盖 螺丝钉就拧上了 退换货太太太麻烦了 时间成问题 自己忍了 找个螺丝刀自己拆了机子修好了 给这笔记本配这些装备 如电脑包屏幕膜可着实费了不少功夫,0
11727,房间虽然小但还是可以接受的，里面设施齐全，唯一给我的感觉是房间里都是镜子，老婆洗澡可以从各个角度看到，爽啊。唯一不好的就是交通不方便，我们每天在酒店门口乘小巴到九龙城才能换到地铁（价钱是4.7元），小巴11点多就没有了。行李可以免费寄存，不过要锁好。,1
11728,"赠全彩国家标准经..”为什么不见赠品,难道是骗取别人购买吗",0
11729,1.装XP系统不方便，要去官网下载驱动，另外还要修改BIOS；2.本本比较厚，重量体积没有优势；3.键盘不好，使用过程中经常漏键，我认为是键盘设计缺陷；4.没有赠送包，携带不方便；5.没有蓝牙。,0
11730,喝蒙牛伊利=自杀！ 果断投诉… 投诉！,0
11731,看过很多匪大的书 准确的讲是买了很多 但是有2本一直没看完或者说不敢看完 人间最美的爱情在最后都变成了凄楚 让人不禁唏嘘 而这本是匪大自称亲妈的作品 我很喜欢后面关于黑社会的篇幅 有美好的爱情 好的结局 让人看了 满口留香 回味无穷 但是如果要我说 不如上一本也是短篇 番外的当时明月在好 记得里面有一个写杨九妹和耶律的 还有纪晓芙的 都很让人感动 希望匪大多写点这样风格的书 满足我们读者,1
11732,这应该是我见过能称为五星最恶心的酒店了，服务不好，房间不好，早点不好，听说是个没老板开的，太不讲究了，好好改改吧！麻烦携程推荐好的酒店！,0
11733,到达后前台看了我手机上的预定确认的短信，又翻查了一些FAX，仍说没有接到过携程预定通知，直到我用手机打了携程电话要服务员接听才得到房间。不知问题出在哪里？ 酒店在十字路口，入夜都非常嘈杂，主要是汽车长按喇叭的声音。若非出差需要（靠近客户），不会住这里。下次也争取不再入住。酒店设施一般，早餐7点开始，但到8点半都还没有多少可吃的，早退房的相当于没有早餐。,1
11734,1.价格不公正，明明携程网上写的是￥200，结果住了一晚上第二天结帐时被告知￥390元，而且，预付订金的时候也没人告知价格，付订金时根本无人告知，只知道收钱，收钱时小姐把钱从客人手上抢过去。2.没有早餐，入住时携程写的双早，结果被告知早餐要￥10元/人。3.房内标明有桑拿足浴室，找了半天没有找到，问到前台（自己找下去）被告知桑拿足浴室根本没有设立好。4.卡拉OK室价格不公正，￥280元/场/人，和上海的歌城在黄金周的价格一样。5.酒店没有好路，一路上颠簸进去，结果车子费油不说，离合器还差一点挂掉，路上没有一个指路牌。6.奉劝广大住客，在和携程网确认价格之后，要再打电话去酒店确认价格，因为携程网上价格和酒店价格不同，相差甚元，不知携程如何更新他们的资料？,0
11735,收到了，速度很快，两天就到了，说是送货怎么让自己去提，给亲戚买的还没安装，以前买过一个用着不错，第二次买了值得信赖。,2
11736,蒙牛新出的枕奶很好喝，有进步,2
11737, 酒店位于市中心，比较方便，房间设施较一般，最苦恼的是，说是市政府规定，室外温度不过27度就不能开空调，所以白天几乎不开空调，热得我们没处躲，要知道这可是宾馆不是招待所，房间都是不对流的，不开空调能闷死人呢，真难受啊，还好到晚上空调开了，不然我就立马退房走人了。本市的地图是要买的，不像别的酒店都有赠送。,0
11738,1.屏幕效果一般。2.内存不足。3.价位有点不合理。4.待机时间没有网上写的长，来电提示音不大。5.电量不足时报警太频繁、烦人得很。,0
11739,还没安装，装了再来评价,2
11740,"青岛现在正在招募一批志愿者,找公共场所和商品中的错误用语.我看这些志愿者大概也可以出书了!这样的书对学习英语的人有什么帮助!别叫<笑死我的英文书>,直接叫<笑死人的书>好了!",0
11741,也许，有一天，这本书会给我们一种力量，让我们回头，看看我们年迈的父亲，是否也在回忆多年以前的温馨。,2
11742,随便翻了翻就放下了。坦白说。。图画不可爱。。。内容没有仔细看。。不吸引我。。。,0
11743,很不错的产品、这个已经是第五个了。跟朋友买的,2
11744,重装XP，但有些功能就无法实现了，要是直接上XP系统就好了；机器看着小，但重量有点沉；散热还是略烫；独显还是弱了点，但130M的机器就要贵很多,1
11745,小巧玲珑，适合某些场合使用。至于网友说容易留指纹，确实是，但是擦一下就可以了。2990的价格确实低啊，性价比不错。至于重量，还ok吧，关键是电池重而已。,1
11746,除了环境比较好，在云龙公园对面，酒店设施太旧了，价格高，性价比低，在这个天气，房间里竟然有好多蚊子，半夜被蚊子打扰几次,0
11747,电池很耐用，即便没有宣称的9.5小时也有5-6个小时了，出门可以不带电源了。跑一般的应用速度也还可以。外观挺漂亮的,2
11748,"身材纤细,制做工艺也好.手写笔整体手感不错,触摸屏面积也挺大,又好写又好看文字.声色也不错,里外屏幕都十分清晰,铃声音量洪亮.待机时间也可以,三四天不成问题.有专门的自拍镜,便于自娱自乐了.",2
11749,国庆头一天去住，门市价和携程的价一样，豪华房672元还不包早餐。房间设施挺旧得了，感觉很一般。,0
11750,收到这本书后，用了一个星期把这本书看了一遍。感觉这是一本介绍搜索引擎入门很好的书，不过还是偏向于理论。看完这本书后，感觉对搜索引擎的结构有了一个大概的了解，当然还是比较初步的。不过，正如许多网友所说的那样，这本书的排版可能是最有争议的地方了。个人感觉，这本书空白的地方太大、太多了，完全可以更加紧凑一些。但是，这并不影响它是一本了解搜索引擎的好书！,1
11751,通过携程预定该酒店保留到晚上6点的。但是下午3点多接到携程电话，居然说我给酒店打电话取消我的房间，问我有没有这回事。简直很气人！后来到酒店办理入住时，问了前台有没有这回事。他们居然回答的很干脆，有这个事情。酒店也太不负责了，为了自己的入住率就随意取消客人的预定。一点都不配万丽的作风和职业道德。另外，该酒店不能用民生银行信用卡做预授权，只能用中国银行和交通银行。这点很不方便的，请大家以后入住的时候请注意了。,1
11752,《想吃苹果的鼠小弟》这本来自日本的童书，整体风格清新淡雅，画面大量留白，除了那几只苹果是红色的，其他都是黑白色调，人物形象廖廖数笔却活灵活现十分传神。这本书，我的女儿宽宽喜欢，当要讲到“来了只小鸟，叼走了一只苹果”时，画面还没翻到，宽宽就已经将小手挥起来学小鸟扑扇起翅膀。比较适合一岁以上宝宝阅读。,2
11753,个人比较喜欢诗词，自然也就喜欢诗词背后的故事。每每看到经典的作品，遥想诗词说展现的美妙的画卷，真的是一种奇妙的感受。作者通过自己的行走仿古问今，为我们展现了一首首经典背后的故事，展开了一幅幅美丽的画卷。壮丽的河山、质朴的风情都不断跃然纸上。个人感觉美中不足的是作者的文字在部分章节中略显枯涩，不够丰润，可惜。文中的插图是典型的中国传统水墨山水画，心向往之。,2
11754,总的来说还可以.几点不足：1）卫生间有臭味；2）打的不方便，要走过桥到大街上招呼3）中餐厅菜偏贵,2
11755,坚定一个想法，凡是炒作的书下次都不买。写的 什么东西呀神神乎乎的他怎么一捏，病就没有啦他要这么神，早被国家领导人御用了坚定一个想法，凡是炒作的书下次都不买。感觉这本书就是迷信大全。，,0
11756,评论这么热，以为这是好书，结果可以说就是本闲书，没什么内容，空空的，泛泛的……百花了我的银子！想了解中医不能看这种书！啥也没写！,0
11757,非常好 比上次购买又优惠了些,2
11758,降价太快~  早找到就多等几天了  才一个月就降了500 现在还送无线路由器。哭~~~,2
11759,记得是3月18日入住，通过携程预定一个3－4楼的商务大床，结果给的1楼，我要求的洗澡设施良好也没有达到，喷头根本固定不住。因为这次是1天也就没有要求更换房间，比起第一次在这里的预定（不是携程），这次非常不满意，终于体验到预定要求无法达到是什么感觉了！！！,0
11760,很多人对这本书评价很高，我只能说这本书不适合我看啦，大概浏览了一下，觉得书里讲述的都是早已知晓，不用提及的东西，就没有兴趣看下去了~,0
11761,性能不错，发热量不大。正常工作时GPU温度50几度，新电池的使用时间有3.3小时（vista已平衡），3Dmark 2006评分2000过一点，vista自己评分4.4。 外形很漂亮，系统界面漂亮,2
11762,1、两天不作房间清洁，服务员告诉我，忘记了；2、只要洗澡，卫生间就漏水；3、免费的Internet 根本就不能用，服务员告诉我，她们是按照家庭用户申请的，上网人多，当然上不去；4、早餐60％是馒头、包子，蒸饺，炸饺；5、结帐的时候，打出来的水单，多收818元，被我发现后，经理说是系统错误；6、回酒店一般的士司机是找不到的。,0
11763,住过的最差的4星级宾馆，墙壁根本不隔音，晚上楼下卡拉ＯＫ吵的没法睡觉，早餐餐厅都是附近过来喝早茶的老头,0
11764,黑背，为什么世界上会存在这样的人！幽默讽刺，完全与众不同的漫画方式。还有管他真真假假的“童年故事”。这本书里出现最多的“感化”一词，配上黑背带着杀气的表情，爆笑那是一定要的，一口气看完那绝对是必然的，对黑背的佩服和敬仰用滔滔江水来形容已经不够了。惹到谁，都不要惹到黑背。可是来不及了，我已经被感化了。。。学到不少。以后朋友们，请小心我！~,2
11765,１.３６９９元买到６４００的ＣＰＵ，与原来的预算相差无几，很满意． ２.颜色不错．市面上另有一款蓝色的，没这个好看,2
11766,外观独特比较吸引人,2
11767,"安装XP系统比较麻烦。因为是SATA的关系装XP很麻烦。在网上下了个windows xp pro sp3纯净安装版(整合IE7,WMP11与PATA, SATA, SCSI, RAID驱动)不能装。",0
11768,"我一进店就看到很多酒店工作人员在大太阳，下面帮那些医疗救护队搬东西。酒店住很多那些来救援的人看样子是各省的医疗队，酒店把大厅都给他们装了东西，看的出来酒店还是多支持他们的。我是第2次来四川成都，让我这个外地人很感动。宾馆反馈 2008年6月1日 ： 尊敬的宾客: 您好!感谢您对成都新良大酒店的支持和厚爱!5.12发生以来,酒店接待了来自全国各地的医疗救援队,这是酒店应该做的,也是必须做的,一方有难,八方支持!让我们一起为灾区的人民奉献爱心!",2
11769,算是消遣读物中还行的书把。如果说是传记，倒也行，但是如此一来，这个传记牵扯的人物未免过多，算是蒋介石的传记，还是孔二小姐的呢？ 当然这是开玩笑。书是好书，对历史也不过多评价，想必写该书的人是共产党员把？所以得有所顾忌。哦，对了，读这本书，你别想象成是励志的那种，原因上面一句也说了。这2本书加一起，厚度相当可观哦，而且是大开本那种。,1
11770,台湾学者台湾学者蒋勋《中国美术史》（2008年7月，三联书店），作为一本普及性的读物，作者能将复杂的美术史化为简洁优美的散文，学术性融于可读性之中，称之为写给大家的书，实不过誉。没有一定的学力，很难写出这样的读物来。学力孱弱如我者，讲起中国美学总是失之晦涩，所以在书店看到这本印刷精美的图册，就已决定要买下。读完推荐给了许多年轻的学子。,2
11771,"mp3,u盘，35万像素拍照，TFT显示很绚丽，真的很好！用了3个月，没任何问题，一个字爽！！！",2
11772,"哪里象个4星的样子哦! 至少是我住过的4星里面服务最差的. 根本就没有服务! 总台:没有问候, 没有笑容, 没有道谢. 象机器人. 到处空荡荡的.浴缸坏了, 我都懒的叫他们来修, 因为我已经脱了衣服了.真的很差, 那早餐的情形跟个大排档似的.补充点评 2006年10月24日 ： 当然总的来说, 作为中等城市的酒店, 大概都差不多是这个样子的了. 至少安全, 还算舒适.",0
11773,相当不错的一本书，通过作者的亲身经历，告诉我们传销的内幕，受益匪浅！记得十几年前，我身边的人就有参与传销的，但是也积极鼓励我做，但我的态度是相当明确的，那就是----不做！我觉得做人一定要讲原则。建议大家都互相传看一下，了解了解什么是传销？传销的危害有多大？有些事情我们是可以亲身体验的，但也有些事情我们一生是绝对不能碰的，如毒品、传销等，十多块钱了解一件事情是值得的！,1
11774,"读书时看过电视,哭了好几次.这次买小说来看,是想从中吸取一些生存的力量.以笑的方式哭,作者的这种表述方式让人更觉悲痛.悲痛之余,让人感觉自己没有理由不好好活下去.",0
11775,自己装好用上了,2
11776,朋友同时在实体店买的，有带XP2的光盘，虽然用不上，而且装箱清单也是DOS的，真的奇怪？,0
11777,轻，薄，待机时间长，散热好，外观设计比较好看，铝合金上面板还是很好看的，键盘手感也可以。而且屏幕不仅很薄，而且还算结实，按背面屏幕没有明显的影响。加到3G内存，运行Vista速度还是一般，不过也有可能是我平时用的机器都太好了。准备装成XP估计就会好很多。 没有具体测试，但是待机时间6，7个小时还是可能的。,1
11778,给外甥买了好几套动画片，他最喜欢这一套，而且百看不厌。一张碟子能看几个小时。不断重复的放，他看了还是一直笑。,0
11779,这本书的排版很差，前面有四五页是空白的。,0
11780,刚刚看到这篇小说时就非常期待看到它，当真真正正读时，起初并没有太吸引我的注意力，而跟着读的内容我慢慢体会到了其中的酸楚，尤其在最后第十章我是边读边掉泪，真的好伤心，这不知道作者在写的时候的感受，如果是我一定会放弃写作因为实在是太悲了。读完后突然有种念头，那就是以后在也不看悲情小品说了我实在是太伤心了，不过这也间接说明水月影写作的实力。加油支持你！,2
11781,1：地毯很脏，用具如水壶和马桶老化啦2：服务非常好3：地热矿泉水挺好的,2
11782,"斯凯瑞金色童年系列确实不错,已买全4辑.孩子很喜欢,在我强行收起来的那晚还为此哭了一回.画面很丰富,文字相较一般意义上的绘本也多很多,故个人认为适合大宝宝亲子阅读.自家孩子目前刚2岁半.整4辑都留到她再大点拿出来喽.第一辑和第三辑一起到的,给孩子看过,那阵子孩子每天都必看《轱辘轱辘转》，<<忙忙碌碌镇>>,和第三辑全3本.喜欢找金虫子.后来有一天带她去邮局,她说她的书上有的.有时真的不得不佩服孩子们的记忆力!",0
11783,这本书是女儿点名要买的，我都不知道原来他们班级正在流行看这个的，她指着一瓶饮料上的广告告诉我的，因为外婆在书摊上只找到关于这个游戏攻略的书，所以只能我给她上网找了。买回家自然很高兴，书一直被带去学校差不多已经翻烂了，因为女儿喜欢所以给了4星，如果是按我的话可能只有1星了，因为这本所谓的游戏迷宫书真的不怎么样，如果真在书上玩迷宫的话会伤害眼睛，字体排版设计不合理，就光看看图吧。哎...,2
11784,待机还挺长，性价比较高,2
11785,我推荐大家先去了解了一个萨提亚，可以看一看她的那本《萨提来冥想》，对于希望能够自我成长和认识自己的人来说，这是一本非常捧的书，文字中透露着宽容和爱。看完后你会明白她要传达给人一个什么样的信息。然后再来看《家庭治疗模式》这本书，你才可能有更深的体会，其实当你决定要想来看这本书的时候就已经有了一个渴望，那就是让自己幸福，让家庭幸福。所以，试一试吧，不会后悔的选择。,2
11786,发票质保期写的是“无”，不清楚质保期。连服务人员也搞不清楚。,0
11787,环保装管毛用。。。 没用的，只要看到“蒙牛”两个字我就不会买……,0
11788,不曾想到一个男人可以写出如此柔情的东西，十分细腻的情感十分体贴的笔触，真的可以让你感受到一种久违的温情，不知道有多少人能有性体验这份“痛苦”，也学忍着一辈子从不曾有过很多起伏，与之相对，主人公经历了很多，心理上也有很多床上，谁知道呢，那何尝不是一种财富？不错的一本书，作为孩子，如果你的父母觉得生活很累，你也许可以建议他或她来读一下这本《nights in rodanthe》,2
11789,"酒店已经比较旧了,海景房也很一般.酒店的拖鞋据称不是一次性的,但没有在包装上说明,再要需要收费10元每双!也没发现这个拖鞋和其他五星级酒店比有什么特别显著的差异!收拖鞋费用实在对不起这么性价比不高的房费!所以你要准备好拖鞋不能在住店期间搞湿弄脏,这意味着收费!可能酒店会理直气壮地给你环保的理由!下次不会在住了,实在看不出有什么特别舒服的地方!可以再去海悦建国试试!反正这个酒店的海景房也没什么意思!而且房间相当一般般!服务也没什么可以值得称道的!甚至肯定比不上泰安的遵华华美达,虽然泰安是一个小地方!",1
11790,"也许是珠玉在前，我已买了另外一人写的**经络按摩，回头再来看此书觉得失望很大？越看越头晕，不知所云，废话太多。我相信作者是位优秀的医者但绝对不是一位合格的作者。 不过如果有时间,大家可以一手拿笔一手拿纸来摘选,也会有几点启发. 但是这本书实在是一本注水量及炒作程度巨强的书!",1
11791,比起其它的汉庭这家的房间特别小，内部物品的摆放因而很勉强很别扭，住起来不太方便。但据服务人员说由于这家的地理位置好价格还比别家高了近100块钱。地理位置方面其实也没有觉得特别好，在陕西南路下地铁以后还要步行15分钟的样子，如果行李多这段距离其实真的不短！总体来说性价比不太让人满意。,1
11792,对宽屏不了解，现在用起来极不舒服；上下距离太窄，宽度又太宽。只相当于12寸的屏。屏太亮，而且改了设置后只要重启就又要改,0
11793,杜拉拉升职记，太不现实了。那种职场环境简直就是乌托邦，有，但是太少了。对于大多数人来讲，参考意义太小了。,1
11794,可能是那个时代的真实写照但是我有点看不下去看到把家里钱都花光房产地产全输光老爹气死的这里个人无法接受这种生活状态活着应该是为了让生活更好，而不是让生活更差没兴趣再看下去了,1
11795,酒店在路边，但是很多司机都不认识，可能是靠近云龙湖比较偏吧。酒点的单人间实在太小了，床的一边竟然靠在墙边，把窗帘都压住了，电视都要斜着才能看，11月份了中央空调还没有暖风！！！冷啊。,1
11796,这样的男人，温柔的过了头，找不到一丝男人的气概。只会说：这是好的。。。这也是好的。。。无法欣赏这样的文笔优美在何处。爱情也是奇怪，张爱玲爱上了这样的一个人，隐隐地，大概是一辈子的影子。,0
11797,1.电池续航性能不好（毕竟是4芯），开一半亮度，只上网能用1个半小时左右，买个备用电池是必要的。 2.USB口供电不足，喜欢用USB设备的朋友注意了。 3.显卡，3d是这机器瓶颈，高清影片倒是够用,0
11798,看后甚至有再生一个完全照着书中那样养的冲动！真的非常值得推荐，本以为自己的孩子都13岁了，不适合看了，其实每个阶段都可以找到自己需要改进和补救的地方。通过作者自己在教育上的细致观察，让我们可以看到自己的今天的一些不正确的表述或做法在今后给孩子带来了什么样的结果，非常有道理，让自己少走了许多弯路。我非常喜欢这本书，又买了几本送给朋友。,2
11799,这次到南京才知道原来这家酒店是名古屋和南京合作的一家酒店，名字就取的这两个城市的各一个字，怪不得有点怪怪的感觉，属于比较早期的一家五星级酒店。管理比较完善，表现在check in/out，服务，电梯的速度等等方面。唯一就是门口叫出租车不太容易，门口也太过朴实无华。总体还是一家中规中矩的五星级酒店。,2
11800,"政府酒店感觉很气派,而且很干净,整个酒店的房间布局也很整齐.5月份入住的,由于第一天房间不能上网,和前台协调又换了一间可以上网的,还帮忙调试了笔记本,服务很周到.正好住的两天都有人结婚,感觉酒店一楼的宴会厅很适合婚礼",2
11801,网上看推荐买回来，发现书比较一般。,0
11802,此书从古代汉语的角度出发，详细地分析了“是”的来源和成因。是纵向研究，换句话说研究通时语言学的一本值得参考的好书。但不知是何原因，这本书寄到手中时书皮非常脏，很多土而且磨得很厉害，还好是硬装版我只好将外皮扔掉，希望当当下次注意检验之后再发。另外，买书时书的题目是“汉语系词“是”的来源与成因研究”。买到手中才知道全是繁体中文，有些惊讶。,1
11803,密密的心绪疯长成深蓝色的森林，在其中徘徊来去的只有我。除了忍耐，还是忍耐，我看到自己的心，在黑夜里孤独的盛开、腐朽和颓败。耗尽整个青春，我一直在问什么是爱，即使在十年后的现在，我仍然弄不明白。我们还活着，你还在我旁边，还可以触摸，还可以依偎，这不是生活的全部，却让我们沉溺得永不超生。又何必再问，我和你都没有说过的那个字，冷与暖从此只由身体感知。(载抄),2
11804,差差差，太差了！不是一般的差，我希望以后携程不要再推荐这样的酒店给我！！！,0
11805,还没拆的，  包装底部打湿了。  过些天才会安装，  应该不错吧~,0
11806,设施老旧，服务员素质不高借个勺子都要押金借伞也要押金服务员整理房间把遥控器卷到了被子里，晕宾馆反馈 2008年5月13日 ： 感谢您的点评。您入住的商务普房（装修较早的房型），酒店前述点评回复有很多涉及的地方，您可看看；押金确实造成您的不便，根据您的意见，我们已经修正，今后不再收取客人类似押金；服务员流动性较大，如何保持服务水平的稳定我们将努力做好。期待您再次光临并留下宝贵意见。,0
11807,没买的就不用买了，到新浪网上读书频道看一眼足够了。毕大夫写作手法已经太老了，岁数也大的不适合写类似的东西了——居然还在为发现女同性恋大呼小叫么？这书里的故事哪有一件超出想象让人拍手称奇的呢？看不下去。。。,0
11808,没有比这个更差劲的房间了，近火车站。服务一般般,0
11809,通过朋友介绍住了苏州南林饭店，一进酒店大堂感觉就很好，酒店的行李员、前台服务员、大堂经理都很热情，有种宾至如归的感觉，房间也很有特色，背景墙上有金色字体的诗词，我住的是朝南的景观房，感觉真的很好，一出门就是娱乐酒吧一条街、美食一条街，出门很方便，下次来苏州我还会选择南林的，我也会介绍我的朋友入住南林饭店！,2
11810,非常一般的一本书，充满了假想的理想主义色彩，建议刚毕业的职场新人千万不要看。,0
11811,本书包括《彼岸》和《恬哈努》，内容不像第一本那样离奇和扣人心弦，但是，和第一本一样好看特别是《恬哈努》，分析了龙和人的相同起源，探讨了魔法的本质，描写了杰德回归成普通人后的生活，更能表现作者天人合一，尊重自然的思想。这套书翻译尚可，不像有些读者评论的那样差，而且国内好像找不到另外的版本。况且我认为：这么好的故事，不会因为翻译一般就被遮蔽了光芒。还是推荐这本书。,1
11812,外观漂亮，键盘很可爱，16：9的屏看电影很爽，新机还是比较静音的，这个价钱买这么个机器还是很不错的。电池续航能力不错。,2
11813,今天带糖果去超市，她眼尖看到了健达的那个新款蛋形巧克力，指着对我说，妈妈这就是电视里广告的那个，给我买一个吧，前段时间老问我妈妈你知道怎么样才能长高变聪明吗，喝蒙牛QQ星，都是广告词闹的。,2
11814,酒店环境还可以，距离公交车站比较近，出行方便。一般的服务员很和气会主动向你问好，倒是看着象管理人员的从不见打招呼。比较郁闷的是，有一天服务员因为拿走了一筒快过期的冰箱里的饮料，没有交接清楚，下一班的人员误会是我们喝掉了。还有我预定的4天的房，结果到第三天上午房卡就被停掉了，害我从沙滩返回时只好先到大厅重新办理。早餐去的比较晚时感觉他们餐桌收拾的很慢，好像服务员不够用似的，看着将近7、8个没人坐的桌子却都有一摞待收拾的餐盘，没办法告诉服务员后半天才来收拾,2
11815,"爱死机,容易进灰尘,后盖松动,",0
11816,"以现代商业性的语言调侃历史,看了第一页就放下不想再看.以历史内容来说,做到类似于罗贯中的<三国演义>或是二月河的<雍正皇帝>等那样的演绎也就算到了极至.程度再进一步的调侃,给人以歪批戏噱之感,是对历史的不尊重,让人对其内容的真实性有很大的疑问.如果是普通的小说,诙谐幽默是可以的.在历史问题上如此铺陈,让人难以接受.凡此总让人感觉,时下读书的氛围愈发的浮躁.肯静下来潜心读书的人,实在是越来越少,也无怪出版机构和作者们在其他要素上顺应这种趋势,而在书籍本身的内容要素上,偏偏越来越忽视了.",0
11817,作者有一种专业的谨慎，若能有幸学习原版也许会更好，简体版的书中的印刷错误比较多，影响学者理解，全书结构简单，但内容详实，学起来如鱼得水非常轻松。这只是一项技术而已，若可以结合本专业，将会得到更高的学习快乐，家财万贯不如一技在身，一技在身不如一念在心，本书有不仅有技，而且有念。书中佳品。,1
11818,老者还知道你很好奇，知道你有疑问，他还允许你提问，然后他会用他渊博的见识，耐心地为你分析，合情合理，还不乱下结论，好像在和你互动。,2
11819,房间旧了一点，床硬，隔音较差，房间里和走廊的灯光都太暗。睡衣有霉味。房间有点压抑的感觉想了半天觉得是天花太矮。灯光不太好控制。,2
11820,排线超垃圾坏了都没的换售服都没办法２个多月都没人关了还在保修期,0
11821,这本书令我太失望了，写得一点都不深入，感觉是为自己做广告一样，再也不买国内出的这类书了。,0
11822,抵制蒙牛,0
11823,我是初中数学老师，我的孩子上小学三年级，平常经常逛书店，很少有这么好的数学课外读物。和儿子一起读这套书，对小学三年级的孩子来说，内容有点深，涉及到初中内容，需要简单的讲解，听懂与听不懂倒是其次，关键培养孩子学习数学的兴趣。那么难的知识，通过漫画，故事展示出来！真的很不错！！因为是翻译的，有些语言叙述有点别扭！为什么中国的作家就写不出来？总的来说，非常不错！！！,2
11824,33年前，一场罕见的强烈地震，使唐山这座百年历史的工业重镇变成了一片废墟，24万同胞罹难，在这巨大的灾难面前，坚强的唐山人表现出了泰山压顶不弯腰的大无畏英雄气概，它们承受着家园被毁和失去亲人的巨大悲痛，带着满身的伤痕，投入到抗震救灾，重建家园的战斗中，在全国人民和亲人解放军的大力支援下，自力更生，奋发图强，用自己的双手创造出了人间奇迹，使一座新城在废墟中崛起。30多年过去了，唐山人在与灾难抗争的过程中，铸就了钢铁般的坚强意志和性格，展现了伟大的唐山抗震精神，这种精神充分体现唐山人团结坚韧，勇于克服一切困难的决心和力量，唐山抗震精神处处闪耀着人性的光芒，它属于唐山，属于中国，更属于全人类。这本《唐山大地震与建筑抗震》内容丰富，图文并茂，是一本反映唐山大地震灾难和唐山重建过程的精品图书，非常有收藏价值。,2
11825,不错,2
11826,刚买不到一周，现在报价已经降了300。我是5799买的 。挺恶心人的 。,0
11827,产品介绍没有说明该怎么去装XP，幸亏我有带Sata驱动的XP，要不然肯定搞不定了！,0
11828,便携，配置主流，做工不错，很有档次的一款本本，一直很喜欢，终于到手了，喜欢。。。。。。而且赠品比较超值，送的内存和硬盘都能应用到本本上，不然自己也要买的，VISTA系统没有传说的那么不好，个别设计还不错，散热很好。,2
11829,比我想像的要好很多，且比同价位的上网本强太多了，模样商务气息浓厚，性能也不错。3000多挺值。键盘比较特别，像苹果本。,2
11830,一般。除了便宜。一个大问题就是浴缸的设计有问题，洗澡的时候溅出的水会顺着浴缸靠墙那边的平面一直流到外面的地上。等洗完之后，浴室里已经是水漫金山了。我费了老大的劲才研究出来的，原来里面的那个平面是倾斜的，水所以就顺流而下了，一直流到外面。还有，饭店没有大堂，和隔壁一个公寓或者说是商务区公用一个小小的区域，被称作大堂。跟燕山差不少。下回去石家庄，不去这家了。也有有点那就是买东西挺方便的。边上就是北国超市和北国商场，还有麦当劳和啃鸡。,0
11831,今天终于又看了一次《输赢》，第一次看觉得故事情节很吸引人，其他的就没有什么了，但第二次看下来感觉不一样，印象特别深刻的是周锐对生活得态度，以及他做人处事的态度，的确人生是短暂的，事业只是生活的一部分，最重要的反而是如何使自己过得开心快乐。另外就是方威的注重过程还是结果了。,1
11832,发货速度超级快！晚上下单，一早就送货安装^_^试用一周，超级好。 客服人员超级有耐心解答每个问题，回复很及时。,2
11833,选了一部紫色在用，银的太俗了。做工不错，今天忽然发现内屏上有个贴膜，以前居然没发现，强。接电话的方式可以自定义，我选的是翻盖接听，这样比较简单，待机方面薄电跟普通的彩屏CDMA手机差不多，厚电就要长多了，用着不错的机子,2
11834,我家宝宝3岁了，对于我订的这套书只看了几眼，不感兴趣呢。大概是书中的画显得太杂乱她不喜欢吧。,0
11835,买的时候，看了评论都说不错可是买来才知道，其实也就那样我还没给孩子看呢我想，她也许不会喜欢,0
11836,"4799下的单,收到的时候价格变成了4699,并赠送一张杀毒光盘,然后就因为新增加赠品的原因,我无法申请价格保护,这明显是京东逃避价格保护的小手段,让我十分的不爽! 而且什么东西都没有送！！！！",0
11837,"设计非常漂亮,散热很棒 设计非常漂亮,散热很棒 设计非常漂亮,散热很棒 设计非常漂亮,散热很棒",0
11838,我觉得本本还是不错的，但没想到买到康柏的，虽然现在是HP的，但还 是有一点失望。,1
11839,据说是太仓最好的酒店，作为一个5星级的酒店让我很失望。房间小而简单并且陈旧，最多也只是个3星水平；服务只是在入住的时候那个前台员工不错，其他就太差了：进出酒店时酒店员工和门童都是视而不见，没有任何表情更不要说是问候了，一次回到酒店时，前面就是一个穿黑色制服的女员工也往电梯间走去，我就跟在后面，当到了电梯间时她管自己转弯上了楼梯，也不给我按一下电梯--当时我可是两手拎着东西而她明明知道我跟在她后面。不过酒店的早餐还是可以的。估计下次不会去住了。,0
11840,本本边缘外观有一点不美观，凸起一点。应是出产没注意，应该是我运气不好！个案，但我投诉说说，并不想换货，却没人回答，有人安慰一下或给点小礼品我也是很高兴的！但投诉始终无法显示和回答，这点希望京东能改进！,1
11841,酒店环境还不错，装修也很好。早餐不怎么样，价格偏高。,0
11842,刘林是坚强的，就像在文章中那位医生说的那样，在医院这个地方，是最能体现一个人是不是真的坚强。刘林是属于坚强的那种人，坚强变成了她的一种保护色。然而她的坚强又让人心疼，人们想靠近她却又靠不近。我佩服文章中刘林的坚强，因为要当像她那种坚强的女人，真的是需要把眼泪和孤单都伪装起来的。尽管现在的女生也都很勇敢。但是要做到独立坚强的却没有几个。这是本好书，一本让人看后会有所深思的好书。,1
11843,个人意见觉得比《Y的悲剧》更好看，虽然Y也很经典，但是个人觉得此书的推理性极强，在本人看过的所有推理小说中，这本是最符合推理经典的，因为往往很多推理小说的书中推理部分并不是占很多或很重，有的事注重剧情，有的注重破案过程的侦查，当然这也很好，但是能像这本《X的悲剧》这样既注重紧张的剧情又有经典的推理的，确实不多！经典！,1
11844,"房间每天都有免费水果赠送,这一点比较好.还有好多书籍和摄影著作摆在房间里,据说都是合庆董事长自己编写拍摄的,太有才了.",2
11845,性能搭配还很好，速度还可以，使用很方便 第二、无法更换XP系统，更换后老是启动不了，而且官方提供的驱动也不全，有很多硬件无法识别，没有办法还得更换喂死他。内存一开机就占用50%，cpu老是能够使用到60%左右。,2
11846,好友托我买孩子的书，在当当网找了很久，似乎好书真得是太多太多，但是这套，我被它的插图和简要的文字描述所吸引，毫不犹豫就下了订单，预期希望朋友的孩子能喜欢。果然不负我所望，上星期拿到书后，朋友告诉我，孩子每晚是在这几个重复的动人的故事中入眠，成为她枕边的最好的朋友，所有的故事人物都是那么可爱而生动，所以的故事都是那么简单却又令人感动，孩子喜欢，连讲故事的大人都被激起了童心。,1
11847,便宜，以前是LINUX系统，一拿回来也没用直接重装了XP，装完后速度很快,2
11848,1.屏幕是AU Optronics 2006年第一周产的（据传这批货有质量不行） 2.屏幕不定时随机闪点,0
11849,17点下单，第二天9点多就收到货，发货速度赞一个。 特别喜欢小红帽，整个机器也比较大气。散热优良。 完美屏。 钢琴烤漆让你出差不用带镜子。,2
11850,#给婆婆送礼送什么？# 婆婆80多岁了，眼不花，耳不聋，身体越来越硬朗平时不爱穿什么名贵服装，只喜欢我给她买的蒙牛真果粒和金味麦片@蒙牛乳业@金味麦麦,2
11851,职场如战场在这部小说里被阐述的淋漓尽致，拉拉工作勤奋如老黄牛，但性格却更似倔牛；王伟虽正直但有些过分天真；何好德思维敏锐、眼光独到却高深莫测；李斯特崇尚中庸，不喜做决定，却不失为一个温和而颇具慧眼识材的上司；柯必得天生的管家，却过于苛刻；岱西虽过分偏执但且不择手段却不得不佩服她的勇气的执着；TONY林在生意经上不似五伟有经验，却八面玲珑，关键能牢牢掌控自己的下属；约翰常虽做为颇为阴险，处处与王伟做对，但也是聪慧之人；李文龙表面温和却城府深、心机重，但却不影响他在DB的人际关系，因为他知道何为重何为轻，关键时刻也愿帮该帮的人一把；黄宏技术过硬，却人际关系始终无法处理妥当，且居小心眼；玫瑰经验老道但却有失光明。还有帕米拉、周亮、杰森、海伦、王蔷、罗杰、齐浩天等等，这些人个个性格鲜明，都有自己的独到之处。观完本书引人深思，故事鲜活具实用价值，无论是职场新人或才老将都能受益匪浅。,1
11852,《城南旧事》是我上大学时读到的第一本文学书籍，当时没有留意这原来是名家手笔，只是被那老照片似的场景与回味中略带感伤的流畅文字深深吸引，现在再次找到她，珍藏她，是对大学生活的留念，对逝去岁月的回味。最喜欢英子父亲的一句话：“无论什么困难的事，只要硬着头皮去做，就闯过去了。”我也是在徘徊与坚定之间“闯”过去很多事，我很幸运，读过这样的文字。,2
11853,该有的东西都有了，这个价位有这么好的配置，就快要赶上很多三线品牌的性价比了。华硕的东西质量还是有保证的。很适合学生。,2
11854,轻薄，整体感觉特别流畅，感觉很适合男生用，有棱有角，显得很硬朗，诸多的特色设计，看到就让人爱不释手，特别是这个价位对应这个配置，很具性价比。,2
11855,这个机子的做式实在一般，塑料感太强，拆后盖时那档板很薄。 内存也不是网上说的DDR2 667是800的，但我买了667的内存，不知道还能不能双通道,1
11856,"在当当上买了这么多次，这本书拿到手以后却质量很差,像是盗版书,很不满意",0
11857, 无良商家！抵制蒙牛 @应龙腾四海,0
11858,看过《活着》一书，在催人泪下之余，深感生命的脆弱和世事无常。主人公福贵虽历经磨难，但是他从不向命运低头，也从不抱怨生活，以顽强的姿态继续生活，这种精神值得我们每个人来学习。正如书中所言：“人是为了活着本身而活着，而不是为了活着之外的任何事物所活着。”所以，不管遇到多大的灾难、多少的痛苦，我们都应该选择勇敢、坚毅、顽强的活着！因为活着真好！,1
11859,小巧实用,2
11860,今天在某手机店经过一阵讨价还价以后以1100的价格成交。我以前是诺基亚S40系列的机器的忠实用户。从2003年的3100，到2005年的6020，一直到现在的6070，我一直十分欣赏诺基亚S40系统的人性化设计。6070安装的系统是V3.2系统，我猜可能是第三代的S40系统（缺少相关文献）。同3100和6020相比，6070有了以下的改进：1）屏幕从3100和6020的128*128屏幕，扩充到128*160屏幕。用小字体，1个屏幕可以输入160个字。2）增加了FM收音机功能。但是，收听的时候，需要用外置的专用耳机来接受信号，而且不是双通道的耳机。3）支持MP3铃声。通过数据线和PC同步软件，我把分割的700K的MP3音乐作为铃声，效果一般，人的声音不是十分清晰。4）机器的充电器是100-240V的，对于经常去国外出差的我，比较有用，但是充电器的接口越来越小了，原来的充电器不能再用了。5）闹钟功能有了改进，可以在一周内设定日期，进行重复闹钟。6）十字键的中间键成为了选择按键，比6020的遥杆用起来更加顺手。另外，6070的电池仍然用的是BL-5B的电池（820毫安），应该可以用上2-3天。另外，6070还是支持900/1800/1900三频，对于出国出差的人士比较有用。,1
11861,确认晚了，前天刚刚装上，还不错吧！,2
11862,看了，但不太实用，因为有许多穴位找不准,1
11863,恐龙，仅管没几个长得好看的，但是很多孩子就是爱看。恐龙大陆是一套，但是不能确定三岁半的孩子是不是喜欢，就先买了一本。结果，小孩子是狂喜欢。可以一个晚上连续不断的就讲这一个故事。而且，宝宝每次都听得很认真。过了几天，小朋友就已经像模像样地基本能够整本书复述出来了。看她这么喜欢，我又买了一套。小朋友天天盼望呢。故事情节很简单，但是对于三岁半的宝宝来说，还是觉得很精彩了。很好看的绘本。,1
11864,键盘之间的间隙太大了，还不如节省点空间把机子做的更小巧点儿呢,0
11865,看到如此高的评分，以为很经典，很优秀，才选购了它，拿到书看了后非常之失望！（下面来说说具体让人失望的几大点吧！）（1）.先从排版上来讲，非常稀疏，每行文字都隔好远耶~难道是作者担心我们眼睛不太好使么？！而且大篇大篇的留白，难道是作者留给我们做笔记的么？？！！所以难免给人充数的感觉！整本书共211页，其实按照常规排版，现在的页数除以2足以！（2）.每个小知识点的标题下都放置了个“中心细想”，而且占地还很不小呢，呵呵...  我就纳闷儿了，相同的内容干嘛写2遍啊？？刚开始我还以为是出版社排版排重复了，后来才发现原来每一页都是如此，看来是作者故意放在这里的，难道是担心我们读者脑袋不太好使，记不住内容，所以相同内容写2遍帮我们加深记忆？？！！呵呵呵。。。充数也充得太过了点吧！（3）对于内容上来讲，纯粹只是本业余爱好者平时的美容心得而已，不太专业和科学，很多内容都是网上随处都找得到的小偏方，科学性有待考证。至于作者的品味方面嘛，呵呵，确实不敢恭维，还有作者的那么点封建迷信思想，我也确实不敢苟同。总体评论：此书只是本不太专业的个人网络日志而已，作为日志供大家参考还可以，出成书籍教授读者就太不专业了，而且排版稀疏，留白多，内容杂乱。建议想购买此书的朋友们，还是先上实体书城去看看实物再来决定要不要购买吧！,0
11866,最初因为书名所吸引，“曾有一个人，爱我如生命”这是怎样的一种爱，这样的爱是太过沉重，还是刻骨铭心？带着这种疑问，用了大半天的时间看完，心里有种说不上来的难受，相爱的两个人竟然连最后一面都没有见到，就阴阳两隔，这份遗憾。。。。。。很喜欢书封面上的话“如果当初我勇敢，结局是不是不一样，如果当时你坚持，回忆会不会不这样”,2
11867,那是什么破酒店，你们携程也对外推荐啊，那里面那个破。服务极差，我入驻708，房间门是用纸胡的，洗脸盆下水坏了了。问服务员，酒店是10年前装修的，而携程介绍是2006年装修的。早餐质量极差，服务员的服务态度也很差，想要个汤勺都没有。吃到后面连盘子都没有。其实我感觉最差的是携程的服务，向一个钻石贵宾推荐了一个未经核实的虚假信息，然后启客户不顾，让客户自行在一个陌生的城市去寻找住处，到2008年1月1日仍没有对投诉进行反馈，不过我可以理解，因为携程处理该事务的人员放假了。至于客户有什么样的意见，哈哈，开假后再说。再见了携程。宾馆反馈 2008年1月2日 ： 感谢您对我酒店提出宝贵意见，对于您在我们酒店入住期间所经历的不满意，我们深表歉意， 我们酒店是98年开始营业的，经营至今曾分期逐层进行装修过，而且以供客人多种房型选择而著称，像适合商务客人的特色标准间（以大床居多，06年新装），适合夫妻带孩子出行的家庭房，还有普通的大床等。关于餐饮方面，确属我们管理疏忽，不过时至春节，招工甚难，还望能多加理解，不过这不是理由，我们一定要加强培训，提高员工顾客意识，做为对你的致歉，我们将减免您的当日房费，并附赠您一份礼物以表歉意，期盼您再次光临指导！,0
11868,好,2
11869,"在那里住了2晚,觉得还是很不错的.首先办理入住手续时接待小姐的态度非常好,特别有礼貌和耐心,让人觉得很窝心,不像大陆的服务员爱理不理的.另外房间虽小了点但非常干净,在香港这个地方,对于三星级的酒店来说已经很不错了.酒店的地理位置很好,就在油麻地地铁站出口处,交通很方便,而且离女人街和通菜街都非常近,穿过对面小学旁边的小路就可到了.",1
11870,"我住的是豪华房,酒店环境很不错,服务满好,饭菜也过得去,按此级别的酒店早餐算满好了,位置也还方便,唯一的不便就是上网按30元收费,觉得很不便,下次再去如果只是路过一天还是住这里,如果住几天就肯定换酒店了,查询旅游信息和上网联络很不划算",2
11871,酒店位置就在火车站对面，车流密集，环境也很嘈杂，不适合女士前往。入住时，要注明住贵宾楼的，房间装修稍微好点。另外，服务人员的效率比较慢，不能太心急。,0
11872,1、分区不合理，惠普的品牌机的通病。2、发热量确实很大，又买了块散热器。,0
11873,呵呵，好吧，蒙牛的客服做到微博了，也算是一种进步。,2
11874,非常不喜欢VISTA的系统，烦人。我自己重装系统，发现驱动程序竟然都是VISTA的，害我又一键恢复到VISTA。,0
11875,实话实说这是我在当当买的最差的一本书，我以为讲理论的，没想到作者没完没了的讲自己跟几个人的一点恩怨，感觉就像鲁迅笔下的祥林嫂一样，啰嗦得让人厌烦，作者还说自己是大老板，我看要打个大大的疑问号，大老板需要这样炒作这本书？需要费尽心思弄这几个稿费？！,0
11876,青春是华年，是敏捷的双膝，玫瑰般的脸庞，青春是一股无穷的创造力，是生命深处涌动的一股清泉，正如书的名字《未央歌》一样，青春是一曲唱不完的赞歌，读者这散文诗般的赞歌，我的心陶醉了，熔化了，仿佛回到了那个让人向往的时代，那是一个战火冲天的年代，却也是一个闪光的时代，也曾年轻过的心跟着他们同喜同悲，从他们身上我看到了真、善，美，感受到了希望，他们像镜子一样映照出我身上的缺点。,2
11877,很不错，售后很快就来上门安装了！,2
11878,"宝宝一岁七个月,不是太喜欢,也许是因为色彩不够鲜艳.而且对他而言,可能太简单了.",0
11879,第一次入住宁丰宾馆，地处市中心，购物很方便。房间装修时尚、温馨，用品干净舒适，而且有鲜花和水果赠送，有家的感觉，服务热情周到。唯一不足的是门口修路，不过听说五一就可以修好。住后感言：同样的服务，他们更惊喜；同样的微笑，他们更真诚！,2
11880,气场，好喜欢他笑，好看，呆呆的善良，肯定什么都很棒，第一次是在蒙牛音乐榜上见到的凡凡,2
11881,1.查看短信方便，可以一个一个往下看，不用看完了一个要退出来看下一个。2.通话键按下去可以看到未接来电，打出电话，打进电话，很方便。3.字体很大，适合我爸看，这一点不错。4.铃声很大，来电不会漏接。还有真人真唱。5.来短信时还有振动提示，也不怕漏掉短信，呵呵。6.屏幕上的中国移动在右下角，不在中间，这个设计不错，可以看到图片。7.电池的待机不错，我爸每天电话30分左右，没有信息。晚上10点左右关，早上7点左右开，可以用5天以上。,2
11882,房间奇型怪状，环境一般，厕所超大，床超小，价格较高，送餐居然还要收服务费，要不是如家客满，我才不会去住。,0
11883,此酒店硬件设施非常差，比如：房间是KTV包房改的，被子很薄，早餐在简陋的包房里就餐（早餐太简单），服务员叼着烟往餐厅里送早餐，大堂只有一个男女公用的卫生间，里面还放着两辆自行车，等我到了酒店服务员还找不到我的订单等等。所有这些都是客观事实，并非我捏造。,0
11884,"同志们,买这款手机时一定要慎重,我元旦在公主坟中复电讯刚买一部,昨日系统就出故障了.另外该手机闹钟闹铃时你不关闭,它一直持续响铃.由于使用时间短,其他缺点还没发现.",0
11885,此书一般．没有什么意思．书名部分的内容很少一点．其他都是零散的其他内容．,0
11886,买电脑加元还送条1G的内存，不错，挺便宜的 带摄像头和蓝牙，非常实用,2
11887,"儿子现在两周九个月了,平时就有玩?下蛋游戏?,这回拿到的书,不仅看到?下蛋游戏?,还有?钓鱼游戏?等等,每天一看到我就抓我说,妈妈,我们一起到外面钓鱼去吧~要不,?妈妈,我下了个很大的蛋哦,我有个大屁股,哈哈,给你吃,我狂晕~?不过从内心上非常感动,儿子,自己懂得自娱自乐了,有时还会带领他的小伙伴们做游戏,当然,他就是老大,嘻!",0
11888,位置很好，在中山广场和卓展广场附近，有超市，但是酒店房间较小，设施老旧，有很大味道，早餐还好。,1
11889,蒙牛Yoyi C芦荟味的 很喜欢 我在#第6田园# http:t.cn/zllhf3B,2
11890,"呵呵,摄像,照相,还有词典~~等等.还可以当播放器用而且,容量还挺大的!声音也不错",2
11891,1.显示效果方面：屏幕色彩显示艳丽，色彩的过渡自然真实，色彩层次感表现的很好，就是在户外光线比较强烈的环境下屏幕也挺清晰细腻。2.特色方面：TTS功能的运用，当按下N940的侧键时，就可以享受到使用语音对短信息等文字项目进行人声阅读，其阅读效果也十分出色此点可谓方便之极。3.操作速度比较理想。,2
11892,手机坏了没地方去修理,0
11893,原以为是很简单、老套的故事，却没想到让我一读难忘，欲罢不能。现代的都市生活，每天忙忙碌碌，工作压力越来越大，却枯燥麻木。爱是什么？两个人真的能相守一生吗？很多时候迷茫，怀疑。看过这本书后，虽然明明知道是写出来的故事，但是很让我感动，主人公对爱的执着，真心的相守，让我的心占得满满的，生活可以平淡，只要和真爱的人携手一生，足矣！,1
11894, 回复 蒙牛客服对意见反馈及时，值得肯定。期待如你们所言，蒙牛成为中国最安全乳制品。,2
11895,1.缺乏对外传输手段，内存较小；2.外观设计不够时尚；3.手机反应较缓慢。,0
11896,经常入住的酒店，服务和设施都很理想，还会再去,2
11897,外观还算不错，发热没有想象的那么厉害，加内存条也还是比较方便的,2
11898,房间还可以，还有我去的时候大堂摆了一个楼盘的销售模型，感觉有点不适合。,2
11899,贵宾楼标间装修不错，能达到三星级标准。服务也很好，晚上很安静。就是在住了两晚后第三天结账的时候网络不通，不能用信用卡，当时很是郁闷，由于没有带太多现金，还去银行去取钱来交房费。宾馆反馈 2008年7月30日 ： 尊敬的客户：您好！感谢您对金城大酒店的支持!酒店的网络不通给您带来的不便，我们向您表示歉意！有关问题已向相关部门反映！欢迎您再次入住我酒店！,2
11900,标准间环境不怎么的，楼层低、有蚊子。商务间还可以，大床房1,2
11901,内置数码相机、双彩屏、菜单人性化、体积小巧。,2
11902,就算是在上海也是非常好的酒店哦，虽然价格高，不过个人感觉对得起这个价格，这次非常遗憾，来黄山什么都没有看到，下次肯定会再来，而且下次肯定也是住北海啦！！！！,2
11903,"除了有某点理念是蛮好的之外,其它的内容都很空洞,没有多大的意义.",0
11904,机身较长，看上去很漂亮；而且份量不重，拿在手里感觉很舒服。短信可以存200条；电话薄也有近200条；都够用了。通话质量和信号都可以。,2
11905, 完全无误，这是蒙牛啊！喝着这玩意儿幸福有什么意义？ 事实就是英文有误。。。只是蒙牛觉得丢脸，拒不承认，就好像自身的质量问题，发生了，但是不承认。蒙牛的公关部门存在的意义就在于否认问题的存在么？？还好国外人民不怎么知道这牌子，所以，这英文标语意义也不大。,1
11906,性能一般,0
11907,"我住的158的房,觉得还可以,房间正对酒店大门口的马路,隔音还可以,不吵.卫生间也不是太少,就是设计不太合理,洗澡的龙头力道太大,水打在身上都疼.综合来说还可以.",2
11908,小巧轻便，价格实惠，送的包挺漂亮，内存跟原状内存是同一颗粒，加上后速度很快,2
11909,手机基本没用，键盘空隙太大，最重要的是内存太太小了,0
11910,"电池耐用，看网页偶尔听下音乐能用3小时15分钟。显示效果好,很白很透亮。用两天我不敢去测显示屏。很怕是三星屏。以前本本就是三星垃圾屏。搞得我视力下降有伤健康，今天觉得是时候来评论了。只有去检测,刚才用EVEREST测试。居然是LG Philips LP140WH1-TLA1 但是有一个色点。在中下方，不是很明显。总觉得像美眉脸上有颗痣。但心中窃喜！我宁愿有一个个色点的LG屏，也不要三星伤眼屏",1
11911,当初怀着很激动的心情买下了这本厚厚的书，后来学完了才发现，其实笨书并没有想象中那么完美……不是很详细，有些地方还有错误……也许在所难免吧……不过，这个世界上没有绝对完美的事物存在。一旦你发现什么事情好像很完美了，其实它就哪哪都是漏洞。我买此书是为了自学。现在也觉得收获挺大。并不后悔当初的选择。对于学习者来说，真正的乐趣在于学习本身。仅此而已。,2
11912,会有那么一个人，也许他不是此刻站在你身边的那个人，但他一定是你心中那个角落唯一的拥有者；他可能不是你现在的另一半，但他一定是你曾经希望拥有此位置的人；他可能此生不会再出现在你的生命里，但他曾几何时已经成为你生命的一部分；也许你一直在努力地要忘记他，但属于他的一切却越来越清晰------他永远都不会消失，他只会随着数月的消逝离你越来越近，因为曾经他是你的最爱，而你是他的唯一。,1
11913,书本太小，不方便小孩翻阅。有些页面，字太多，而且字体很小。可能适合上学的小学生看吧！我不太喜欢。,0
11914,以前在书店看过，是和A4纸差不多大的，结果拿到，只有一半大，根本没有那种感觉。宝宝都不喜欢。,0
11915,这样的男人，温柔的过了头，找不到一丝男人的气概。只会说：这是好的。。。这也是好的。。。无法欣赏这样的文笔优美在何处。爱情也是奇怪，张爱玲爱上了这样的一个人，隐隐地，大概是一辈子的影子。,0
11916,我是通过网上别的妈妈的介绍，买了第一辑和第二辑共九本书。作为六一儿童节的礼物送给我的宝宝。当送货员把书送到我的手上时，我就先看了看。我觉得真的没有买错，它的内容和图画都非常精彩生动易懂，很适合我的小孩看。当我把书拿给我的小孩时，宝宝非常开心激动爱不释手迫不及侍的要我讲给他听。父母经常送礼物给小孩，但能送一个能让宝宝开心和受益的礼物。花点钱也很值得。,1
11917,RedFlag改XP费劲，尤其是声卡要装UUA，装完后启动声音有破音，后来莫名其妙好了，但是触摸屏失效，但是后来又好了，折腾2天了！郁闷，不过总体来说，听喜欢NE808PA！送老婆的！,1
11918,14寸宽屏确实感觉小了点，可视面积太小。漆面有1、2个突起的小疙瘩。风扇声音还算可以忍受。vista用起来不是很习惯，拿回来必须重装 C 盘分了200G,0
11919,房间很好，位置离地铁站很近。服务也很好。价钱公道。 大厅经理，副理 都很好。,2
11920,"读一本好的书可以看到作者的灵魂,而于丹的书里没有,泛泛而谈,不值得看,更不值得买.",0
11921,没货的话是否应该通知一下?起码也通过网络发一消息呀.,0
11922,地理位置不错！前台及门卫的服务也蛮到位。但是在房间安排方面觉得有点欠妥，我订了两间高级房，一样的价格，但不一样的房型，一件的漱洗间非常小，而且没有阳台，另一间的漱洗间却是这间的两倍，而且有阳台！另外，在中餐厅结帐时，竟然让我重复签了三次单，说与我在前台留的名字不一样？！真是让人很不爽。最后一件不爽的事，在携程网上订时，每房均送水果和小熊玩具，结果到了晚上也没人送，打电话一问，说是送给会员的！当然最终还是送了，但是如果是送给会员的，就不应该在携程上标出。所以这一条也不是太开心！,1
11923,人可以失败，但不可以被击败，外在的肉体可以接受折磨，但是内在的意志却是神圣不可侵犯的，这是《老人与海》一再强调的论点。真正的大师都是用最简单的语言来表达最深刻的道理，真正的好作品都是用生命的历练做题材，《老人与海》所刻画出来的正是海明威的一辈子最好的画像，正如海明威所说，?我一直读过２００多遍，每读一次，我就多一份收获，好像我最后得到了我这一生辛苦工作所欲得到的东西?。,1
11924,这本书我连续看了5遍。每一次都是看完结尾马上又从头看起。书的内容大概快背下来了，可是心情却还和第一次看时一样伤感，也有些感动。可能是世上的真爱越来越少了，才会越来越喜欢在书中获取安慰，也可能是麻痹。突然觉得皇如月其实有些可怜。尽管最后她得到了真爱，可是却经过了上千年的等待。这样的痛苦大概没有人会承受得住。时常会陷在自己的幻想中，如果我是她，我会怎么样？会怎么样呢？,2
11925,您好，什么时候才能在当当网上看见在建筑公司当会计，我把三本书都看完了。感觉还想立即买到下一本抱着看。您写的太好了，让人有兴趣学会计。心里想着怎么干好会计。好像自己就在当会计，对于准备进入这一行和在这行干出纳的朋友们来说，买一本看看真是好。,2
11926,外盒太软，一掉地上就变形，按键反应太慢，很不爽,0
11927,突然想起很多年前，那时候还在读小学来着，记得有次参加作文比赛，然后题目就是《父与子》里的组图。很经典的看图说话啊~那天看到这本书，就突然就想起这段陈年旧事了，童年比起现在的生活美好多了哈~~~有种很温馨的感觉，这大概就叫“亲情的力量”了吧……果然，越是平凡的，反而越打动人心呢，不是吗？,2
11928,很多人一直强调研究红楼，我其实真的有点搞不懂为什么一定要研究到底不可。就像刘心武说秦可卿是太子之女，我就觉得特别的搞怪，他把最根本的东西都弄错了。金陵十二钗，当然是祖籍金陵的女子，嫁到哪里倒是没所谓，要不探春就该叫番国的钗了，哈哈。既然是金陵人，如果真的是太子之女，那应该是皇城十二钗里的，而不是金陵的了，真是亏他说那么洋洋洒洒一大篇。,2
11929,sd插槽没有挡板，内存太小，其他的目前还没发现（刚4天），又降了100元买贵了,0
11930,包装完好，安装上后使用方便，随时有热水用，热水瓶退休了，有一点可以改进下，墙上放莲蓬头的卡座把莲蓬头固定高了，水打开放得远了点，美的售后服务不错，打电话就来了，先来看位置差些什么材料，材料收了150，热水器不错，方便了生活,2
11931,酒店的外、内部环境还是很不错的，服务生的服务意识也还可以，但里面吃的东东有些贵，另外携程确认定单时间有些拖延，打车到了宾馆后，被通知没有３２０元的房间了，只能住５２０的了，呜．．．对于自助旅行的偶来讲，有些奢侈．．．．．,1
11932,"装XP比较麻烦。DOS如果选择法文，键盘会有问题，输入不正确。测试的内存频率是DDR2 667，不是800,不知道是不是软件的原因",0
11933,书是挺好看的，可惜书里有几页是白纸，中间的情节还需要猜一下。,0
11934,不知道是不是假货?我正准备举报呢?,0
11935,Thinkpad散热当然不用说了，那就是个好字。性能也不错，Vista系统还是感觉不好用，打算换成XP。,2
11936,这本书的网络版给予自己的震动其实更大，因为很难想象一份禁忌的感情，能让一个读者如此自然而又真心的期待着，理解着并祝福着，但它做到了。订书的时候，我就想着，出于和谐，某些细节与“关系”的定位上肯定会有所变化，果然。但出于对该书的很喜欢，还是买了实体书。虽与网络版略有不同，但仍是一本好书，只是某种方面来说，其震憾度可能会有所减弱，却又比实体书又多了些什么。,1
11937,应该算是第一次接触心灵方面的书，也非常庆幸找到这样一本通俗的心灵书籍。通过小说形式来阐述个个观点，解释，的确有寓言故事的味道，不过越看到后面，越觉得跟以前学的物质决定意识这样的观点好像是相矛盾的，照作者的意思是意识决定物质的理念。但都说的很有道理，也学到了不少可以击退自己悲观情绪的方法，也许还没深入到进阶阶层，几时再拿出来翻读。书的纸张很好，很喜欢,1
11938,看完之后兴奋了很久...因为我也处于那种阶段...值得学习...很值...而他们的那些精神和想法还有那些经典的语句...让人深思...里面好几个地方我看着看者就哭了...钱小样...我太佩服她了...她能承受那么多...还是不屈不挠...愈挫愈勇(用了里面对小样的形容)还有那蚂蚁论...也让我思考了很久...才发现我其实也是一只小蚂蚁...建议广大正在实现梦想青春年少的朋友们购买...,2
11939,她是不可多得的成功的传媒人士为什么一定要写15字？对这本书来讲，没什么可写的哇？？,0
11940,这家酒店基本上是我的常住酒店，干净离我要办事（中环）的地方很近，如果是早上我通常走半山自动扶梯下去，大概20分钟。如果不想走路，他们也有专车接送，不过时间不一定能match自己的schedule。打车从中环上来，也就是20~25港币。省点钱的话，到怡和大厦坐12路车也可以到门口。服务员很sweet，特别是一个叫Angel的女孩，很耐心。只有一次我要求的是双标房，实在震撼，放下行李，基本上我一家三口就不能走动了。比我小时候的房间还小，于是我马上要求换房，当然upgrade是要加钱的。海景套房是不错的，位于半山，夜景一流。他们还有专车接送去赤柱，海洋公园和山顶缆车站。我们省了一笔路费和时间。他们还有自己的小餐厅，东西还挺好吃分量也足，午饭有任食的soup和甜品。下午茶就更便宜了。在中环的地头，这个价钱也只有这家了。我们从山顶下来后是走回家的，也就是半小时左右，经过兰桂芳。沿着自动扶梯，有很多小食店，吃东西还行，有几家开得很晚，半夜了有很多客人。还有一家叫莲香楼的很老很老字号。,2
11941,买这本书有两星期了，已经看完了这本书前面几章写的比较简单，都是些怎么购物以及常用的网站等等，基本我都知道！后面的内容我觉得还不错，对于想在淘宝上开店的同胞们，还是很不错的，不过也很基本，因为我学过PHOTOSHOP，所以看其来不是很费力，但是这本数后面的内容足以应付开店的基本需求了！可能写的比较多，也是为了后人成荫，希望大家别嫌我啰嗦哦！哈哈！,1
11942,看这本书的介绍本来是挺好的，于是就给孩子买了一套，本来希望孩子看过之后能够变得想像力及勇敢程度能够再增加些，可是给孩子讲了《我能打败怪兽》之后，孩子从勇敢变得胆小了，晚上也不敢自己在屋里了，必须得有爸爸或者妈妈陪着才敢在屋里，我把书从卧室拿到别的屋，骗他说扔了之后才不那么胆小了。,0
11943,昨天收到的，安装xp系统也很顺利，软件测试也很满意，物有所值，除了无线网卡和显卡的驱动是自己下载的，其他驱动盘上都有，网卡：NE771，随便google一搜索就有，显卡的下载地址是：http://www.drvsky.com/nvidia/NVIDIA_GeForce_9650M_GT.htm,2
11944,性价比较高，硬件设施比过去更加改善。满意！,2
11945,代替胖狗狗新一群的日记留言~日记购买2本书~也是很喜欢呢~嘻嘻`,2
11946,1.纯黑键盘，棕色外面板，银色边框，耐看，做工也不错！~ 2.奔双4200，速度快，显卡也还可以，能应付主流游戏，LED的屏幕相当不错，显示效果好，亮度高，16：9的新宽屏幕还有点不习惯，要几天适应！ 3.发货速度很快，我是24号下午付款的，收款确认后不到2个小时就发货完毕，效率高，这一点值得表扬！ 4，客服很耐心，银行转账速度太慢，我很着急，他耐心的给我解释！直到收款确认，谢谢那位同志。,2
11947,待机时间好，外形个人喜欢,2
11948,各方面都挺满意的，下次有需要还会来,2
11949,送的电脑，标签那里很旧的样子，可能是放的时间有点久了，不然不会这样的。其他还不错,0
11950,"质量太差,不到一年两块电板都不行了,一接电话就自动关机.当时还在保质期,那儿的工作人员也检查不出什么来,现在过了保质期,坏得更历害,只能当手表用了.而且按键也不灵了,外壳也掉漆.我的天,一年半都还有,我只好换手机了.",0
11951,拿到书才看到是适合3至5岁的孩子读的，自己先看了看，感觉对两岁半的孩子有点难度，但是回家给孩子看，她对那些图画还比较喜欢，给她讲《我要找星星》那本书，讲到小鸡找到的海星，被同伴嘲笑哭了的时候，没想到女儿竟然很伤心的哭了，原本以为她听不懂呢，看来还是不懂孩子的心呢，但这本书对于孩子来说还是有点深奥了，需要家长的多费心，多发掘里面有趣的东西，孩子才会喜欢。,1
11952,不到一年就坏了.,0
11953,蒙牛曝三聚腈胺，换成伊利; 伊利曝致癌，换回蒙牛; 蒙牛又篡改临近过期产品的生产日期，又换回伊利……看来得去香港给自己买奶粉了…,0
11954,虽说不太感兴趣这个，但看到如此干净、自动化的蒙牛车间，还是要感叹一下。民族乳制品产业需要你们的严格把关，创新强盛。,1
11955,"酒店房间很好,很温馨.且有几本书供客人看.但没有针线包,害的我跑到楼下要的.周边饭馆较少,房间内的上网速度慢.",1
11956,优点有：待机时间长、键盘手感不错、无线网卡是802.N速度快、有蓝牙、CPU是N280的，整体感觉不错。,2
11957,多喝点蒙牛，啥事都不怕了,2
11958,喜来登的总体还是不错的，比较这个酒店时间久了，比较老。早餐还是不错。不过，在东北这个还算可以的。,2
11959,真的不好..........................................................................................,0
11960,因为要开车回家，所以要买一本全国地图。网上比较，实地考察后，就锁定了这本，但就是在小本和大本之间犹豫。开车嘛，路途遥远并且奔波，小子的话一定看不清的，最后咬牙选择了大本的。果然大本看起来很舒服，虽然占了地方，但是效果很好，也值了~另外呢，这本地图虽然不是最新版本的，但是已经够用了，途径的高速点一个都不差耶，而且周边的路况相当的详细。自驾的朋友值得拥有！,1
11961,"我1月7日下的定单,昨天收到的货,却发现没有这本?31岁小美女的养顏经?.也没有说是缺货,不知怎么回事?",0
11962,"和平时生活联系很小,都是些广告语的错误指摘,平时用不上!",0
11963,"最令人不能忍受,小日本把外观屏幕做的那么漂亮,但听筒声音小,而且走音,太差劲了,我让服务员给我试了一下,还给她了,她还很理解我的样子.本末倒置,听都不清楚,能称之为电话吗",1
11964,我共买了7本，大多书的纸质很差，很轻，像盗版，希望管理员能标明纸的质量，如果下次再发现这个问题退货。。,0
11965,洒店总体规模较小。入住时，房内卫生没做！解释服务员少，来不及，我是晚七点入住的！入住后没注意，到晚十点多才发现没网络，与总台联系不能解决，态度不好，还要客人事先声明要有网络的房间！不给调房。与携程联系后给调了一间有网络的。房间较小，卫生间下水道装修有问题，有回味！补充点评 2007年12月14日 ： 网带特慢，一晚上打开不几个网页，网络形同虚设，办不了事。,0
11966,太常识性的东西了稍微有些英文基础的人都不会犯这些错误建议没什么英文基础的人拿去当笑话读读还可以,0
11967,满意，客服大帅服务很好，咨询很多都给我解答，不嫌我墨迹，赞，还有售后小哥服务也好，就是售后安装好贵，120，坑吖，早知道随便找个人安装了，,2
11968,所以不要买蒙牛,0
11969,酒店离海边很近，入住的4楼在房间可以看到海。但离火车站和长途汽车站太远了，交通不太方便。头天问过服务员早上6点左右退房是否需要预定的士，服务员说随时都有的士不用预定，结果第二天早上寒风中在酒店门口等了半天才打到车。,1
11970,"来苏州好多次了，基本上都住在这家酒店。给我的感觉非常好，房间很干净，设施也很全，各种用品也很不错。而且前台的知道我的喜好，每次都安排的很好。入住过几次后每次都会有一些小礼品赠送，虽然价值不高，但是感觉非常温馨，上网网速也很快，比我上次在南京住的锦江之星要好太多了。下次来苏州这家酒店是首先。说了好的，再说不好的。就是Ctrip的商务客人基本上都被安排在东楼，房间里感觉有点暗，光线不是太好。但是很安静，不象主楼一样临街上。很适合我这种喜欢安静的人。宾馆反馈 2008年8月8日 ： 非常感谢您对我们服务的肯定,您的支持就是我们前进的动力. 同时也非常感谢您对我们提出的意见,我们会对房间的灯光进行检查及维护. 期待您的再次光临.",1
11971,"这次在当当一共购了10本书,其中我的《父母是孩子最好的医生》与《老年人不生病的智慧》还有两本《求医不如求己》书本的切面切口不整齐,起毛的.书本里边很多字又印得不清晰!!本想着这些书挺有阅读价值的,就买正品来收藏,可是,没想到当当居然卖伪货,比淘宝的高伪品质量还更要差,而且价钱却是人家的两三倍.上次别的同事在淘宝买的也是《不生病的智慧》,也没有发生上以上说的质量问题!虽说是免邮,成本高了,可是也不能进伪质的货来卖,然后把利润增加的呀!真是让人生气!奉劝各位消费者在买之前要考虑清楚啊!",0
11972,外观部分；超薄机身设计美观。屏幕部分；ASV屏幕显示效果相当出众。待机时间部分：在飞行模式下试用其他功能的过程中，电池的表现较为不错，对于MP3的连续播放能够维持8个小时以上，待机方面可谓理想。,2
11973,希望有良心的企业能更好发展，像什么蒙牛伊利之流的败类快点彻底倒闭算了！最好永不得超生~,0
11974,"东西总体不错.是320g硬盘.带摄像头,罗技带工鼠标,HDMI接口 比较安静",2
11975,"我是法语初学者,学了78个课时的初级班.因为我是老年人,法语又难,我只有再从头自学巩固一遍,然后准备报中级班.我们学的教材是孙辉老师的.买本练习答案对自学和检查做习题的正确性是非常必要的.而且孙辉老师的教材在网上还有视频,对我们学习法语有很大的帮助.孙辉老师的教材编写得很好,我向学法语的朋友推荐.我想学好了上下册,再结合(走遍法国)的阅读和学习,会达到我们预期的愿望.这仅只是个人看法,",2
11976,这套教材，延续了新概念英语图文并茂的特点，为适应儿童的阅读特点，书中的插图都是彩色的，活泼、可爱（尽管插图画的很粗糙）。内容也选择了生活中常用的场景对话，很实用，很亲切。最让我觉得满意的是，书里配备了mp3 和dvd光盘，适合现代媒体的潮流，不象有的教材至今仍然只配备录音磁带（到哪里去找录音机啊？）。假期就要来了，我打算带儿子一起来好好学学呢！,2
11977,补充：我知道怎么放碟了。让它自动播放，最多只能放存在里面的最后一个视频文件。直接去“我的电脑”里，打开光盘里放视频所在的文件夹“MPEGAV”，然后就能看见所有的视频文件，并且播放了。我的第二张碟在一个电脑里能用，在另一个电脑里怎么也不能用。好在，视频文件可以直接拷到电脑上看。,2
11978,许是我对儿子讲故事讲的太多，养成了他自己不太爱阅读的习惯，所以，近来我在慢慢培养他自己看书不依赖大人的习惯；每晚临睡前由过去总是我将给他听，变成了现在互相讲一个，而这一个，儿子总是选择这一本书 《故事百宝箱》。故事内容简单（却是经典），生僻字少（字不算少），又有很多很大图画（绘本，不繁乱），对于才学阅读的孩子来讲，还有什么更好的选择呢？儿子的喜欢就是家长的喜欢。,2
11979,"於10/26 入住 3 天豪华大床房间的空间比较少， 配合建筑格式而放低的床铺，房間內沒有椅子,要操作筆電,坐在地上,會腰酸背痛,不過網速很快 ！早上要求換房間,服務生說客滿,無法換...晚上換一個服務生告訴他,早上服務生答應过,竟然有 3 間房可以換 !?!由於坐晚上的飛機, 要求延至下午 2:00 退房, 服務生馬上回答不可以, 因為客滿 ? (10/30)這是我住过上百家酒店, 第一次被拒絕 ..基本上服務生太差勁, 完全不為客人想 !!位置离西街很近，逛街购物找食物吃.方便！",0
11980,"本人正是受当当网各位评论的误导,以为这是本不买不看就会留有遗憾的好书,发现后便赶紧买下。看过若干页后,真是大呼上当.这哪里象是一本讲述历史的书籍，通篇调侃的风格以及所使用的网络语言、大白话，甚至许多句子多含语病，真是误人不浅。",0
11981,有点儿重，，屏幕有些偏色，没有光驱自装XP有点儿难度，主要是用USB外置光驱启动不行，发现是需要按一个F键才行，现在也不知道是哪个。指纹讨厌，建议出磨砂的。键盘需要适应，比我IBMT30的手感差远了。,0
11982,"这套书收到时没有折开看就付了钱,后来折开一看这套书不成套,一本少了一本多了,于是及进办理了退货,由于不能办理换货,我又订了新的书,可是星期一新书都到了,今天都星期四了退书却还没到,退书和订书可是同一天处理的,实在不能理解!",0
11983,东西很好，很安全，服务也很好,2
11984,首先这个书感觉从印刷和排版上都让我不怎么喜欢，内容的语言也有些浮夸，总之不怎么好,0
11985,买家的服务超棒，产品也不错,2
11986,没有想象的好，至少我儿子不太喜欢,0
11987,酒店是比较老的四星，设施都比较陈旧，房间也很小，健康秤还是坏的，总体感觉一般，但价格还是按照新四星来的，所以感觉不是很值。,1
11988,"不是键盘左边热,是整机左边都有点热,usb口少了点,设计也不是很合理,usb口都在左边,相信大多数人都是右手用鼠标,鼠标线还要转一圈到右边",0
11989,房间还算干净，但房间内空气不好，有股空调里散发出的霉味；设施极其一般，淋浴龙头拧了半天也不知道倒底哪个是冷水，哪个是热水，到最后差点都关不掉了，估计冷热水龙头大概是装反掉了的；餐厅服务很一般，早餐质量极其一般，餐厅像大单位里的食堂。,1
11990,蒙牛家換包裝了，挺好看，還是那個味，一盒牛奶就給自己打發了~,2
11991,于丹每天讲如何如何学习孔子、庄子，如何有心得（中学作文：读后感）。很多东西非常牵强，让人不可理解。于丹开口闭口讲不为功不为利，可为什么招摇过市，搞了那么多炒作活动！说到底，为了什么呢---名利。天下熙熙，皆为利来；天下攘攘，皆为利往。于丹真是活学活用的楷模！,0
11992,428的房间连窗户都没有，房间隔音效果太差，晚上老听见隔壁的说话声和隔壁洗手间的冲水声。下次不会再住了.,0
11993,每个小鸡的动作和神态都不一样，很可爱，喜欢画画的儿子非常喜欢书的插图。文字很幽默，我们一家三口同看，笑得合不拢嘴,0
11994,因为喜欢张爱玲，并且拥有两套张爱玲的全集，新出的书怎么能不买？？而且当当还这么实惠，爱到这里好像给这本书和当当做广告。不过你要不熟悉张爱玲或者不喜欢他的文字。我劝你还是不要买了，因为这本书沿袭张的风范，有点晦涩难懂，需要你用心自仔细阅读。不喜欢张的人一定读不下去。值得表扬的是出版商的封面设计的真不错，我个人非常喜欢。装帧也很考究。总之觉得超值~！,2
11995,预装vista运行有些慢，预装的软件太多，用段时间不行还是改XP。散热一般。,0
11996,此书家喻户晓。我要慢慢研读。呵呵。一个字：棒！,0
11997,科普儿童立体手工—《恐龙家族》一书，很适合小朋友在课余时间作为挑战自己细心和耐性的好助手！小朋友可以在裁剪的过程中，锻炼到脑的操控能力，在粘贴的过程，训练自己的坚持性，当恐龙立体展现时，除了知道了有关它们的知识和名字外，最主要是收获了一份自信和成就感！自信是小朋友迈开成功的第一步！是自我肯定的内动力！,2
11998,屏幕上一点点小瑕疵，可以忽略； 包 杀毒软件都没有，也许是特价的缘故,0
11999,酒店介绍和实际不符，达不到3星级标准，房间不紧张，还要求信用卡担保。到达现场后，客人不满意，最后选择宁可酒店扣除了房费，也选择了喀什的其他的酒店，那就是携程也未推荐的中西亚国际大酒店，价格和其相仿，但是其为四星标准。而且，携程与酒店的沟通做得不好，明明是酒店的介绍与实际有较大的偏差，而且价格比起当地旅行社的价格要高出30%，可是酒店方面还是扣除了我们订房的全部房费，我同样要考虑是否还继续使用携程作为我的选择。,1
12000,本人才疏学浅，实在是没有耐心看完全书！张爱玲是才女，可惜我不是，决定以后不买她的书了，因为对我来说太深奥！,0
12001,“主管会计必读”这本书独具匠心，一改革以往这类版本书的编排风格，从内容上编排上更加贴近实际工作。是一本难得一见的好书。是我们会计人员身边不可缺少的工具书，也是我们会计人员的良师益友。作为会计人员手边有一本这样的书，就等于免费请了一位好老师。对提升工作效率增强自身竞争力有百利无一害。一个好的“主管会计”可以增强企业的竞争能力（人才的竞争），化风险为效益。和乐而不为呢？,2
12002,觉得相当没意思的一本书。不伦不类的。看的时候很纠结，看完以后一点儿印象也没有。语言无趣，人物更无趣。很后悔买了它。,0
12003,房间比较干净舒适！松江商务型酒店比较少！这家酒店还可以！,2
12004,《四季时钟》真不错，插画非常精美，语言清新流畅，口吻活泼有趣。翻译质量很棒，用词精确生动。作为科普书籍，用词的简练和准确非常重要。小孩一拿到就非常专注地看起来了。我也跟着看了半天不舍得放～～～我最近发现那些童书好像买回来自己都一样爱看。所以，我现在真是不太关注所谓的年龄分段了。只要绘图是我喜欢的风格，故事是够让人愉悦的诉说方式，不管语言深浅，照单全收,2
12005,办入住的时候，说没有收到携程的预定，但还是给了携程的价格。问了早餐的事情才给了餐卷，早餐很差，房间非常不干净，床上有西瓜子，床头柜后面还有吃剩的果冻的空盒。最可气的是退房的时候，结账之后没有把信用卡还给我，晚上吃饭结账的时候才发现。,1
12006,五一到广州总部自提了，机子很不错，尤其喜欢键盘和音响。速度还好，屏幕挺舒服的，有一个亮点，不过还好。开机挺久了，基本没发热，风扇声音很小。确定是GM45的芯片组。自提服务员态度不错，挺耐心的。,2
12007,我在宝宝两个多月时看到这本书，几乎一口气看完。当时我的奶不是很多，宝宝总要吃，家里人都说我奶不够，于是加了不少奶粉。看了这本书我才知道奶是越吸越多，于是下定决心减奶粉，用了不到一个月，把一天四顿奶粉都减了，成为纯母乳喂养！而且以前我准备就喂四个月的，看了小巫的书我准备至少喂到一岁，现在宝宝七个月了，我还坚持带宝宝睡觉，坚持母乳喂养！真要感谢小巫！这次买书是准备送几个怀孕的朋友！,2
12008,书非常好，是广州库房特别慢，一个件配货配6天。,0
12009,只有口号，没有深度。杂乱无章，正是浪费我们的时间。不过可能针对的读者对象不一样。建议看国学，还是要看南怀瑾的。深度、广度、融会贯通、严谨谦逊的态度，在现在这些所谓做学问的人当中，已经很难找到像南怀瑾这样的人了。,0
12010,"本来是买来学习教育孩子的,结果看完后总是不自觉的拿来比对身边的成人.因为文中的理论被现实应证了,感到中国的教育真的需要改进.当然是在现有的好的基础上吸收更多新鲜的元素.文章中的案例能帮助我正确理解这蒙式的教育理念,希望我能正确的运用,并坚持不懈的执行.但愿我的孩子的未来比我们的更光明.如果作者能写些爷爷奶奶级能接受的书就更好了,这样孩子的生活会更统一更完整.谢谢作者!!",1
12011,改装xp系统后，蓝牙使用有些问题。不过我接了个外接设备来用。基本不影响使用,0
12012,1.收到彩信后经常会打不开，死机，一直会读不了；2.防火墙2星期后就不能用了，只能通过电话簿确认“陌生人”。3.没有数据线，商家说厂家不提供——就算你想买也没有？！4.其它手机上用的GIF图，下载后也打不开。,0
12013,"键盘稍微的不是太人性化,货到手时感觉logo有划痕,本来还打算换呢,后来发现把表面的贴膜去掉是完好的,没划痕 ,稍稍有点重 2.4KG,如果上下班开车或者偶尔背着上下班的就无所谓了,自我感觉能接受.",0
12014,从书中可以了解到一些关于古希腊的神话故事，觉得相当有趣。对于成人来说，是可以消磨时光，增广见闻的好书。但如果要选来当儿童读物的话，可读性不强。书上说是插图本，但是插图也就两三幅，而且插图在书中的作用性不强。（可以说是摆着看而已，无法帮助理解文章。）所以，我觉得，这本书比较适合中学部的学生来读吧！小学部的话，我觉得还是选择一些图文结合得较好的书比较合适。,1
12015,十分想不明白，为什么显卡是DDR2显存。 还有，屏幕的边有点太宽了。 再有，就是太重了。。。。 要是流苏版有相同的配置，还是建议考虑一下流苏版的。应该比这款轻不少。,0
12016,我只想说，这本书是一个无耻之人的无耻自白。胡兰成这种人那时候有，现在也有。 贪婪混浊，自私无耻，还倍拿自个儿当根葱。,0
12017,"1.外屏易沾染指纹和污渍； 2.铃声音量不够大； 3.只有1.5M动态内存,存储量实在太小； 4.响应速度偏慢； 5.不支持红外与蓝牙； ",0
12018,4399元的时候抢购的。配置高价格低。很划算。机身整体外观比较稳重，做工还是很结实的。配置也算比较高。能够应付现在主要的一些应用。而且毕竟是thinkpad。散热之类的做的还行。键盘手感也还行。比起T系列来是厚重了一些，不过价格摆在那。。。,2
12019,"房间隔音实在太差了，我住的是最贵的了，隔壁有人上网，他们的QQ好友上线的提示音都被我听得一清二楚，搞到半夜三天钟才睡着，刚睡三四个小时，就听到外面服务员拿着扩音器大喊某某房间的住客起床，就好像部队里早上叫军人起来做早操一样，居然用扩音器大喊，操操操，这种怪事都有！难道不会打电话到他们房间叫他们起床啊？为什么叫一个人就得用扩音器大喊，弄得整栋楼都无法入睡！！！我第一次入住如家快捷就遇到这种情况，以后免费我都不会入住如家快捷了！！！宾馆反馈 2008年7月31日 ： 首先感谢阁下能选择我们酒店!对于阁下所反映问题,酒店十分重视,首先酒店没有扩音器等设备,而且,按照我们的叫醒操作程序,首先需要两遍电话叫醒,如无人接电话,我们才会派服务员进房叫醒.所以我们也十分震惊会有阁下所说的情况发生. 但无论何种原因,对于阁下在住店期间的不愉快经历,我们深表歉意!同时,我们会进一步加强楼层的管理,确保客人在住店期间能真正感受到一份温馨和安宁!",1
12020,这是一套很漂亮的书。我女儿两岁半的时候看，觉得很好玩。还学其中的一些事情来做。譬如，自己洗手，一个人睡觉，自己穿衣物鞋袜……整套书都非常温馨、温情，非常适合亲子阅读，可以增进孩子与父母间的交流，让孩子和父母更加相互信任与理解。但是，如果你的孩子已经三岁以上且比较早慧的话，建议不要购买。因为我女儿现在两岁九个月了，上了三个月幼儿再来看，觉得有点幼稚了。,1
12021,屏幕不错，只找到一个坏点。用新萝卜家园的XP盘装的系统。用起来不错。屏幕还够大，键盘也行。配了一根2G的内存加上原来的有3G了。速度还行。没有卡的感觉。,2
12022,标题有吸引力，内容浅薄无聊，对学英语帮助不打。,0
12023,"本来想换XP,又舍不得正版，加了根三星DDR3 1G的条子，运行VISTA快多了，修改系统文件，侧边栏功能也齐全了，用起来不错。上网文字处理这些就不说了，集成的声卡质量比以前用的R61有所下降，音量倒是够，显卡略微有些不足，但低配能达到这个效果还是满足了。散热我相当满意，也很安静。",1
12024,"刚去的时候有点难找,不过服务真是很不错哦~~而且金碧辉煌的~~!房间虽然不大不过我一个人住肯定够,很舒适而且窗外是海景和轮船呢~~嘿嘿..酒店就在海鲜街上,走不远还有皇后大道~交通呢..其实在香港交通都会很方便拉~酒店门口就有有轨电车~可以到地铁站也可以直接到中环旺角什么的..出门不远有个锅贴大王东西又好吃又便宜~~推荐！下次有机会还会考虑住这儿.!补充点评 2008年7月24日 ： 有空调!可以自己调温度！",2
12025,虽然买书之前，已经想到了会很丑，没想到收到书后，大卫的形象还是狠狠地冲击了我的接受能力，实在是太丑了点，而且，图像很像涂鸦，如果不是买书之前看了文字说明，好多图像都理解不了是什么意思。我是不喜欢的，不知道两岁半的儿子能接受不。小家伙很有自己的审美观点，三字经背起来一套套的，晚上看看他的意见，他喜欢才是最重要的。如果他喜欢，明天一定上来重新发表评论。,0
12026,"因为急切所以在网上多处搜索了最后的终结篇结局,其实结局已经了然,不过因为读他的过程比较特别,所以,当读第一本时就决定了,四本自己必须都要拥有,而且这套的确很值,我的同事们几乎每人都是轮流读了一遍,最后这本到手时,我都没能读完就借同事读了.看了中间的一部分,还是以往的那种感动,字里行间的细细的情感,虽然不是前几部那样轰烈,可是,依然我爱.也想亲眼读完这个美丽而悲伤的故事的结局.所以.",2
12027,：屏幕色彩有点淡 不鲜艳 是否能调 会的朋友 麻烦告诉我一声 杜比音响一般 一点低音没有 有低音炮就好了,0
12028,马尔哈巴的奶茶用蒙牛纯牛奶，保证奶茶的品质,2
12029,酒店分新楼和旧楼，我订的标准间在旧楼上，不得不说的是房间的设施实在太旧了，地毯已经看不出颜色了，因为住的时间短，所以就没有再换，还好床上用品比较干净。还有前台有一个服务员似乎不会笑，仿佛你来住店给她添了巨大的麻烦一样，我住了2天，每次经过前台都不自觉地看看她，从未见她笑过。真晕！,0
12030,像素还不错！,2
12031,这类书的通病，字数不多，页数不少，卖钱呗！书里并没有什么新鲜的理论，例子也显得苍白。可能我已经过了看浅显易懂的励志书的年龄了吧，翻了翻就想送人了，没兴趣留在自己的书柜里。,0
12032,1、样子沉稳老练，无论屏幕还是按键看上去都很大气，但不笨重；2、功能上没有冗余，该要的功能都有了，如摄像、录音等，摒弃了MP3、收音机等功能（要知道这两个功能很不适用，即费电，容量又小）；3、体积虽然变化不大，但容量不小，比如容量电话本容量达到1000之多，用起来很爽；4、我最欣赏西门子的T9中文输入法，其联想功能相当强，中文输入又方便又省时，西门子所用的T9词语联想功能是其他几个品牌不可比拟的。,1
12033,最物有所值的就是海景房的无敌海景了！房间一面墙的玻璃窗，维多利亚湾的美景一网打尽、一览无余。酒店服务也不错，很热情、贴心，没感到以前听说的对内宾的歧视。我们是上午11时到店的，按规定下午14时后才能入住，原本打算先寄存行李下午再入住，但前台的工作人员主动为我们提前安排了房间并一直陪同我们到客房安顿。要说不足的话，就是餐厅和客户服务员的普通话水平应该进一步提高，以免内宾不得不用英语来表达。另外中宾房的开关等建议增加中文标识。,1
12034,电源居然是两相的，看着没有安全感，键盘设计很老式，不好看，装XP系统不能用ghost的，还要自己下驱动。,0
12035,蒙牛的香蕉奶超好喝的，浓浓的奶味儿香香又滑滑,2
12036,1、出现重复自动开关机2、没有数据线3、主屏并非资料所说的6.5万TFT4、拔出电话（对方已接通）的通话时间始终为00：00：005、回复短信时需将原短信内容删除才行6、相机颜色偏红7、下载的GIF动画设置成背景后是静止的8、太阳光下看不清显示内容9、通话时声音较小10、不能通过号码组中的名单拔号11、无GPRS 计数器12、录音不能设为来电铃声13、相机效果差14、内存小只有2.5M左右15、主屏不显示星期几，要在日历中才能看见16、各号码组的来电铃声设置为我的铃声中的不同铃声时，再返回就变成各号码组使用的都是我的铃声中的同一首。,0
12037,其实这算不上一本成功的绘本~真正好的绘本应该是以图画为主，就算去掉了文字，图画也还能讲故事~可是这一本不，不是因为它的图画不够美，而是因为它的文字实在是太动人了，已经超过了画面的美~就算是不看图画，只念着文字，就已经心满意足了。这个故事，就已经完美无缺了。所以，即使从严格的绘本要求来评价它，并不算成功，但是这又有什么关系呢？有这个故事已经够了。这个故事，是直击心脏的故事。,1
12038,原装正货，提货时，封贴什么都还没开的。因为第一次在京东购物，上门提货，看到货后，总算不担心品质问题。绝对是正品行货。这次交易，特搞笑，25号晚上下单，26号上午再上来看下，既然发现有新促销返现100元，还好我是上门提货的，马上取消25号的单，重新又下了个单，省了100元。嘿嘿。,2
12039,"这个口感不错，为啥子你总能发现好喝滴哇，我已经追随你喜欢好多饮料啦，脉动，红牛，蒙牛优益C,旺仔牛奶，还有我们都喜欢的最原始的津威@小苗苗Yimo",2
12040,性价比。。。非常的高，这个价位，的确可以说是美国的神舟。。 系统的确难装，相对于不太懂的人，不过基本上最近出的系统碟都可以直接装。,2
12041,货收到挺快，师傅给安装完了，，挺好的，客服服务也很好，第二天就给上家安装了，，热水器当天晚上就用了挺好的，，我就花了二十块钱，，水管什么的都是用原先的，下次还要来光顾，，就是赠品到的太慢了还没收到。,2
12042,"AMD平台,性能还是不错的,但是风扇确实很响,假如玩游戏的话,风扇一定会一直响着,可能是风扇的品质也一般,比我的东芝M301的风扇要响不少,发热量还好吧,出风口在后面,不过感觉热风会吹到屏幕的下方部位",1
12043,是一本我和女儿共享的小书，内容是原版的精缩，但是完整且有趣，女儿还小，如果只是读文字她还不明白其中的含义，并且容易开小差呢。所以，这本书的优点在于有大量的插图，可以利用插图给宝宝讲述，效果不错呢，只是用了1元多钱就可以享受美妙的故事和亲子的时刻，是不是物超所值呢？我和女儿都是拇指姑娘的忠实书迷，2这套的其他图书也统统买下，闲了细读，其乐融融。,1
12044,房间挺小，不过香港的酒店几乎都是如此。前台服务很好，酒店地点也很好。周围是居民区，很安静。,2
12045,1. 令我最大的遗憾是 ，热水竟然不热。还好是夏天没感冒。2. 电视上面一个机顶盒子是坏的 我也懒得修了3. 四星级酒店竟然没有西式早餐。完全都是猪油的菜，我只能吃伴黄瓜和油条。而且中餐实在是太难吃了。4. 服务还是可以的。5. 酒店内部设施实在是不配4星级称号，太旧太烂了。6. 网速并不象其他人说的那么快， 可能截流了，也就一般的速度,0
12046,配置比较超值，发热量比我用的联想E390小（CPU待机40度、最高71度；GPU45度、最高70度），风扇声音也不大，而且不经常高速运转，3dmark06：27XX分，在4K以内的机器中还没见过，接电视播放1080P基本流畅（硬解cpu占用率没超过40%）。做工说不上精细但也还没什么发现什么缺陷，操作系统安装顺利，附带DVD中有全套XP、VISTA驱动。,1
12047,事实上只能算一个好一点的招待所，只是大堂装修得好一点而已,0
12048,屏幕小点 14.1的平看起来  不是很舒服不过要是太大 拿着不方便 特别是出差  背着回家 3.5小时的火车 然后倒车回到家 感觉有点重 可能长时间不锻炼的原因，去惠普官网没找到怎么注册升级为两年质保,0
12049,包装太差，送过来的书角是破的，还有泥，装订也不整齐，郁闷,0
12050,"系统要自己装，没有时间自己弄，在外面花了30块钱装了一个xp,毕竟不太熟悉vista的使用。",0
12051,"朋友推荐的宾馆,位置方便,价格合理,高楼的房间面积很宽敞,前台登记和退房时间很快,服务感觉不错!值得向各位推荐。酒店斜对面就是汽车总站,还有大型超市,很方便的。",2
12052,酒店比较老，但是房间还好。酒店虽不在市中心，但离我出差的公司较近，所以住过几次。,1
12053,顺风快递不签收不让验货！还好客服说那就拒绝签单，还好最后让验货了，自己安装的，没有让美的公司安装。用了段时间才评价，还不错,0
12054,显卡，CPU对于主流游戏来说已经够用了；电脑整体做工也还算优良，散热挺好的。,2
12055,"文章有点深,自我感觉书写的不如预期那么好",0
12056,外形时尚，功能齐全,2
12057,订购的时候没货也不说声...也不直接显示...不人性.,0
12058,C6568的最大缺点是没闹钟功能，还要用手表，真是太过于落伍了！！GPRS的速度也不够快！做为一千多的手机，还不如我买的小灵通了.,0
12059,办理入住手续时花了30分钟以上，且服务态度不佳，地理位置也不是太好，不推荐！,0
12060, 现在还买蒙牛，证明这家长对孩子极端不负责任。。。 那就曝一下已经放弃蒙牛的任何产品了!,0
12061,"话说TINKPAD已经成为国货好几年了，但是黑迷们始终认定人家是IBM的东西 这一点倒是可以确定，技术上，无论硬件软件,小黑始终是业界的翘楚 轻便确实让我如释重负 以前都是用的最牛的T系列，就是有些笨重 最可喜得是，小黑的屏幕效果终于有点起色了 娱乐功能也强化了不少",1
12062,不配备驱动，要安装还要去官网下载，新官网驱动不全，还要去老官网下载,0
12063,造型很漂亮,2
12064,东西不错，不过有人不太喜欢镜面的，我个人比较喜欢，总之还算满意。,2
12065,在当当基本上就是买书毕竟当当的价格比较便宜，书的质量不错，而且活动一直也比较多，经常有券，因此买书基本上选择当当网了。现在免运费的活动也挺好，只是对于买的比较多的情况下，没有更大的优惠而感觉有点不足。另外就是如果遇到点问题，解决的速度稍微慢点，要有一定的耐心，这点不是很好，要是能改进一下就更完美了.希望电话联系及时一些。,2
12066,发货奇慢无比，我3。1下的订单，4号发货，现在过了有40天了，还没收到书，下次不在这里卖书了。上回买的《炒股就那么几招》也是过了很久才收到书。,0
12067,便宜的价格，在这个价位来说，配置应该说是最好的了！刚开始用，没发现什么缺点,2
12068,当初想买也是看了许多的好评后才下的单没想到完全没有别人说的那样好.尤其是打败怪兽那一本.画得好恶心!孩子看的时侯就吓哭了!到了晚上更是不敢睡觉!买了书还带来了新的烦恼!比起<青蛙弗洛格>><<蹦蹦跳跳>><<小熊毛毛>>这个卡梅拉要逊色好多!这本书不太适合六岁前的孩子看.,0
12069,"说实在的,作者出的那四本书都不错,这一个九项关键技术我基本已经看完了,正进行复买阶段,书中的内容通俗易懂,且实用性很强,价钱也很合理,其他的三本书我也都有购买,也都有很用心的看,在这里我想说一声:?赵老师,您辛苦了,书真的很棒!篇篇都是很精彩!~~?另外我还想说,我期待您的下一个作品,希望您可以出一本函数书,到时记得通知我,我一定会购买,也一定会用心去看,再说一声:?您辛苦了,期待您的下一力作!~~?",2
12070,"不错呀,房间够大,因为带了孩子,定的是TWIN BED房,说了不要3,5楼,去的时候其他楼层的没房间了,前台主动安排大床房,免费加了一张床,态度满好的.",2
12071,"住的是350的大床房,以四星标准衡量的话,家具太旧,房间太小,早餐品种单一,别的总体来说还可以吧,地段不错,服务也满好.",2
12072,不是很喜欢，讲得都是些对待健康的态度什么的，具体的知识只是粗略的涉及~~~没什么实际的参照作用。~~！！,0
12073,电源哧哧乱响，不过已经找LENOVO换了个！上下壳吻合度差了点，左托有点松！换内存不是很方便，拆的时候差点把触控板的连接线扯下来！搞不清楚为什么不能用螺丝机械固定，非得用个双面胶粘！模具只能说一般了！,0
12074,虽说是职场指导书，但是写的有点干涩，我读一半就看不下去了！,1
12075,真的是一家最最不适合入住的酒店！先是服务态度的恶劣程度就不适宜入住！举个前台的小事为例：因为是海宁人，在观潮节期间有客户过来，订了二间房，先是刷卡预授权，结帐时说刷不出来了，换别的机子重新直接扣款，刷了有七八次卡才算成功，（前后大概有二十分钟吧，一点歉意也没有，反到好象是我做错了什么，不该给她出难题似的）我让她一定记得要把预授权取消，她说是30天后会自动取消，今天收到银行对帐单，扣了二次款，还得去和他们交涉。真真是烦~~再也没有下次了，海宁宾馆！,0
12076,"散热比我期望的有点儿差距，键盘处温度不高，底盘的热量较大。不知道夏天会怎样。如果晚几天买，可能买e43g,显卡不大用得着。",0
12077,书本的质量很差：收到的书本前面几页装订反了，有几页本来就没有装订好，直接就可以拿下来。寄回当当网换货，20多天了，一点消息都没有，写了邮件通知换货的原因，却没有见到任何回复。为了要换货，我还要特意去跑一趟邮局。这次买书简直是受气。这样的服务也太差了。,0
12078,酒店地理位置比较好.附近有家"敦煌海鲜酒家"早茶不错。还有大型超市"麦凯乐"也在不远处.酒店的整体性价比属于中高.,2
12079,"这本如夏天般绚烂的书,已被我深深刻在了心底,心中的那份感动,仍在心湖荡漾开涟漪,久久不能平息.....这是我看晓溪的第一本书,从此喜欢上了晓溪结局对我来说是美好的,一开始,我就很喜欢欧辰,而洛熙也获得了无可替代的平静,很美好...不过,也许我比较倒霉,第三部竟然少了30多页,只好重买一本,但我一点也没心疼,这部书带给我的远远不止那几十块钱!",1
12080,我跟本就没有收到这本书，你们网站到底是怎么一回事。买了本书到了现在还没有收到。我真的很失望，书都没有收到叫我写什么评论。多的不想说了，就是一句话，我在你们那里买了这本书，到现在我都没有还没有收到书。,0
12081,能斗好强的个性让人不是那么舒服。个人不太喜欢。如果人人都要以这个为榜样，那职场就变得太可怕了。,0
12082,在用了近一年的时候，坏了，按8键就老是死机，返厂维修后，拿来用了不到一个月，1键又出现问题了，几度郁闷中。再就是，没有短信阅读的快捷键，而且机器的反应很慢。,0
12083,附赠的硬盘、原装鼠标、包和内存条都还可以，瑞星杀毒软件的序列号在哪里？？？？看评论回复说是有个刮刮卡，不知道那位大侠在赠品里面见过，我是没找到。,0
12084,已经住过几次这家酒店，感觉非常好。服务员态度友善，又够专业，客房的装设时尚、舒适，配套设施齐全，使用起来很方便。总之，来郑州，住索菲特是个很好的选择。,2
12085,酒店只能用几个字来形容，脏乱差，半夜三更有按摩小姐骚扰你，让你休息不好！如果你抗议，小姐会告诉你这是他们的协议！不知道什么协议？,0
12086,这是森在获得诺贝尔经济学奖后一部里程碑式的著作，全书从经济、政治、社会、价值观等方面系统阐述了这样一种发展观：自由是发展的首要目的，也是促进发展的不可缺少的手段。可惜我国的发展观里实质上缺少的就是此书所阐述的；国内也很难有这样的佳作，一是缺少这样发展观的学者，就算有也难以发表，可悲可叹,2
12087,"位置相当偏僻,晚上从五环出来,该拐第一个弯的地方连路灯都没有,房间小,二楼的房间要从三楼走下去,没体会他们能提供什么服务,连出租车都不给定.绝对不建议入住.",0
12088,1.体积较大； 2.不支持外部影音文件的播放； 3.电池待机时间一般。,0
12089,看了《公平定律》中兄弟恩怨一章，我想说“一个巴掌拍不响”，孙寅贵在替自己辩解洗冤，反而让观者心生反感。孙老板有钱用1500万炒作此书，为什么迫不及待地要卖自己天津百龙公司呢！,0
12090,屏不错，，我装XP很顺利，不知道别人怎么装的；数字键偏软，主要是看重电池，不过到底好不好要多用一段时间才知道,2
12091,1、款式漂亮，键盘感觉很酷，商务气息十足。 2、性能价比强，双核＋2G内存＋320G硬盘＋512M独显只买5399。 3、整体散热控制还算满意。,2
12092,配置是不错的 很怕显示屏不好 检测下来还不错 外壳一般化 在这个价位上就可以了 运行2小时后有点热 不烫手 xp很好装,2
12093,清晨，坐着3路公交车摇摇晃晃去西站，不料坐我前面的大伯拉开窗门。嘻嘻嘻...的几下，把白色液体从鼻子处分离。当时我正手拿蒙牛纯牛奶...我奋力向后倾，与戈壁姐姐对视一下然后沉默了。,2
12094,若果你已看過安妮寶貝的書，并且感到喜歡。那么，這本書必定不會令你失望。因為它依舊是安妮寶貝的風格。目前最喜歡的還是安妮寶貝的《彼岸花》和《清醒紀》。是在最絕望的時候第一次看安的書的，帶來了拯救。因此很感激安，亦很佩服安。她是我最喜歡的作家之一。記得那時是每晚把《清醒紀》擺在床邊，入睡前隨意翻幾頁來看，這樣才能安然入睡。,2
12095,新买来的书，刚看了一次就全都掉页了！！！！,0
12096,抵制日货，不如先抵制蒙牛！,0
12097,VISTA太难用，没有驱动光盘，厂家就不能搞一个吗，弄张盘有花不了几毛钱，要以人为本啊,0
12098,黯然泪下，不是为了查理的死，是因为查理与小托的兄弟情深感动了我。小托决定上战场的一个重要原因是，无法想象与查理分离的痛苦。他们这辈子一直生活在一起，分享所有的事情，包括对茉莉的爱。查理在紧要关头，宁愿违反军令，也不曾离开受伤的小托半步。最后，两兄弟既不得不分离，而我相信，小托也会坚强的走下去，因为他答应了查理会好好照顾其他人，他和查理有了要用一生来信守的诺言。,2
12099,在《潇然梦》中，记得冰依是一个无梦的人，在本书中怎么会做梦了啊？在冰依修习了水系魔法以后，做噩梦，祁然也可以作证。,2
12100,每次来福州都住这里，比刚开始贵了不少。不过就是喜欢他们家的羽绒被，比我自己买的舒服。不知道酒店考不考虑将被子出售，如果是新的的话。早餐也还不错。,2
12101,孩子不喜欢，也许不适合他的年龄吧,0
12102,两星级的设施(可能还没有)，四星的收费标准。真不知道四星级是怎么评下来的。和携程宣传有很大的区别。比如说有酒吧，原来是房间内食品。,0
12103,目前在江门的4星级酒店中性价比较高的。周边吃饭购物都比较方便。酒店设施比较旧。,2
12104,超轻啊~单手拿很方便，外形简约大方，喜欢。送的东西很实惠。内存，硬盘。间接升级啦。京东送货真是飞速啊，头天下午下订单，第二天上午就送货了。表扬,2
12105,很喜欢，而且解放北路也很漂亮，住这里晚上出来散步很好,2
12106,2007年10月19日入住，总体感觉不错，位置闹中取静，走出酒店斜对面就是“桥香圆”米线，房间设施可以，服务不错，门口的南疆浴场物美价廉，早餐只能说过得去去。但床不是很舒服，转身会响的。,1
12107,1.操作手感不舒服，特别是较短键程的五维摇杆令其定位感欠佳。2.屏幕色彩比较黯淡、强光下表现不佳。3.不支持MP3音乐，令人惋惜。4.拍照程序响应速度缓慢，取景不流畅，取景效果黯淡，实为嘘头。,0
12108,很不错的酒店!!已经第二次入住了!!这次用了宽带!如此的快简直难以想象!!房间布置也相当不错!!服务也好!!第二次入住经理还打电话上来做个问卷调查!哈哈!!不愧是4星的啊!价格也蛮合理的!下次来的话基本就是这家了,2
12109,虽然里面的讲解人员普通话不是太标准，讲的是台湾普通话，但是这并不影响对讲解的理解，更不会影响瑜珈的效果。,1
12110,我们一家厦门四日游的最后一天就是选择了这家酒店，简直后悔死了。先说交通，酒店有自己的码头，不过一小时只有一班船，错过就得苦等。而且码头也很简陋，我们一家有老有小，每次上下船都得小心翼翼。再说环境，我们订的是豪华房，跑进去一看：里面的设施陈旧，衣柜的门很难关上，地板没扫干净。最要命的是空调只能制冷，浴室没有浴霸。大冬天的，岛上还比市区要低1－2度。打开水龙头，水是黄的，热水也很小，不要说洗澡，洗个脸都勉强。拉开窗帘，外面是一片工地！住在酒店里，心比天气还要冷...喜欢清静的人大概会喜欢这里，因为除了总台有2个人，其他工作人员基本难得一见，所以要什么都得自己想办法。本来想打个市话，结果告诉我开通市话要10元／天，晕！我就打个问讯电话，还是用手机吧！,0
12111,散热不好，太重，本本合起来竖放包里时，上下两边会分开好大的口，显示屏和键盘合起来时最好有个卡就好了，另外这款是不是没有遥控的？,0
12112,一本一本慢慢的看，原以来书的封面有问题而已，最后发现书内容装订都有问题。希望以后不要收到类似这样的书了，害得我都不想在这儿购买，唉！刚刚又订了一些书，希望不要再会出现这些问题。。,0
12113,受同名电影的影响，在读的时候眼前总是浮现出爱德华诺顿和纳奥米沃茨的身影。此时我尚未读完，刚读到瓦尔特死去，心中感到既惋惜又无奈。毛姆的小说总是让我感动、感伤，读后常常陷入沉思，许久不能自拔。这部小说中对旧中国城镇环境和人物的描写令我不快，虽然也许是那时的实际情况，但毛姆似乎充满了西方人对落后中国的优越感，我这个狭隘的过分敏感的中国人颇感不爽。总的感觉是非常喜欢。,1
12114,书较贵，但史料翔实，足以见作者平日对史料考证是下了工夫的。国民党的联共与反共实际上是代表了两种统治阶层处理同时期非主要党派的关系。当然随着外部环境的变化，随着党领袖的变化这种关系会不断地进行调整。矛盾与斗争，对立与统一。我想，翻开这厚重的书，从书中了解些自己不知道或还不了解的史料，看看当年那时代的的人处理问题的技巧并从中借鉴，是我购买本书的理由，虽然书还未看，但很期待。,1
12115,买前不知道这个酷睿双核原来是简版的。。。不过这个价钱也不冤了。 也系统比较麻烦，还好有高人指点才顺利安装了XP。也不知驱动都下全了没，暂时先凑合用着了。,0
12116,"产品性能太差,待机时间短.烂货!",0
12117,牛奶这事情是比较麻烦。进口的喝不起，蒙牛伊利是不敢喝的，选择三元，还得小心地挑北京产的，因为不小心就会买上原三鹿那产的。,0
12118,"很好,风景美极了,窗户下面就是海,在边上的酒吧喝着啤酒,看着海景,简直太享受了,下次去还会去住这家酒店",2
12119,回复 你让 MM情何以堪呐 选择蒙牛就像，明知道毒品有毒还是情不自禁地买来喝,0
12120,"儿子不喜品课外书!这是维一一本他自已想要的课外书,所以买了!整天看得哈哈大笑!并不是因为搞笑而搞笑.书的知识性和趣味性都很强.作为成年人的我有时都想一口气看完一本书,而且感觉有所收获!可见知识性不是一般的很肤浅的那种.最主要的书中以历险记形式讲述,教会了孩子许多应对危机的方法!可能都是很实用的!是一套好书!值得看!也值得收藏,反正比国内大部分出版社版的那些所谓名著有价值多了",2
12121,感觉功能与价格的配搭还是比较合理的，算是性价比较高的机子,2
12122,不错的东西，拿回来，第一感觉就是好东西！包装正规，没有拆封！打开外层纸箱，里面是精美的中包装！拿出电脑，真是超我的想象。东西很漂亮！是大厂货的风范，中规中矩，气派不张扬，自己加了根2g的ddr3，1066的内存！安装的是深度的系统！半个小时全部搞定。家里的ld都说这个本本值！我自已有一个x200，感觉也差不多，！,2
12123,经过看完整本书，然后根据书中提供的书目上网找书，很多书都是找不到的,0
12124,xp很难装，就装这个就用了我一天时间。按键没有thingpad的好。,0
12125,住的是680元一晚的标准间，我与老婆都住的很开心。我们这趟从兰州去嘉峪关再来到敦煌，只有这家的服务达到4、5星级酒店水平，很亲切，也很主动。从房间能看见鸣沙山，景观一流。餐厅食物一般。自助早餐是中式为主，比较一般。零点早餐（也已含）是在酒店的天台餐厅用餐，是西式为主，我们没时间享用，可能会好些，不过我们曾经在这餐厅的露天范围喝酒，晚上看着头顶亮的想去了大漠的星星，感觉非常不错。酒店算是在郊区，但其实就离市区3公里，离夜市4-5公里而已，可是一般很少出租车经过。倒是有辆3路公交车在酒店门口有站，每5分钟一趟，10分钟就到市区，所以也不是很不方便。补充点评 2008年8月8日 ： 上网速度就比较差，不过免费的，就没太多要求。,1
12126,从9月21日起，蒙牛将在全国主要城市逐步上架新包装牛奶。据悉，这是蒙牛集团成立13年来首次大规模进行形象切换。 产品换包装，这是再正常不过的事情。但据蒙牛总裁孙伊萍表示，蒙牛发布的新形象、新理念不是单纯外在的视觉转变，而是蒙牛对企业使命和核心价值观的回归和重温。,1
12127,先说优点：装修是新的，房间很大，房间灯光、家具都不错，达到3星水平。山庄所处位置风景优美，整体布局设计体现了一定的水平。再说缺点：管理水平跟农村招待所差不多。一大早空调就没电了，原来是服务员在外面关了房间的开关，打电话之后服务员才把开关打开。早上9点不到，有客人退房，服务员持对讲机在楼道里用能吵醒整个楼层任何甜梦的声音在跟前台对讲，把整个山庄最可贵的宁静搅扰得荡然无存。最后是最要命的：温泉的水根本看不出是温泉，脏的简直就是山脚下湖里头抽上来的湖水。虽说可以随时调温，可是任你泡你看着那一池你专用的浑浊的温泉水，谅你也不敢泡久！宾馆反馈 2006年12月29日 ： 感谢您选择颐和温泉度假山庄，享受美好的假期。我们很重视您提的宝贵意见，同时做了相应的调查。关于房间空调电源一事是由于当天早上有一位客人在温泉区泡温泉的时候将路边的灯泡不小心打烂，造成电路湿水而自动断电保护的，这也是对客人安全的一个保障。酒店客房区内采用现代最新的电路技术，由电房总控制，所以在酒店房间及门口是没有电源开关设施的。酒店是不会，而且不允许任何人，在正常情况下关闭已有客人入住的房间的所有设施。颐和温泉度假山庄的温泉是属于极热型的氡温泉，氡温泉为无味，颜色相对淡黄，为了更好的配合按摩效果，我们在每个温泉池都采用浅棕色，浅黄色等的鹅卵石为铺垫，故此经过光线的折射会给客人“不干净”的错觉。您可以放心的使用，体会温泉带来的美好享受。服务员不正确使用对讲机的行为属于个别偶尔现象，当然，也是我们管理的一个疏忽，就该事情，我们已经对其进行相关教育。 再次感谢您对我们提出的宝贵意见和建议，我们会努力改进每一个细节，让大家度过一个美好而难忘的假期。,0
12128,这部机子是黑色+银色的设计我很喜欢，稳重又时尚。屏幕部分是黑色的，屏显在晚上看更显亮。银色部分是功能键区，常用的键放外边，使用很方便。40和弦的铃声也不错，同时还支持MP3音乐作为来电铃声，喜欢什么用什么，符合现代人追求个性的需要。,2
12129,"不想看,不想看,买来无用也.刚看觉着有点意思,可是看多一次就感到内涵不深.不想看.",0
12130,机器发热略大，比较厚重。。。另外难以忍受的是快递比平邮还慢，东西周一发出，经过漫长的1周后，终于从广州爬到深圳（2小时的路程），这乌龟中邮物流。以前圆通周一买，周二就可以到的，我现在都不敢在京东买东西,0
12131,"位置不错,旁边就是家乐福.交通方便,房间特大,住起来也很舒服,早上阳光可以照到床上,自然醒.游泳池也不错.特别是酒店里的餐厅水准很高.唯一缺点,房内设施稍微老了点,不过我肯定会一直住这里,绝对超值.",2
12132,1.来电时电话号码在外屏上显示不全； 2.不能对收到的短信进行修改编辑再发出； 3.没有通话时的分钟提示； 4.短信提示音只有一种，声音很小； ,0
12133,Palm最明显的优势就是待机时间长，可用软件所占空间小，在实际使用过程中Treo650每天30条SMS、10分钟通话、作为PDA使用30分钟，电池也可以有接近4天的使用时间。 ,2
12134,忘记感谢蒙牛姐了你,2
12135,内存太小，没装系统，蓝牙也没有，芯片组太烂啦！双通道内存都不支持！,0
12136,“山月不知心里事，水风空落眼前花。”宋代，美丽与哀愁并生，那段风雨颠簸的历史，留在了此人独特的感受里，被时光打磨得鲜亮。那些旧事，是历史，是词史，更是心史，它轻巧的触动你的心房，带你走进一场真实的穿越。张溪琳是个敏感的人，不知为什么，一首首宋词被他解读的如此完美，软软的文字，清丽的词句，将宋词演绎成一个个故事，透过尘封的历史，朦胧的月色，向你娓娓道来。,2
12137,应该不是我第一次评价这个酒店了，没办法再次补充如下：1、早餐真是超级垃圾，做得真的感觉和猪食差不多，不知道请的什么厨师？2、仍然是早餐的问题，在大堂旁的一个好象是叫‘玛格丽特的’西餐厅；1>光线特别不好，谁都希望早上起来有个明亮的环境用餐，但这里肯定不是；2>给食品加温的不是电热式，采用的是燃烧腊来加热/保温，弄得餐厅里面很浓的一股腊燃烧后的气味，让人感觉非常不好；3、真不知道这样的酒店怎么样就能够评上4星？哎。。。,1
12138,威廉&#183;欧奈尔的经典之作；有朋友看了我买的书后说；不适用我们国内的A股市场。我刚刚看了几章就把我吸引住了！人性的弱点是不分国家和文化的~结合我自己八九年的炒股票经历——书中描绘的情景就像是我之前和现在所经历的一样！我为什么没有在几年以前看到欧奈尔的这本书呢？书中的很多理论对我们散户很有借鉴意义。强烈推荐！,2
12139,这款笔记本的外观，使用的感觉都还不错，就是vista系统感觉反应有点慢，而且比较麻烦，使用程序时都提示是否继续，不知道能不能改这个设置，还没仔细看。,2
12140,翻译的不太好，有点绕口，观点有值得借鉴的地方，但是考虑到韩国妇女的地位跟国内不一样，本书的角度不太适合于我。,1
12141,回来越想越不对，一搜，果然，我今天坐的竟然就是传说中的波音777！真的太受宠若惊了啦~~我就说为什么今天的飞机餐那么好吃，还有蒙牛酸奶喝~每个座位都配有小枕头和毯子；座椅前的显示屏可以看电影听音乐看美剧，每一副耳机都是密封包装的空姐也特别美丽nice~以后出门选国航呀！,2
12142,男的搞婚外情，女的红杏出墙。什么玩意 看了上部的一半就看不下去了，作者想通过这么书表达什么不管，但这种书很容易就传达一种对婚姻不忠的态度，让世人以为这是正常的事情，晕倒。什么和什么嘛。批判强烈批判！这种书也能流行，唉 这时代价值取向真有问题啊。,1
12143,"说实话,环境很不好,在老火车站旁边,虽然新的火车站启用了,不会吵闹了,可是我不明白为什么装修还没到位,根本比不上大城市的3星级酒店,而且通过携程定的房间真的不怎么地,我再次通过携程定了厦门的酒店,如果真的像大多数网友说的,携程定房虽然便宜点,可房间是酒店有差级的话,绝对不相信携程了!!!补充点评 2008年2月19日 ： 是晚上到上饶的，打电话给酒店问路，态度不好，还总指错路。在上饶绕了好久才找到酒店。入住后发现，房间小且不太干净。厕所马桶很脏。烧水器连个指示灯都没有。下次来肯定不住这儿了。",0
12144,这个宾馆在沿海城市可能也就是三星级到四星级的标准，但是在酒泉这样的小城市，也算是很不错的了，当然价格也不便宜，宾馆的设施还比较新，房间也比较大，服务员也很热情，就是水平还有待进一步提高吧。总体上，在酒泉是最好的了,1
12145,发热确实不低，而且温度分布不均。平时待机出风口的风都挺烫的，CPU59°左右（环境22°）。天气再热的话，加个散热底座很有必要。另外原配驱动光盘里只有for vista的驱动。SIS芯片组性能不济。,0
12146,因为客户就在旁边一栋楼，所以就近住了，不过这个地方好象也就只要这么一个大点的宾馆吧，同事说好象是日本人开的,0
12147,不喝蒙牛至少不会悲惨！,0
12148,抱了很大的期望，但是内容很一般，不值得收藏,1
12149,抵制蒙牛！无良商家！,0
12150,感觉不错，还没用呢,2
12151,世界上有两种人：一种人喝牛奶，另一种人不喝牛奶。我想把这两种人变成一种人，就是每个人都喝上牛奶。借用蒙牛的一句话:只为点滴幸福。,2
12152,和其他美容书比起来太单调太朴素了。,0
12153,还没买的朋友...就不用买了 ......,0
12154,1.预装的LINUX会影响安装XP或VISTA 2.左端散热口会影响本本键盘，夏天用恐怕要装底座 3.驱动安装盘并不好用,0
12155,"帮同事订的，以下是他给我反馈：It was excellent and I can recommend it to anyone else to stay there. My room was on the top floor, the 8th floor and very nice. Suggest always ask for the 8th floor, even though I did not see the other floors.",2
12156,外观比较时尚，适合年轻人使用，按键比较舒服，运行vista还行。,2
12157,"实在是差啊!!我当晚住的是双人房,三楼餐厅旁,一路的黑灯瞎火,还有一股味!!!",0
12158,《陪你到最后》讲述了一个“关于爱”的故事，主人公丹尼有个美丽的妻子卡门和一个可爱的女儿卢娜，这看似美满的家庭，却经受了一个最大的考验，老天和他们开了一个天大的玩笑，击碎了他们美好的一切！乳腺癌在一次误诊后，在卡门的身上蔓延开来，面对被贴上时间标签的生活，他们一起面对，在承受着巨大的心里压力下，丹尼陪着妻子去化疗，携手共同走过生命的最后时刻。他看着卡门因化疗掉光的头发，因手术失去的一边乳房......，他所做的一切一切，到底是责任，同情还是爱？所有人都不得而知！其实，丹尼患有严重的孤独恐惧症（一种心理疾病），让他无法克制地不停向外寻欢，就算在妻子最后的时光里，他仍和罗丝不停的发生出轨的行为。起初我对丹尼这种行为很是愤恨，但是当看到第三章的时候，我可以隐约的感觉到，其实，他爱的还是卡门，说责任也好，不管怎么样，他算是个好男人，尽管他犯了很严重的错误。“死亡是一种艺术，如果你在害怕中度过你的一生，那就不算真正活过。当然，你可以在发现罹患癌症后，抱着好死不如歹活的心情撑到生命最后一刻；但是如果能在有限的人生里让生命发光发热，那么就算死去，也感觉没有那么难以接受了”的确，卡门面对绝症时候的做法让我们敬佩和感动，她那种与病魔抗争的精神深深鼓舞了我，在她面前我是多麽的渺小，我们今天的生活是多麽的美好，还有什么理由抱怨呢？开心的生活，充实的度过每一天，是我看了这本书后最大的感受！“人生可能会有一百种理由让你无法完成你想要的事情，但是当你真正想做的时候，一个理由就够了，如果错过了，以后一定会后悔，因为所有你做过的事情最后都会让你学到很多”，这是卡门留给卢娜日记里的一句话。对我也很奏效，我觉得我就是那种言行大于行动的人，很多想法想去做很多事，又有很多想法让自己不去做这件事，所以一直碌碌无为的生活着，想想卡门，那个勇敢的卡门，想想自己，难道只有生命的长度已经确定了，我才可以去积极的把握么？自己真是太渺小了！丹尼虽然身体在一次又一次的背叛着卡门，但是终究他的内心还是和卡门在一起的，内心最终支配了身体，让他陪着她走到了生命的最后！就算是同情也好，责任也罢，我想最起码卡门心里是安慰的，其实，到最后，他们已经是最好的朋友了！爱情升华为友情，这也是一件美妙的事情，不是么？在生命的最后时光，卡门可以幽默的和大家开玩笑，可以坚强的笑对生活！可以选择自己怎样离开这个世界，这是多么伟大的一件事，我做不到，因为我知道我不是一个坚强的人，我想世界上没有几个能表现的如卡门一样坚强，强烈的求生欲望，让我佩服！人终觉会离开，但是每个人都按照不同的轨迹前进，不管怎样，我希望每个人都得到真爱，都开心的生活，希望这个世界不在有癌症，希望所有相爱的人都白头偕老！,1
12159,"用的是联通的卡,居然找不到网络.如果这款机找不到联通网络,我只有去把它退了,哪怕是今天才买的电话",0
12160,看这本书的介绍本来是挺好的，于是就给孩子买了一套，本来希望孩子看过之后能够变得想像力及勇敢程度能够再增加些，可是给孩子讲了《我能打败怪兽》之后，孩子从勇敢变得胆小了，晚上也不敢自己在屋里了，必须得有爸爸或者妈妈陪着才敢在屋里，我把书从卧室拿到别的屋，骗他说扔了之后才不那么胆小了。,0
12161,色戒就是一篇短篇小说，书里拼凑了好多别的东西，一点可看性都没有,0
12162,一部非常好的书。从中可以看出一个伟大的人内心对家人的关怀。从中也可以学习他的自律、克己、慎独和对家人殷切的希望和严格的要求。这样一个以身作则、要求严格的大家长，怎么能不培养出优秀的子女，实在是让我们现在的父母望其项背，值得好好学习和反思。经典就是经典，比现在人写的书要是在多了。每封家书都短小精悍，言简意赅，同时又非常的容易读懂，几乎不存在古文阅读的障碍，非常的喜欢。,2
12163,性能稳定，声音大，铃声响。,2
12164,全身线条流畅，超长待机。,2
12165,书今天朋友已经收到了。我没有看到书的质地。但我相信它会和我手中的这本书一样温馨美好。一样厚重踏实。对于整个购书过程我很满意。谢谢当当网谢谢有《小王子》陪伴的岁月和七月的别离虽还会很长久因手持着同样的一本《小王子》内心可以感到足够的温馨和美好七月一切安好盛世太平,1
12166,楼下的，手机连上电脑，放如光碟，在选我的电脑的属性，选硬件再选设备管理器，把那个问号安装就好了～,2
12167,"于丹的<<论语心得>>简直就是胡说八道。除了《论语》之外,她讲的全都对!她的演讲对于构建和谐社会很有好处，却歪曲了孔子的基本精神。这本书叫《于丹心得》更准确一些。",0
12168,买这本书是因为原作者王国维。其实我的文学水平也就够看看《宋词鉴赏词典》。《人间词话》对我来说实再高深了些。书中常出现和表达的是个“意境”，这意境可附庸不得。在对一字，一句做评论时，如果读者对原句都不甚了了如何体会意境。俺也只好很闲时拿来看不到两段就放下了。买这本书只因作者是王国维。俺对中国近代文化人物都很敬佩的。他们生不逢时却有真学问，真性情。不像今天“学者”“大师”真真假假。,2
12169,爱你多多，爱你蒙牛幸福是相濡以沫，幸福是分享分享，幸福是共赴患难~~幸福源自生活点滴。,2
12170,价格偏高，且没有赠品。 运行vista有点慢，最好装个DOS好了，也可以降降价。,0
12171,这是到目前为止我看过的穿越小说里最烂的，言情小说里极差的，宫廷故事里排倒数的两本书。完全是浪费银子~~~唉~~~~,0
12172,我只想说，这本书是一个无耻之人的无耻自白。胡兰成这种人那时候有，现在也有。 贪婪混浊，自私无耻，还倍拿自个儿当根葱。,0
12173,有没有更有钱的厂商啊，把周黑鸭顶下去！或者以后武汉的街道名称竞价好了，把现有的都换了，换什么蒙牛路啊，伊利路啊，欢迎高端品牌也参加，可以LV路啊，chanel路啊，反正价高者有冠名权。,2
12174,"漂亮...就是系统很难搞.....ghost不进去...BIOS修改IDE还是不行,后来拿安装版才装进去...",2
12175, 珍爱生命 远离蒙牛,0
12176,1月6日的订单日，1月27日还没到当地邮局，当当客服（一男的）还不给查，当当的服务太差！失望呀，看来我得另寻高枝了！,0
12177,酒店很旧，很小，楼道里黑暗，其实就是个小旅馆的设施。建议不要去，吉林省宾馆还不错。,0
12178,电池待机时间短，大概一个半小时左右，和英特尔体系相比还是发热量大。acer客服能力较弱不知道是个别还是普遍。,0
12179,"该酒店虽然价格不高,但服务实在太差,房间例行送的水果和报纸要打电话问才送过来,早餐结束的时间被提前到9点也没有任何通知,最可气的是我投诉没早餐时,前台还不肯承认错误,骗我早餐在我下楼之前刚结束,是我自己下楼晚了.这种服务的四星级酒店我还从来没住过.",1
12180,外观好，但做工欠火候，滑盖有时感觉不够流畅！屏幕不清晰，特别在强光下，文字和图片很难看清楚！声音小，调至最高也有失真现象！导航键设计不合理，手感不佳！不支持蓝牙！不支持红外线！内存偏小，拍照受到局限！拍照效果也不怎么好，和上次买的那款同样30万像素手机相比，照片清晰度明显不及后者！,1
12181,真是让人郁闷，当当的速度真是慢的让人崩溃，12月10日发货到12月26日还没收到，半个月了都,0
12182,"铃声开到最大,顺风耳还是听不到!听MP3时就不用提了,太差劲了!",0
12183,"无express插槽，无e-sata, 屏幕可视角太小，色域也只能算凑合，转轴处塑料感偏重",0
12184,键盘面板也是钢琴烤漆的，亮晶晶的很漂亮，但容易留指纹；不过女孩子一般都爱干净，常洗手，常擦拭也就无所谓了，还可以养成勤洗手的好习惯，哈哈,1
12185,如果是xp系统就更好了，京东对特价的东东没价格保护这个比较郁闷。,0
12186,键盘感觉很差，不敢使很大的劲，打字时很轻很小心翼翼。感觉很容易坏,0
12187,我在当当网买了一本“杜拉拉升职记”。第51页，倒数第5行中写到：“左不过是个临时代理......”。是不是应为：“只不过是个临时代理”？请恕我知识浅薄，若是我理解错误，请给予谅解，若确实出现错字，请问是否正版书的问题？,0
12188,"这本书买之前是看了这么多的五星评价而才买来的,以为应该应值得拥有的一本书!看完这样书后,在我心目中这本所谓被称为五星评的书真的可差劲!我用了几晚时间终于看完了,书中内容就是围绕?如何朗读令孩子培养阅读兴趣!?而写的,但书中写得实在太啰索了,很多废话....根本就不应写这么长篇大论的书,而且废话也多,需然我是完完整整看了整本书,但在看书的过程中我感到非常不耐烦,真不明白作者写么多废话干什么......家长们如果已经知道从小陪养孩子的阅读兴趣的重要性,就没必要花这钱买这书!书中写道通过让家长朗读从而陪养小孩的阅读兴趣!我个人认为,只要家长能够以身作则,自己也爱阅读,从小就陪孩子亲子共读,这样孩子必然是从小就喜欢了书本了!",1
12189,握在手上感觉到的是轻盈与修长，很有质感。板上充满贵族气质的皮草材质，TCL 650机身采用与A288相似的工程塑料制造，外壳经过了十分细腻的磨砂处理，长时间的使用也不会沾上令人讨厌的指纹和污渍。铃声实际表现相当不错，声音响亮，清澈，层次感丰富；,2
12190,声音太小，与我女朋友的联想比声音那个真是小啊！只能配个外置的音响了！还有就是内存少了点。,0
12191,很满意 ，环境很好， 晚间无一个骚扰电话，是我住过的唯一无骚扰电话的酒店，也许是新酒店的缘故吧！,2
12192,可能美国的男女和中国的不太一样？对于一个有丰富生活阅历的人来说，这本书里的很多东西都不太实用，唯一实用的一条建议就是：时刻记着，男人和女人是两种完全不同的生物。,0
12193,只要到书店看一个标题就可以了。内容不怎么样。,0
12194,外观漂亮，比使用公模的看着顺眼多了。待机时间长，对于经常出差的人来说很试用。,2
12195,这款手机内存小了点，非常容易莫名其妙的死机，发短消息的时候导航键简直晕！而且导航键是滚动的，一直要滚错地方的，打游戏是老死机的！建议爱发短信和爱打游戏的朋友买这款机器的时候要注意了！,0
12196,本书是在国学热中火起来的。真正的文化属于全人类，提倡国学的做法本身就是反文化的。在这个背景下出现的事务一定是个怪胎。,0
12197,比较适合国内客。一楼餐厅风格上有点南洋的味道,2
12198,"地理位置不错,服务还可以吧,希望携程的房价以后更有竞争力一点",2
12199,看完书已经是深夜。被书中作者对战争给阿富汗人带来的伤害的描述所震撼。也为主角和他兄弟仆人之间的友谊所震撼，能深深的感受到主角心里的愧疚。书中好多个残忍的场景一直在脑中回旋着，突然觉得生长在中国，特别能在改革开放后的成才是非常幸运的。书中的高潮部分跌宕起伏，看的是惊心动魄的，也对阿富汗曾经的部分历史和灾难有所了解。打算再买一本三杯茶。,2
12200,性能太差劲，用半年换三个主板厂家连个正规维修单子都不给。真是垃圾产品，天时达508，奉劝各位千万不要买啊谁用谁知道,0
12201,"职场氦气的秘密却始终不会过时,每一位职场人士都可以拿来为己所用支持！",2
12202,这是一本小说集，好多章节故事，我都已经看过了。书印刷还是不错的。但是还是买整套的好，有点后悔。,1
12203,很多故事，在各种励志图书中被多次引用，可每一次重温还是会被感动、被鼓舞、被启示，内心深处总有一种情绪被触动，这就像人的本能一样，人性中总会有上进、宽容、勇敢、大爱的原始情节，即使有些看似已被多年的经历和成长磨去，其实他被沉淀在最深处。所以一本好书就是要不断触及人性的正面能量，每次读起都有新的发现，百读不厌。,2
12204,据说是当地最好的酒店，价格比较贵，房间很小，楼层不高，但是比较大，到房间的距离有点远，服务比较一般，早餐厅装修的比较有特色，早餐还可以。酒店标称是五星级，但是房间条件和服务达不到五星的水准，除了check in的时候主动递上一块热毛巾比较有特色。,1
12205,喝蒙牛啦！,2
12206,住了一晚，服务很到位，热情周到，房间复古舒适，但布局略显紧凑。唯一美中不足之处在于我离店之后发现手机充电器遗忘在房间，打过去电话询问前台居然不知道此事，后经服务生及清洁人员仔细寻找才找到（其实就在插座上）。希望打扫卫生的时候更仔细完美一些。总体很好，下次还会选择。,1
12207,"光碟质量不好,屏幕不停的闪,对小孩眼睛特别不好,所以买回来后一直放在那里没看,我觉得当当网应当卖点质量好的光碟,质量差的就别挂在网上卖了.",0
12208,听同学介绍买了此书，一读之下，果然受益匪浅。文中颇多石破天惊之语，挑战传统理念，却独有建树，老先生对很多问题的阐释另辟蹊径，从人性角度挖掘文化内涵，想想其身处的年代，确实佩服。读完此书，对中国文化史基本心中有数，对于不愿意花大力气去博览全书却又对文化历史感兴趣的朋友来说，值得收藏。因书中并非纯白话文，还夹杂古文，所以需要精心慢慢品尝，我和同学已约好，此书准备研读一生。,2
12209,书中的内容总结起来就是：20岁的女生要学会圆滑处世，要懂得为自己“着想”，这样才能创造出一个成功的人生也许正是因为它所要求的圆滑处世是我做不到的，所以我不太喜欢这本书,0
12210,承诺的第二日送货根本实现不了，我已经等了2天了，问客服也是敷衍说再联系，到现在也没人联系,0
12211,万杰国际不能刷卡是件令人最难以接受的事情，房间电视时长不能使用，网络还收费更让人难以接受。,0
12212,配置猛！价格合适。显示效果好。不算太重。接口丰富。如果再轻点的话，就是台完美机器了！,2
12213,这本书从结构到情节直至文字都毫无新意，典型的网络文学。如果对小说的要求不高，纯粹是为了解闷或许还能凑合,0
12214,原以为关于中医的书都会像古文言文一样晦涩难懂，读完武老师的书后，发现原来中医知识也可以写得像散文一样娓娓道来，优美而不失其专业特点，简短而不失其深刻道理，通俗而不失其大智慧，是一本值得一读的好书，个人觉得美中不足的一点就是，通读过后，觉得内容有点少，若能系统介绍相关穴位疗效，相信定会有更多养生朋友获益，而不仅仅是只记得几个关键穴位。,2
12215,机器散热感觉还行   样子比较死板 键盘按键不怎么舒服  硬硬的 没点手感 触摸板那块好像没有散热口一样 比较烫,0
12216,此型手机样式挺好看，轻薄，机内功能多，支持真人真唱，40和弦铃声，拥有5倍数码变焦，5级亮度/饱和度调节，5种拍摄模式，多角度自由拍摄是个挺不错的手机。,2
12217,是同学推荐我读的，她很会生活，知道我们应该怎样，对一些事情妥协或者抗争。虽然我们还是学生，对白领的生活很不熟悉，但是从这本书《杜拉拉升职记》中让我窥见了那样真实的生活，不是一味的单纯和装傻，那是生活正真的智慧。杜拉拉，你让我知道原来白领生活并不是传说中的残酷和冷血，也不是偶像剧中的浪漫和幻想。你给我了一片海，告诉我在这片海里怎样掌舵是我的事情。,1
12218,"儿子喜欢的,我们刚看了我想有颗星星,我想去看大海和我想有个弟弟,每本书都要看3遍才肯换换的!",0
12219,美中不足是书本和编辑质量比前面几本小巫的书有明显下降啊！看起来不是那么舒服美观了。估计很多中国的父母们不可能全盘接受小巫的很多观点，但毕竟能给自己孩子的教育带来另一个借鉴的角度，还是很受益匪浅的。另一个就是感慨，生活在中小城市，对孩子的启蒙教育的选择太少，不可能像北京那样找到种类繁多、真正适合孩子的启蒙学校，惋惜之余，希望个性教育能早点普及祖国各地！,1
12220,"早餐不好,服务不到位,晚餐无西餐,早餐晚餐相同,房间条件不好,餐厅不分吸烟区.房间不分有无烟房.",0
12221,全是缺点，这是我切身体会,0
12222,"很耐看,是飞利浦的顶级产品,刚刚买回来,还说不出什么优点和缺点,总之很喜欢,用一阵再和大家分享心得.",2
12223,速度很快，估计装vista都没有问题。 屏幕也很亮 风扇噪音很小,2
12224,看过很多改编成电视剧的书，都感觉书比电视好，这次是个例外呢。书和电视几乎是一模一样的，写得不够细致，有点令人失望了。而且关于许三多的变化大得有点让人接受不了，以前在各方面都表现那么差的人，怎么会翻单杠以后就忽然变得什么都是“遥遥领先”的了？如果说他通过努力赶上了其他人还差不多，怎么可能突然之间就超过了曾经比他强许多的史今等人，难道别人都落后了，还是他自己变成了天才？我本人也当过兵，见过很多刻苦的，这么进步神速的倒还没见过。,0
12225,发热量比较大，风扇声音尚可，这些都还行，并不影响使用，令人恼火的是邮政物流的服务，太随意了，笔记本也不打电话接受，不让验货，丢门卫那里就走了，要是运输出了问题，责任不是自己负？,0
12226,内容很一般，书名起得吸引人，故我上当了。,0
12227,虽然不能阻止蒙牛这样的有毒食品流向航空配餐，但是你能做的是将配餐中的蒙牛毒奶撕开再等待空乘的垃圾回收，以免有人食用该慢性毒药！同时谴责采用蒙牛作为航空配餐的北京航食和相关航空公司@中国国际航空,1
12228,"我是一名教师,深知兴趣对孩子的重要性.女儿从小特别爱读书.惟独百科类的书籍不太看得进去.我原来买了百科全书和十万个为什么,但是都是只有我读给她听她才能学其中的知识.自己 不太主动去阅读这方面的书籍,相反很爱看故事类的书籍.自从买了这套神奇校车后,她有了非常大的阅读兴趣.以故事 形式出现的科学知识书籍我第一次遇到,真是感谢当当网@!我们本地书店根本没有这么优秀的读物!太棒了@",1
12229,在她眼里，这是我送过她的最好的礼物，估计她成年以后都会记得！！！此前送过她各种名牌衣裙、玩具，但都没有这个让她这么喜欢。看来以后要让她开心，只要送她好看的书就可以了。想想自己小时候，也是喜欢看书，真是达到废寝忘食的地步，在上幼儿园时就拥有100多册小人书，一有时间就拿出来反反复复地看。呵呵，这还真是个好习惯！,1
12230,"确实是全新未开封的,硬盘只通过2次电(装系统需要) 电池未冲过电 屏幕无亮点~~~很完美",2
12231,"1\象前面评价的服务态度非常好,前台接待很棒.2\房间用品设施还可以,就是窗不能开比较郁闷,有点味道的,开了空调还好.3\地理位置很好,离地铁很近,离商场很近,逛街方便.4\就是携程没有早餐比较讨厌.呵呵,还看到有人办婚宴.400元还可以了.",2
12232,我又喝了一个濒临过期的蒙牛。。。果然又拉肚子拉到要死了@南子希要offer,0
12233,"外形显笨重，T400都是这样的吧？ 另外此型号没有读卡器，但是有两个卡槽可以装express,pcmcia 卡。",1
12234,个人酒店评价等级：很好；偏好；一般；偏差；很差福州美伦华美达大饭店——偏好详细:A-外观-4.0分B-服务-4.0分C-房间-4.0分D-早餐-4.0分备注：01.原本订的是高级房，免费升级到行政楼层，很满意；02.华美达的一贯风格，简约,2
12235,真正说起来，缺点还是不少的。首先，机器比较重，价格不便宜，然后是键盘手感要差，键盘的布局也不协调。没有键盘灯，喇叭的设计真的很难看。机器因为刚刚拿到手，也不好说什么，其他 的要在实际使用中才清楚,0
12236,"当当网发错我的货,退款时居然不肯退还运费,称因为快递公司已经送过货了,我承认快递公司已经提供过服务,但是错在当当,理应由当当来承担运费啊!太不合理了,简直就是抢钱!!!!!",1
12237,"酒店噪音太利害,几乎没有隔音设施不符合环保要求.且酒店的负责人态度恶劣不以客人利益考虑.一方地头蛇架不符星级标准.",0
12238,看了几分钟就再没动过，可能是实在没有学习的动力了,0
12239,酒店地点很好，海景房窗外的景色也很美。可以看到栈桥和小青岛，隔海就是沙滩。服务很体贴，很喜欢楼层的小零食吧。房间设置也很周到。虽然不大，但是个很好的度假酒店。美中不足，隔音设施不太好，遇到夜间大吵大闹的邻居，就比较惨了。,1
12240,设施陈旧，最不好的是房间太小了（单人间），除了放一张床，我在想相同的价格，是否标准间面积会大一些?不敢相信这是四星酒店。,0
12241,"2月21日订的货,到现在还没到,怎么这么慢呀!",0
12242,我很惧怕诸多“被奉为经典”的书籍，因为其中不乏有太多人为的因素：就象肯得基，麦当劳，买的最好的并非吃起来最好的。但是由于好奇其为何有如此多好评还是买来看了。如我所惧怕，这本书果然真“经典”，对我来说，他的归宿地只能是废纸篓或二手书市场。,1
12243,"功能齐全,价格适中",2
12244,这本书真的是华而不实，装祯挺好，内容一般，后悔买了,0
12245,你们喝了我的酸奶之后我又去买了一推哈哈看着这堆酸酸我好开心啊快来我家喝酸奶吧，不用客气啊^?_?^#蒙牛#是不是应该给我个啥奖励啊,2
12246,本人在江苏入住最差的一个宾馆。晚上准备洗澡居然有一群男人拿着房卡直接开门进来，说这个房间是他的，行李还在里面。我是下午入住的，房间里面没有任何东西。叫来服务员，原来人家没有退房就把人家的行李扔出去了。所以，别人的钥匙还能开我的门。恐怖！这样的管理水平谁还敢住？洗澡水不热，第二天就感冒了。早饭更是没说的，一塌糊涂，没几个菜，都是凉的。服务员态度狂差，都欠她的。这种宾馆建议携程拉入黑名单，不要出来害人了。,0
12247,这书的装帧很好的，既适合家庭收藏亦适合阅读了解。了解一个人，通过他的书信，而且是家书，再好不过了，而了解这个人也更了解些那个时代，那个社会，给我们现代人些许启发吧。而我从中也知道了他的学习习惯、方法以及教子方面。比较有收获。软精装的封面，封面要是每个唐老师那个照片就更好了，分上下册便于阅读。内里字体有分别：信是用的启功老师的手写字体，评点是宋体。,2
12248,刚发的牛奶，才放了一天就发育成这模样！抵制蒙牛！抵制外资企业！,0
12249,开学前，给我侄女（满五岁了，可以看一些书了）买了一套，现在过寒假了，我问她书好看不，她说：“字太少了，看不懂，不好看”。看她那不屑一顾的样子，我知道不该盲目相信网上的销量排行榜。,0
12250,"虽然表面看很一般,但里面装修还是很精致的,住着干净,舒服;以后去宜兴首选还是宜兴宾馆!",1
12251,刚刚从事工作1年多，看完这本书真切的感受到了工作中好多不明白的事情，也更加坚定了自己心中的信念，很不错的一本书！,0
12252,本人属于看到英语就头疼的，这本书也没能提起对英语的兴趣，大体看了几页就送同事了，放在同事的桌上也落了不少灰尘了！,0
12253,1.外形略厚； 2.键盘稍小，手感一般； 3.电话本和短信存储量较少； 4.不支持MMS彩信和短信群发； 5.当新信息容量大于收件箱可储存的剩余容量时，信息有资料遗失状况； 6.铃声音量较小，几乎没有铃声下载地址； 7.电池待机时间短；,0
12254,A08的屏显一直不太正常，偶尔会黑屏，有时候还会死机，送去客服那里，说是排线的事情，要修可以但是要等，然后就一直等着，现在已经不想修了，直接换了,1
12255,推荐给我妹妹，她也说好用。,2
12256,我感觉这本书性价比很不高！不是很喜欢，孩子也不是很喜欢，总是那一句不可以，什么内容都没有,0
12257,"就是系统比较难装,尤其是要装xp的话,一定要有带SATA串口驱动的系统盘来安装,否则装不上去,比较郁闷！最后还是装VISTA了,还好没有什么大型商业软件需求.",0
12258,小巧，键盘好大，我相当喜欢。系统也很不错。以后我还会继续买你们的东西。,2
12259,1、由于键盘的设计，某些键按起来不是很方便。2、摄像头的镜头没有保护，裸露在外，如果镜头表面不小心留下划痕，会影响到拍照的效果。3、手机稍微大了点，重了点，携带不是特别方便。4、机身附带的音箱效果不是很好，音量较大时会有一些杂音。5、电池的使用时间稍微有点短，只能待机48小时左右。6、光线条件稍差的环境里，照片的效果会明显变差，虽然增加了一个夜间拍摄功能，但拍摄出来的照片效果仍然不是很理想，有明显的色斑。7、4倍变焦功能并不是很实用，由于是数码变焦，倍数变大之后图象质量下降得比较明显。,1
12260,不错哦,2
12261,我才买的，送包应该也有我的吧，质量还是不错对的起联想这个牌子啊,2
12262,1、外观，感觉大方、成熟。体积适中（相对于智能手机而言），由于以前使用515，感觉体积比515小巧，上盖面板美观大方。 2、屏幕和键盘，2．2英寸、26万色的内屏色彩艳丽，过渡自然，在阳光下也能看清楚，按键大小适中，手感很好（相对515键盘小而且硬），一般不会按错键。3、8390支持SD/MMC卡，大大提高可玩性。而且目前的应用软件较多，可以根据玩家的需要而增加应用功能。,2
12263,"这本书写的不怎么样,好像是杜拉拉在写日记一样，很多内容没有实质的励志性信息，就跟普通的一般公司职员的情况差不多，只是在强调杜拉拉是怎样一步步发展的，有点像是在炫耀自己的能力。",0
12264,你想让孩子成为一个幽默的人吗？你想让孩子成为一个想象力丰富的人吗？你想让孩子开心、大笑起来吗？卡梅拉就是不错的选择。卡梅拉那些奇特的想法，给生活一个个小小的插曲，就像平静的湖水上轻轻的涟漪。拿到卡梅拉后，第一个享受的是我自己，第二个是老公。然后才是我两岁的宝贝女儿。虽然对整个故事情节她还理解不了，但是，里面的很多场景让她很开心。比如，卡梅拉们摆出各种各样地姿势钓鱼的场景。下蛋的场景。让模仿力很强的女儿也摆出了各种姿势，让全家充满了欢乐。我想人人都会喜欢卡梅拉，生活中也需要卡梅拉。,1
12265,色彩较好！！待机尚可！与同价格机器比，优势明显！,2
12266,这本书非常棒，无论从故事构思，还是从表现手法都无不显示出作者非凡的文学功底，两个凄美的爱情故事被演绎得淋漓尽致！最初看是因为想了解回族人民的生活，看着看着却被情节所吸引，平生第一次对一本书有种“情不自禁”想看下去的强烈愿望，事实上，我确实也常常为这本书而不知不觉熬到临晨一两天.....虽然有时候第二天会困，但心里觉得很踏实，很欣慰！强烈建议大家读读这本书！,1
12267,像素高,2
12268,扉页上写着：我不能等你一年零一个月了，我也不能等你到二十五岁了，但我会等你一辈子……有种不祥的感觉，觉得男女主人公会发生什么不好的的事。所以开篇时就保留着，不要太投入去看。可是，朴实的描写，细致的刻画，人物内心的矛盾挣扎，几乎是刻骨的铭记，又怎能不去投入！！！最刻骨铭心的爱情往往都是没有结局的悲剧……我不忿这份不公，却又感激艾米能给我带来的那份长久的荡气回肠……,1
12269,昨天拿到，折腾半天装好所有防护软件，做了个GHOST备份。运行程序还行，能接受。外观，键盘很时尚。待机时间高于同类产品。听说华硕的电池还是不错的。,2
12270,既然屏幕小体积再小一点就更好了，这点事先是知道的，但总觉得有些别扭，那么宽的边框幸亏没买白色的，不然那大黑框一等很难看,1
12271,自家的包装给立顿用了，蒙牛会不会不开心？,0
12272,"听筒和免提的音质不是很好,电池也没有产品宣传的那么神奇.",0
12273,不错，外边看比较旧，但是里面很干净，交通也很方便，退房很快。在房间就可以看音乐喷泉，不错。,1
12274,服务态度还可以，离景点也近，一入住的时候觉的还不错，可是晚上被咯吱咯吱的声音惊醒，还以为是床的质量不好，可是一开灯，发现一只老鼠正在肯我带去的小麻花，而且还和我们对视一分钟后才跑了。 把我恶心的把所有的零食全扔了。告诉酒店，前台说让服务员过去看一下，难道老鼠还会乖乖的等你来看吗？退房的时候又提起此事，找经理说没上班，一句对不起就把我们给打发了。小地方的酒店真的不能住啊！,0
12275,我在这个订单里共订了六本书，结果当当网给我发错了五本，而且当当网送货上门后还必须付款后才能打开包装看，如果有问题的话当时送货的人还不管，只有和当当在网上交涉，我是七月份收到书的，现在当当网给我发错的书我已经发回去快一个月了，没有任何反馈，我不知道我这次是不是上当了，反正没有人给我反馈，希望当当网能够给一个答复！,0
12276,其实对于这本书的内容是比较喜欢的，但是对于这个书的质量觉得非常差。今天我收到贵网站邮寄的新书，但是书的封面上有严重的折痕。难道这个就是贵网站经营之道？,1
12277,对当地的酒店做了实地比较，这里硬件还算好的，装修比较新但实在不能给分太高。住的是套房，但卧室里没有电视，宽带不能用，说是在维修！聋子的耳朵-摆设。,1
12278,因为喜欢张爱玲，并且拥有两套张爱玲的全集，新出的书怎么能不买？？而且当当还这么实惠，爱到这里好像给这本书和当当做广告。不过你要不熟悉张爱玲或者不喜欢他的文字。我劝你还是不要买了，因为这本书沿袭张的风范，有点晦涩难懂，需要你用心自仔细阅读。不喜欢张的人一定读不下去。值得表扬的是出版商的封面设计的真不错，我个人非常喜欢。装帧也很考究。总之觉得超值~！,2
12279,我是3月6日入住的，当时查看了网友对其他酒店的评语，都不怎么样，选择这家是因为当时还没有任何评语。但结果是一样很差，根本不够四星，房间的衣柜里还有蟑螂，我当场拍死了一只。298元/晚绝对不值，和成都相比，价格相等，服务和设备相差太远，下次不会住那里了，如果可能，最好回成都住，绵阳-成都车程只有1小时45分钟。,1
12280,从最小说连载开始，我就对这个故事特别关注。刚一看，我还以为讲鬼故事呢。看仔细了，我才发现自己太肤浅了，在灵异故事背景的后面，是一段穿越时空和生死的爱恋。略一熟悉那段历史的人，都知道林怀锦是有原型的，作者按照这个原型创作了一个感动天地的爱情故事，在我看来，这值得人尊敬。听过很多人说，这本书写的不好，是纯粹的抄历史材料。可我认为不是这样，在大量的历史材料下，作者锐利的笔锋，鲜明的人物特点，都抓得很到位，她的写作风格也是我很欣赏他的地方。也许，不懂爱情的人，可以看看这本书。看完后，才知道，到底什么是爱情？即使没有在一起，缘分终究会把他们牵扯在一起。就如同书中的林怀锦和锦佩之，他们虽然从来都没有在一起过，可是他们的孩子替他们完成了他们的梦想，这也许是爱情的最高境界。,2
12281,商务功能强大，自带 pop3 浏览器的，用它直接收发邮件；还支持电子书阅览；并且红外、蓝牙都具有,2
12282,简约而不简单，很喜欢的风格。 赶上特价，用券，觉得值了。下单到手不到24小时，非常快。,2
12283,成熟型酒店，房间、服务都还不错，商务房间，配液晶屏电脑，上网速度也很快。特别是没有一般经济型酒店的隔音差的问题。位置属于市中心，去各个地方都不远。不足：一出电梯，有一股怪味，是夏天潮气？好在房间里面没有。早餐地点太挤，品种一般。总的来讲，浙江饭店还不错，房间价格稍贵。如果便宜100元，就很有竞争力了。,2
12284,倒霉日， 看着初中三年在身边毫发无损的水壶那一瞬间 “砰”的一声碎了心也碎了 还是心里突然豁然开朗？ 每每借别人的万能充不知被摔坏几个…… 傍晚去超市我多么想买把蒙牛优益C卡士奶O泡果奶德芙嘉顿饼干买了…… 我现在心情有点郁闷可是却没有人陪我说说话好想闷头大睡……,2
12285,我是四月初去的深圳。我订的是豪华套房，开始在网上开酒店新装修后的照片挺吸引的，但入住后才发现根本不是那样的。除了大塘有装修过的感觉外，楼层和房间都还是老样子，很旧，完全没有装修过。八百多的房费简直就是浪费，下次不会在住了。,1
12286,霸气 蒙牛很霸气,2
12287,"26号下的单,由于等Rapoo的鼠标,拖到30号才送到,不过意外的是当天有降价,价保还便宜了44元,算是额外的收获. XP的系统没怎么用,就是无线网卡不稳定,驱动重装好像就没问题了.宣传是n的网卡哦,可惜家里路由54的,没怎么验证过108的速度. 装WIND的OSX没什么大问题,已经升级到10.5.7了,耳机的问题还没处理. 电池5200mA的,5个小时好像撑不到.",2
12288,说是送果盘，到了房间根本没有，打电话问了几遍，开始还说马上送，后来有说下班了，第二天才给送来，而且水果都是整个的，没切。但总体还算物有所值。,1
12289,刚刚读了个开头，我便把紫手环戴在了手腕上，并且，也决心引发更多的人加入，为了那句话“改变地球意识”...很多人幻想地球的未来的样子大都是被人类破坏的非常不成样子，甚至你去翻阅小学生的作文都是这个样子...我想，如果我们从我做起，改变自己的意识，当我们的意识里充满更多的爱、和谐的时候，未来的地球肯定会变成我们理想的家园！,2
12290,不知是硬盘还是什么东西  已运行咔咔咔咔咔咔咔咔响个不停，很有节奏，可以当鼓点听，拿去华硕的售后竟然说正常~！！怒~！！！怒不敢言~！！！万一给抓进去关一年可亏了~！！！！,2
12291,应该算中档机吧，外观不错，烤漆面板应该不太会磨损，还是蛮有质感的，VISTA 下的速度还行，比想象中快。,2
12292,唯一跟在中关村买笔记本不同的是还要自己装系统，开始买来不知道，还以为有质量问题，不能开机，后来找到客服才知道是因为没有装系统呢，专门跑到中关村花钱装了，省得自己麻烦！,0
12293,超低的价格，一开始还有点不太相信，比中关村报价还低那么多，等拿到货以后才知道一切都是真的。,2
12294,包装很不错。很明显是新书。与以往的书很不相同。看来，当当的服务对我是越来越好了。但是，价格上看还是有点贵了。因为看了里面的内容与我想像的有一点点差别。但是，还是感觉很不错的一本书。对于刚刚恋爱或者刚出校门的女子来说，是很好的选择，对于已经有一点恋爱经验的人来说，这本书有点浅见了。但是，不影响阅读。因为这个世界有一半是男人。呵呵。,1
12295,货已收到，物流比火箭还快，21小时就到货了，,2
12296,很普通的励志书，满大街都是的那种。被美丽的包装骗了。一小时左右就看完了，没什么内容。现在正后悔呢。,0
12297,一起以来，都持一个观点“时间，会打磨一切，尤其是爱情”从未想过，五六年的光景，爱情，会依然那样热烈但，直到看到这本书看到网友的评论，“不要以为时间，可以消耗爱情，爱情是经得起岁月蹉跎的，经不起的，那不叫爱”忽然间，明白了什么有了爱情，其实，再孤独，也算不上真正的孤独如果在爱中，依然孤独，那你就需要考虑一下，这，是不是真的爱了!,1
12298,我的孩子很喜欢。绘画精美，精彩。合适1岁多的小宝宝理解。我的孩子看到小熊生日的时候就哼生日歌；看到小猩猩笑别人尿床的时候，会学着小猩猩捂着嘴笑；看到小兔子因为掉了雪糕，张大嘴巴哭的时候，会笑；看到小河马的大嘴巴，会很喜欢地摸摸。。。这样有趣的阅读时刻数不胜数。这套书不错。不过阅读的过程中，孩子并不是能马上理解的，需要爸爸妈妈耐心地一遍又一遍地讲。呵呵。。。,0
12299,看了她的《论语》，在看《庄子》的，觉得前者好。这一本给人的感觉是准备很仓促。,0
12300,单位用户千万别买，支付太不方便。 一定要支票到帐才发货，结果给了支票，居然两天不到财务那里，找了一天才找到支票在那里。 18号下的订单，28号才送到，而且还是支付的现金，支票依然没有到帐。不知道那个单位可以忍受这样的服务。,2
12301,使用电源适配器容易发热，有点担心会烧坏，触摸板的按键有点硬。,0
12302,待机时间太短，而且通话质量也不是很不好。,0
12303,抵制日货不如抵制蒙牛、伊利先,0
12304,主要是介绍经络穴位的东西，感觉是东说一点西说一点，内容很零散，且里面的方法说得很模糊，居然会排上畅销书，有上当的感觉,0
12305,"房间还算干净,卫生间很大,但没有设施。提供的毛巾每人只有一条，还是破的。总体来说不太令人满意。",1
12306,觉得内容很空，也不知道是不是我的理解力不好，没看懂，还是它确实写得不清不楚、不明不白！,0
12307,键盘用起来不怎么样，功能有点别扭，手感不好，内存也不怎么理想，跟本存不了多少东西！还有，电话本和短信息的存储量也非常小！！！,0
12308,看着他们浴血奋战，看着他们在那个年代为我们杀出幸福之路，为我们搏出国家的尊严，在明知是必死不已的战争里，他们还是想胜利~~是炮灰吗？不是！他们是子弹，是最最锋利的刀刃，直捣敌人心脏~！他们教会我不论在任何时候，就算破败不堪，就算狼狈囫囵，就算没了希望的火焰，也要乐观向上的生活下去，有着崇高的信念，有着坚定的信心，就会活的精彩！活出尊严，活出价值，活出真正的自己！值得收藏~~,2
12309,这是一个让我比较不满意的酒店。由于订酒店时太晚，没有订上隔壁的“君逸康年大酒店”，本以为天玺与君逸康年一墙之隔，不会太差，结果太令我失望了：1、酒店隔音效果极差，以至于直到半夜2:00还能听到走廊以及隔壁不该听到的声音；2、设备一般，设施基本都比较老化；令我非常恶心的事情是，提供的一次性牙刷非常软，而且最要命的是，牙刷居然掉毛，掉出的牙刷毛粘在舌头上能感受到却找不出来，让我漱口半天才感觉嘴里清爽了；第二天早晨换了另外一个牙刷，效果一样，晕。由于有了这恶心的经历，我才时隔多月仍要上来点评一下该酒店。这酒店对于长沙的住房价格来说，太名不副实了，如果大家非要在这附近住，我强烈建议到隔壁的君逸康年去。,0
12310,不知道是不是个例 键盘空空的 去华硕维修了下用双面胶粘了下 按下去还会起来 键盘晃悠晃悠的 请问京东这个怎么处理啊？？？,0
12311,"住过的最差挂牌五星酒店!!! 所订的行政高级江景房面对富春江,不过酒店和江中间有个中学隔着,酒店周围有很多老的居民区和一个医院,感觉有点乱七八糟.硬件总的来说马马虎虎,有点特色的地方只有卫生间的镜子是加热的,人性化.房间里有介绍当地景点的地图和杂志比较方便. 但是服务让人非常不满意! 1.酒店的停车场管理十分混乱,我去时正好是五一节,当地结婚的较多,但是从来没听说哪个五星级酒店因为举办婚礼连基本住客的保留车位一个都没有,但是这酒店就是!而且连着一号二号两天都是这样,害我为个车位等了半个小时! 2. 同样因为结婚包场的原因,偌大酒店竟然除了ROOM SERVICE 以外没有提供餐饮服务(很客气地告诉我连ROOM SERVICE都要等待一长段时间!), 吃饭都只好外面请! 试想游客一天劳累回来吃不上饭心情会如何? 3. 酒店里的大量设施都不能使用,健身/游泳/美容全部停开,让人完全不能理解,而且都不给客人一个合理的解释! 4.酒店空调系统有问题,房间里没冷气只有冷风,修理后好了半天半夜里又坏了,让人非常郁闷. 5. 房间的保险箱和放盗链都损坏无法修理, 感觉不安全. 6. 以上问题跟前台说了以后,那个小姐说会马上跟经理联系给个答复,然后就是石沉大海,感觉完全是敷衍了事! 一直到我离开酒店都没个说法! 7. 基本所有服务人员都没有笑容. 以上是我五一节在酒店住了两天后的真实感受, 节日的服务质量稍有下降我能够理解,但是降的那么厉害的""挂牌五星""还真是领教了!",1
12312,感觉《朗读者》的调子是灰蓝色的。我是在火车上一口气读完这本书的，合上书后，我把眼光投到窗外远远远远的远方，流下泪来。米夏用十五年，为汉娜朗读别人的悲欢离合，儿汉娜则用一生，为米夏朗读了自己的爱与尊严。她守护着自己卑微的秘密，留存着自己小小的爱情，她裁下自己过去在集中营的日子，贴在了在狱中的十数年，背负着令人压抑的沉重和令人窒息的甜蜜，在那一方斗室里，读写着，看窗外花叶飘零，聆听鸫鸟的歌唱和雨点的敲打声……她是多么期盼着心中的那个少年对她依旧迷恋和依赖啊！“你为什么，不给她写写信呢？”典狱长如是问时，米夏努力抑制着哽咽。汉娜31岁时的脸庞，恍惚间，浮现米夏眼前，重叠在那张已然衰老，却依然平静的遗容上。那时那刻，记忆呼啸而过。带着鲜果的诱人香气的汉娜，好像从来没有老去过……,2
12313,经济类酒店，所以价格适中。酒店设施服务就一般了。虽然在亚龙湾，但是交通十分不方便，下次还不如住在市区。,1
12314, 蒙牛一经理篡改生产日期被抓,0
12315,"盛名之下,难符其实.易中天的序也甚敷衍.",0
12316,镜面效果不错，声音挺小。特别喜欢屏幕前面的网罩那块，同事看了也买了个！,2
12317,"这本如夏天般绚烂的书,已被我深深刻在了心底,心中的那份感动,仍在心湖荡漾开涟漪,久久不能平息.....这是我看晓溪的第一本书,从此喜欢上了晓溪结局对我来说是美好的,一开始,我就很喜欢欧辰,而洛熙也获得了无可替代的平静,很美好...不过,也许我比较倒霉,第三部竟然少了30多页,只好重买一本,但我一点也没心疼,这部书带给我的远远不止那几十块钱!",1
12318,这本书紧接《春秋大义》，作者一以贯之地以浅显的语言，告诉我们古代的智力英雄们如何解读春秋，这些解读又是如何上达庙堂，成为历代大政方针的出发点和依据。春秋只有一个，但解读却有无数，正是历代第一流的精英们的或深刻或偏颇或华丽的解读，织就了一身精美绝伦的不断变动的思想图景。作者带领我们有条不紊地游览这幅图景，一一指出其中的精妙幽微之处，让我们对历史有更好的认识。严重推荐！,1
12319,1、外观的确不错；2、输姓名的时候把名字里常用字放前面，比较为人着想。因为我的卡补回来号码全没了，100多个重新输过，体会比较深刻；3、声音不错；4、键盘设计的不错，按起来舒服。,2
12320,其实在网上我已经看过N遍逃爱记了，但仍忍不住买了纸书来珍藏，非常喜欢逃爱记，顾正荣非常符合我们对爱情的想像，深情，温柔的男主是每个女生都想要的，毫不意外，我也非常喜欢顾正荣。至于凌小萌，很可爱，像个小驼鸟，估计在此文中，不是顾正荣生病住院，小萌肯定还会继续逃避吧！幸好，人海大给他们安排了这样一个美好的，让人回味的结局，很喜欢，是值得珍藏的一本书。,1
12321,与几月前相比变化不大 用餐便捷实惠 客房干净整洁,2
12322,"我个人认为没有主线,有点乱.可能是我思路不够宽",0
12323,请师傅安装好。当天晚上就用了，效果特别好。不错！,2
12324,戒奶很长时间了，尤其蒙牛跟伊利，连我曾经最爱的小布丁雪糕我都不吃了。 就这种管理，怎么好得了？,2
12325,不错很好，安装花了110元。,2
12326,突然发现公司简称UEC的含义很多啊。 1、UEC：Ubuntu Enterprise Cloud 企业云 2、UEC：蒙牛优益C 当初起名的时候很有远见！ 蒙牛也在花钱请小S替我们做广告。,2
12327,挺好看，本来是买给我儿子看的，可是后来我自己也情不自禁拿来翻阅，书中的漫画很好笑，还有很多知识，大人小孩看看都很好，只是很可惜这么好的题材科学漫画确是韩国的作品，国内为何就放弃了轻松学科学普及科学的这一方式呢？阅读场所选厕所实在是我太忙，时间都被其他的事占领，只有上厕所才是我最放松的时候，常常看到脚都麻掉才起来，呵呵，见笑了！,2
12328,因为这是本很多人都说好的书，我才买来看的，也许是余华写的东东和我本人的套路完全相克吧，我觉得他这书写得差劲极了，我个人感觉他有点模仿王小波，但是那种控制文字的能力差得远，所以不伦不类的，非常后悔买这书。,1
12329,"夏日商务套房的价格780,稍高了一些. 如果是平时的600多, 还合理. 但总的来说, 比起哈尔滨的华旗, 华融等所谓的四星级酒店的套房, 房间的色调及配置, 还说得过去, 面积不大不小, 45平米.哈尔滨除了香格里拉, 但房间又太小, 在江边的凯莱花园酒店不错, 开发区的福顺天天还可以, 余下的就数金谷了.但它新装修的房间虽然很现代,但味道太大, 否则, 应该让它排到第二位.",1
12330,一个字——满意，在烟台住过几家酒店，这里的服务最好提前联系酒店希望他们能到机场接我，总台小姐一口答应，我晚上8点多到烟台，车已经等着我了。到了酒店，问司机接机费多少钱时，竟然告诉我是免费的！！！他们有免费机场接送服务，第一次听说这种服务，不错，好像打车要40多块呀注意到酒店设有机场售票处，3分钟搞定机票，方便！总之，很好的酒店！肯定会常住,2
12331,金老编得不错，但我发现了很多错误哟，哈哈。要本着怀疑的态度去治学。比如金老师在书中对于唱白脸和红脸的解释就错了，按照京剧当中的说法，红忠白奸；唱白脸才是Play the villain，而金老写反了。又如：形容妻子可以用戏谑语Betterhalf，而金老写成Bitter half了。又有金老在写《四书》时，落下了《论语》，我数了半天，只有三书……虽然有些错误，但读者细心的话，可以辩证地来看。,1
12332,漂亮，外形我喜欢，在办公室觉得噪音控制的很好，基本听不见，不知道晚上如何,2
12333,这位姐姐对这本书几近痴迷。我不好这一口，没有耐心看它。纯粹表扬一下这次送书的效率和质量。起码书的品相不错，好过我前两次购书。希望以后能保持。,0
12334,缺点：服务员太少，忙的时候能排大队，用餐需要出酒店到外面吃，索性还不如不提供早餐呢，房间狭小，卫生纸供应不充足。优点：交通方便。,0
12335,仔细拜读了一下，无论从教学思路上还是语法讲解或是配备的习题答案，都非常全。听力理解，对话练习。特别是一些加点的需要引起老师注意之处，“请不要在此讲授生词，学完“对话”自然就理解生词了。”介绍故事，理解情境，听力目标等。非常详细。是本不可多得的好书。,2
12336,"80年代的人,是随着改革开放而成长起来的人,应该说,也是见证这30年的最好的一代人.但是这代人中,对于80年代的疯狂,对于90年代初的轻狂,已经没有多少的印象,但是这本书,让象我们这一代人,对于模模糊糊的80年代,有了一个清晰的了解,而对于那个时候看不懂的90年代,有了自己的理解.感谢作者给我们提供了这样的一个认识这段历史的机会,而且让我们更加真实的看到那一代人的执著追求.",1
12337,鼠标不好用，很紧，而且是金属材质； 视频时电脑喇叭音量会变小，听不清对方的说话。,0
12338,文章中类似口语叙述，列举的例子太短而且没有说服力，像是在为了证明自己的观点在捏造事实一样。,0
12339,原本喜欢伊利牛奶，不过喝完蒙牛香蕉牛奶心情豁然开朗。从现在开始，微笑吧，世上除了生死，都是小事。蒙牛,2
12340,本人是大二学生，处于大学的迷茫期，身边的人，尤其师兄师姐和家人总是或多或少灌输他们的认知，大学的出路很难明朗起来。本人一直在寻找属于自己的明灯，恰好发现新东方的这本书，实在如获至宝的感觉。这本书批判了很多传统的观念，不管是大学还是工作的人都适合看，甚至未入大学校门的高中生也非常值得一看，本人亦向别人推荐了这本书，希望也能帮助到你！,2
12341,买书前在网上看完了开放的部分，心里念念不忘，每看到书名都能引起联想，放不下的一本书，一般网络小说我很少买，只是随便一看，这本是个例外，买来一气看完，反而有些小小的失望。书的前半部很细，小秋的坚持，沥川的与众不同，他们让人感动的爱情，后半部有些草草收尾的感觉，不再细腻，感动我的是前半部，但仍称得上是一部好书。书还是捧在手里看有意思。,1
12342,看到了第六章，感觉内容确实如书中所说，其实很多的人际日常交往技巧真的是没有什么神秘之处，都是在日常生活中需要注意的一些小的细节而已。但就是这些小的细节，却能够起到很大的作用。内容值得一看！但是我感觉只需要看内容和每章开头英文的章节名称就可以，而不要去看中文的章节名称。中文的章节名称不仅翻译有很大问题（哪怕我们从意译而不是直译的角度去考量）而且和章节内容本身基本毫不相关。,1
12343,屏幕细腻，铃声音量大；操作简单，功能易上手；支持带保修的软件升级。,2
12344,滑盖十分流畅，显示屏够大！有自拍镜功能！支持JAVA。,2
12345,客房环境级差，房间里时常可以看见“小强”，新铺的床单上由占整个面积3分之2的不知道是什么液体留下的印记，还夹杂着3、4个黑鞋印，恶心之极。卫生间所有的下水都很慢，在浴缸里冲澡每5、6分钟得听一小会儿，要不就水淹七军了，毛巾都是灰色的，实在是差劲。建议想入住德请慎重考虑。,0
12346,"外形美观,小巧,很适合女孩子用",2
12347,配置不错，GF130M的显卡的笔记本电池续航能力已经非常不错了，C面过热的情况没有出现，噪音控制很好，键盘手感好,2
12348,福建山水大酒店1、看来升4★还是有道理的，服务不错（专人接待和洗衣能比较及时地送达）；2、早餐的皮蛋瘦肉粥不错（尽管第三天早上的有点糊味）；3、二楼的餐饮值得推荐（招待客户时）；4、设备比较齐备，有棋牌室，尽管没去打麻将，看了看环境还可以；5、地理位置不错，窗户对面居然就是－洲际酒店，但打车比洲际方便很多；6、房间上网速度不错，有600KB/s的样子；7、不足嘛：A、福州酒店好像都是一样的问题－－房间购大，但厕所比较小，尤其是马桶的Size……；B、二楼的餐饮无商务套餐，结果比较浪费（按单人50元餐饮计算），已提过此建议，不知是否会改进；C、房间窗户隔音效果比较差。我住在16楼，第一天刮小台风，窗户震了一夜。第二天白天和第三天白天，楼下某车警报器发癫似的直冲云霄……好在房间有个小音响，开到3/4格音量放着摇滚，感觉居然还不错……D、明显存在的问题：8号中午一点多结账时，结果结账的地方才1个人（而且还在忙着统计“对账单”），同一个柜台的接待处却有3个人，而此时并无Check in的客人，但接待的3人“无动于衷”……（为赶回来看奥运会开幕式，只好要求她们加快或来一个人来帮忙）结果又遇到刷卡有问题。我还没急，结账的那位却风风火火只会把卡左刷右刷的刷了n次（完全无视系统的“报错提醒”）我再三提醒看“请看看是什么错误信息”，才知道是余额不足。只好分别回房间和到商务中心，共转帐二次，结果还是刷卡错误－－回来后问银行柜台咨询才知道是：因为短时间内刷卡太频繁，银行保护把卡锁了……其实：中午时间本来就是Check Out人比较多的时候（从我开始结账到结账完毕，共有四位客人在Check out，却无人Check in），前台人员配备明显不合理；如果结账的那位女同志仔细一点，发现刷卡有问题时多看下提示，就不会耽误客人如此多的时间，而且不会导致锁卡（好彩为看开幕式归心似箭，提前了1个小时CheckOut，否则……）；出现问题时，请冷静点处理，居然比我还急（尤其是她那说话的声音又高又尖又快），如果我也象她那么样急一下，不吵架才怪……当然，酒店的服务从始至终，包括最后处理卡问题时知道换另外一位接待来处理，服务态度还是可以接受的，总体上此酒店还是值得推荐的，希望能百尺竿头更进一步。最后，携程的价格比我在前台听的某价格贵了少许，虽然我接受了此价差入住了，但携程还请加油！,1
12349,蒙氏的这几本书总的说来内容比较相似，总结性的发言就数《有吸收力的心灵》了，主要就是阐述了人的发展规律，作为父母应当做孩子精神上的仆人，让孩子在工作中找到乐趣，有一本数专门讲述了蒙氏的教具，自己制作还是很有难度也要很多时间，买又太贵了，真希望这里有这样的幼儿园可以让孩子工作的地方。这几本书还是相当不错的！,2
12350,系统升级很麻烦！耽误了几天时间，而且我打电话去客服，一共两次，得到的答案都是不同的，我有点晕了，不是一家公司的么！,0
12351,好像不大适合北方的语言习惯，词，字搭配得很别扭。所以读得很累。读之前报的希望太大，所以失望越大吧。总之，不喜欢了。,0
12352,不知道说了些什么从个案得出结论韩国人居然是这样的逻辑推理能力大家还是把钱节约起来买几本更有益的书吧相信我,0
12353,此书与电视的热播形成巨大的反差，买它作为公司读书活动的读本，结果是没一人去读完，书写成这样子，真是令人失望．,0
12354,我觉得这个酒店应该是我住过的能评上四星级酒店最烂最烂最烂的一间了。首先，房间还没进门，过道里地毯发霉的味道就绝对让你发晕（我住在7层，那层居然还有经理室之类，他们鼻子坏了吗？）其次，进门以后，被天花板发霉掉落的墙皮灰震惊了，这也是个酒店，应该是个招待所还差不多吧。卫生间还不错，很先进的独立玻璃淋浴房，但是我人不能睡在淋浴房里。再次，超级超级差的隔音，隔壁人很普通的讲电话声音，让我感觉，没有墙的存在。每天早晨对面的经理室、值班室、服务生都会用很大的力气关门，继而热烈的交谈，而这种每天在早晨7点半被震响的经历，实在让我头痛……最后，结账后，我有些东西得拿袋子装，礼貌的问前台mm，能给我个手提袋吗？mm刚给我结完帐，说，你都结账了！我……晕……，忍住，问，那我怎么办，我东西拿不了，我得去机场……mm“你自己去房间拿”我“厄……可是我刚把房卡给您了”……最后我随便去了个楼层，找了楼层服务员要了一个手提袋……我无话可说了这酒店……我明天又要去哈尔滨，但是我打死也不会选择波斯特的宾馆反馈 2007年7月27日 ： 对于您在入住酒店期间发生的不如意，我们深表歉意。酒店会加强雨季时楼层的通风以保持清爽干燥，同时在礼宾部预留足够的备用手袋。另外酒店也会加强巡视，最大限度地保证楼层的安静环境。最后我们真诚地欢迎您再次入住，感受我们的改进。,1
12355,因为看了《士兵突击》的连续剧，爱它，所以买它。以为可以让自己感动的影视，其书更值得自己收藏。但真让人失望！,1
12356,我是一名工程技术人员，本不是管理人员，但是我喜欢看《哈佛商业评论》。这倒不是因为我想当领导，而是因为看在方面的书可以用以管理自我：自己的时间，自己精力，自己的各种兴趣爱好，自己的生活。《紧迫感》虽是管理方面的书，但却是关于人的精神状况或态度的，并不涉及具体的经营管理，用在自己的身上非常合适。紧迫感，真正的紧迫感，虚假的紧迫感，自满。对我有很大帮助和启迪。,1
12357,我家小姑娘刚上一年级。给她念了这本书，她非常喜欢也很向往豆豆的生活，结果在课堂上复制了豆豆的动作：把上课时把课本打开又合上，打开又合上。老师叫起了她，罚她站到一边。结果她也象小豆豆一样，对于罚站无动于衷，沉浸在她的小宇宙中。最后的结果当然也和豆豆一样，被请了家长。我只好告诉她，书里虽然也是真事，但是，你不能把书里的事搬到你的生活中重演；否则你要是被学校开除，妈妈可就没辙了。晕啊~,1
12358,比较旧了，但整体感觉还行。服务也还可以。,1
12359,装xp系统要先关闭bios里的sata，驱动有些麻烦，要一个个上网下载,0
12360,原来造假的根源来自教育，我们错怪蒙牛了么？,0
12361,这是我看过文字写得很糟糕的书，因为买了，还是耐着性子看完了，但是总体来说不好，文字、内容、结构都不好,1
12362,其实，非常感谢从来没有见过面的任老师。这本书真的很值得推荐给想考研的学子们！本人也是大学里面的老师，这本书真的很棒！希望更多的人，可以通过自己的努力，实现自己的梦想！,2
12363,怎么看下去会一段后故事还没结束，又说了其他事，后又接上前段事。有时另我一塌胡涂，要看前段说了什么，才接下去看。是不是印刷错了啊？,0
12364,我相信ibm的产品，性能不错，屏幕不错，比原来公司的Dell D610要轻，所以有人说SL400比较重我就不觉得了，办公与普通娱乐够用了。,2
12365,看完（白夜行），让我有了新的目标，那就是要把这个作者写的所有书全部看完，也不不太记得是看到哪里就已经猜想到结局的，只知道那个过程一直让我念念不忘，让我连续好几天都沉浸在故事里！不知道为什么，看完了书就不太想去把由此书改编的日剧看完，虽然很多人对我说电视剧比起书更有爱，可是书带给我的伤感已经足够了，不想又再经历那种黑暗的感觉！,2
12366,1. “OK”按键手感一般2.屏幕在强光下显示效果一般3.拍摄的照片不能作墙纸使用4.外观设计无新意5.不支持红外和蓝牙,0
12367,配件少了点，基本上就一个光机，以前Y430配的遥控器也没了，连网上看到人家说的小鼠标也没有发现……,0
12368,不能给人什么深刻印象，老五星，价格比较低。。。可以入住。。,2
12369,这本书是和那本“别叫我英文单词书”一起买的，收到后单封面就看出高低了，翻翻内容和版面设计，这本书真的太一般了只能说，一直放着没有读的欲望，到现在也没翻出10页；内容有一些不太专业，不值得看个人感觉,0
12370,特仑苏</Feature,2
12371,提货处试机时，第一次开机时按电源好几次，也等了很久，才突然自己启动，不知是什么原因；无调制解调器，虽然用的机会不多，但是偶尔需要传真时很好用；Y430有配鼠标，这个居然连鼠标也省了,1
12372,明明买了6本书，只到了3本，也没有说是什么原因，以后怎么信的过？？？？？？？？？？？,0
12373,就在崇圣寺后面，酒店环境不错，但硬件设施比较陈旧。地理位置离景点近，但离市区较远，希望酒店能多为客人提供交通上的便利，比如多发班车之类的。,1
12374,外观挺漂亮，屏有点小，装系统麻烦，各位高手告我哪个是摄像头驱动程序，刚买了就送包。亏了一个包。别的都挺好,2
12375,酒店房间算不错，大床很舒适。晚上睡的很香，酒店环境不到四星标准，但又比三星高。地点很好，价钱适中。,1
12376,"1,右托掌处外壳接缝不严； 看了一下,好像是下面那个脚座比其他几个低了点.除这个不爽之外都还行",0
12377,哎，看一遍就差不多了，谁想要转送给谁啦，偶是武汉的，需要的联系我呗qq42950063,0
12378,性价比比较高，在临海属于比较好的酒店了，老酒店翻新,2
12379,"准四星已经正式挂牌为四星了,房间很大很干净,服务也不错,酒店就在火车站旁边,交通很便利,而且大商等大商场立着也不远,购物也挺方便,不过也正因为在火车站旁边,酒店门口显得比较乱",2
12380,1.上了半天网，都上不去，问酒店，答曰坏了。气愤！2.晚上入住适逢变天，天气变冷，开了半天空调，竟然还是冷风，问酒店，答曰晚上关空调。晕！床上只有一床单被，到处找被子，无。问酒店要，半小时催了三次电话才来。还是冷，要求在加一床被子，服务员去后再也没回，打到总台，又等了半天，回复没被子了。不把顾客当人啊。3.一晚没睡成，凌晨5点多，被不知道哪里来的低沉的轰鸣声吵醒。在房间找了半天没查出哪里来得声音，叫来服务员，（半小时催了三四次才来，人都要疯掉）。六点多服务员才来，也解决不了。就这么一夜没睡。买气受来了。4.到总台要求当班经理来解释，换了几个人来，说了几遍，酒店不断去落实事情真相，最后才来一个自称客服经理的，说却有其事，表示道歉，做了一小时的冷板凳，一口热水没喝，口都讲干了。这就是他们的诚意。总结：硬件老旧，服务太差。,0
12381,蒙牛啥时灭亡,0
12382,初拿到这本书，并未迫不及待打开翻阅。因为想找个适当的时机，细细品味其中的美丽与哀愁。夜深人静，万家灯火渐渐熄灭，独自在房间，点燃台灯，发现能很快的融入书中所说的情节。每一段美丽的诗词歌赋之后，都有一段伤感抑或幸福的故事。随着主人公的悲伤而失落，开心而快乐，让我懂得，在古代，居然也可以有如此令人心动的爱情。一种亘古不变的情怀。,2
12383,爱，是缠绕在心底的藤蔓。他们初相识，那么纯净，像两颗冰块一样透明。只可惜，她想走的是另一条路。谁也不能说她的选择有错。一个女孩，选择背负生活的重担，依靠自己打拼一片天。多么不容易。牺牲良多，好歹自给自足，丰衣足食。按照马斯洛的需求层次论：“生理”、“安全”、“感情”、“尊重”、“自我实现”来讲，衣食足，温饱、安全问题得到解决，才有可能在平等的基础上寻求感情，既而享受被尊重，实现自我。女孩的人生成功了，不过，遗憾的是，男孩却等不到这一天。归根到底还是感情不够坚定吧。爱亦舒，爱她够现实，人在感情上总是渴望回报，没有人可以坚持到天长地久，海枯石烂。可是，我仍然觉得很遗憾。我骨子里盼着他们最后能在一起。我在心底为了他们每一次的见面欢呼，为了他们的无缘而伤感。我始终觉得，他们应该是一对的。可惜他们从某一个点出发，到后来发现已经离开对方太远了。我最痛恨的地方是，有很多人，他们分开，再没有回头的机会。男孩和女孩不同，他们总是相遇，却白白让感觉溜走。徒然使我这样的看倌着急。爱情这东西，当珍惜时且珍惜，它绝对会随着时间的流逝而淡去的。再次对女孩的抉择表示钦佩。由于她的理智，“生理、安全、尊重和自我实现”都做到了，唯一缺少的是感情。而感情是多么不靠谱，假若有一天，彼此倦了，岂不一无所有。最后那男孩还不是选择了另外的人。在文章的最后，女孩说，她现时拥有的一切，均由她最最珍贵的一样东西换来。可是我想，假使再给她一次机会，只怕她会做出同样的选择。留一个自己爱过的人在心里，在今后漫长的年月里细细回味，从这一层来讲，女孩还是统统都得到了。不是吗？,2
12384,前段时间，电信搞活动，机型是UT106，一直对UT的小灵通印象不错，所以有点兴趣，去看了看，机子很漂亮，这是第一印象，于是就买了~~100块钱，预存50块话费，免两年月租，挺划算的。已经用了有半个月了现在我想对它作个评价：1.机身小巧，耐磨。2.手机信号不错。 3.电池待机时间长。 4.支持IP直拨功能。5.支持中英文短信收发和存储(收件箱 100条/发件箱100条/草稿箱 10条) 。,2
12385,还算精美的一本书，最开始吸引我的是很多人的评论和推荐。花了一晚上的时间一口气看完，喜欢谭斌，喜欢程睿敏，喜欢他们之间的爱情。我只是一名在校学生，等将来毕业也要踏入职场谋求自己的一席之地。其中的一些细节让我羡慕，我也希望像谭斌那样，干练，优雅，知性，大方，即使有点傲气，但也是朵骄傲的玫瑰。因为这本书，对职场小说开始有所迷恋。,1
12386,我觉得这本书完全不适合我，看完了也影响不了我的一生,0
12387,"1.收了包天的10元话费,却打不出电话;2.装牙刷的盒子是一个空盒子3.不提供购物袋",0
12388,创业者从微观推向宏观，发现一部分人的需求，然后向一群人推起来。80年代的人不要跟70年代，跟60年代的人竞争，而是要跟未来，跟90年代的人竞争，这样你才有赢的可能性。商业计划绝对不是一个销售计划，里面有无数细节，无数人才的运营。蒙牛不是策划出来的，而是踏踏实实的产品、服务和体系做出来的。,2
12389,上周二又来住了。这次住的是大床房。有个最大的问题，给了我一间装修味道很浓的房间，进去以后一下子鼻子很不舒服，开窗开了大概半个多小时后才稍微好些。也没和顾客说最近装修啊，以后能不能不要给有装修味道的房间？,2
12390,住了一次民国楼，说实话感觉很一般。服务可以说算差的。早餐单早，另一份居然要45，9：30早餐就结束了，9：15去居然也收45，而且没有吃两口宾馆就开始收东西了，398的房价，45的早餐啊，说时候，198的房间，免费的早餐也不会出现这样的服务。民国楼的大床房不能住，房间也特小，下次不会再选择。,0
12391,机子造型可爱！那个镜子也算实用，上班起晚了，路上拿出来偷偷照照！机子还算轻，一般放在口袋里就可以了！价格比较便宜！翻盖时，感到很流畅，应该做工很好！屏幕还好，算比较清晰！铃音也行了！要求不高，1500元买的要求高不太现实！游戏玩起来，画面还算流畅，没事时，可以放松一下！,2
12392,当年在晋江上苦苦追文，是因为看了算不少清穿都是一个人，没有亲密的好姐妹一起穿的，这样呢就不用大段的番外，而且可以从不同的角度来看待同样的事情，还想高考完了自己写个两个人同时穿越的，然后就看到了《清梦无痕》，和我想的如出一辙，所以就很喜欢,2
12393,非常差，服务差。房间比较大，但也很差，更重要的是临近铁路，很吵！难怪酒店生意不好，人很少！,1
12394,是什么使我们的小茱蒂即是有一个孤儿的身份，还能活的这么开心快乐，是孤儿院的赞助理事，从未见过面的--长腿叔叔，还是她本身就是一位性格开朗，乐观，坚强的姑娘。看过这本书后，我们好似在与她一起成长，一起长大，与她同欢乐，与她共悲伤。本书基调是健康的，向上的。推荐我们的家长可以放心地给成长时期（10--18岁）的女孩子大胆去看。让我们每个人都要学着怎么去爱，怎么与人交流沟通，学会感恩。,2
12395,我一共买了6台电脑刚送到，送过来就付款了，也没拆箱，刚拆箱就吓了一跳，按键的键盘都敲起来了，我晕，你们卖的是行货吗，是不是返修机呀，我要求退货！到现在还没退！,0
12396,对喜欢的书有一种嗜好，必须在得到它后马上看完，这本书也不例外。之前买过的书没有想过要评论，因为没有某种感情催促你这样做，可是现在我想写下关于我对它的感受。封面是很吸引我的原因。感觉像是炎热夏日的一道降温剂，很清新的感觉。每个人心中都有属于自己的“摩天轮”，那是她永远到达不了的地方，那一段一段开始的独白。每当仰望天空，仰望摩天轮时都会对自己说：巴黎在等你！推荐给大家   你会爱上它！,2
12397,钢琴烤漆表面，很漂亮，外观大气。键盘与其他系列有所不同，配置很好，性能不错。还送杀毒软件，价格也不错。,2
12398,#抵制日货#还不如抵制蒙牛来的实际。自己人打自己人最厉害了，有本事全上岛呀！,0
12399,做工不错，外壳也很漂亮。测试了一下还行！~中通很快啊，13号下午的订单，今天早上就收到了。,2
12400,安装麻烦，后来装了VISTA，发现了几次关机蓝屏的情况，但使用正常，有待观察。,1
12401,1. 诚信有问题的酒店。在前台问价格比网上订便宜多了，然后，知道你是网上订的，就马上改口，然后一定要你用网上的价格结算（由于网上订是用信用卡担保的，没办法），结果，就被坑了。2. 房间的蚊子挺多的。3. 温泉没怎么清洁，早上 8：00 去泡，刚换的水，还是很脏，不明白为何人那么少，还那么脏；温泉的设施与开平、阳江比，只能说是落后10年了；4. 温泉在山边，空气不错。5. 餐厅还行，早点做得不错，与外的几间大排档比，价格上也很接近，在餐厅吃也不错。补充点评 2007年10月7日 ： 少说了一点：6. 酒店没有 POS 机，不接受信用卡，这非常少见。,0
12402,"楼不高,但是转弯太多,方向感不强的人有时会转不清方向.邻近峙山公园,风景不错,早起也可以爬山.",1
12403,在起点追读已久，听说出实体版了，特意买来收藏，也方便我继续向别人推荐这本书。在人人想做颠覆世界、掌控一切的大人物的书海中，忽然看到这样一本写平常心的小人物，而且写这如此有创意如此爆笑的书，实在是太难得了！吃饭喝水时不能读，会喷饭；上班时不能看，会突然爆笑被发现... 实在是让人很开心同时又常常会觉得非常温馨的一本书，可以轻轻松松就一口气读完非常流畅。,2
12404,我看了了晨晨写的这本书后，觉得他是一个比较内向，很慢热的一个人，他把自己的真实情感都写了进去，也让我了解了晨晨这一路走来的艰辛和不容易。更让我了解了晨晨这一路走来不仅有乐橙们的支持，还有比乐橙更关心、更支持晨晨的魏伯母和魏伯父，在他们心中儿子是最棒的！这本书不仅我看了，连我的父母都看了。他们都说：“这个孩子走到今天这一步不容易呀！”还让我向晨晨学习哦呢！这本书值得大家看哦！,2
12405,故事里，孙波，小浪，画家，每个人都辛苦的活着，就好像我们这个社会，好多人苟延残喘，总有些无奈。小浪的死，画家杀了妻子，孙波最后疯掉，每个人仿佛都在逃避苦难，每个人有都好像得到解脱，殊不知，身边的人更加受伤。故事一直以不同身份的人在讲述，送每个人的角度出发，却都有着悲伤的口吻，也许你看过这本书会觉得很压抑，但是这就是生活。每个人欣赏角度不同，但是我很喜欢这本书！,1
12406,"我到现在都还没有收到书啦,当当真的好慢.上个星期买的书,本想这个星期六看都没得看",0
12407,"相隔千年的感人故事,虽然还不至于令我感动到哭泣,但作者写作的功底实在令人佩服,全文流畅的几乎让我欲罢不能,一口气读完了整篇作品,说不上是荡气回肠的爱情故事,但细腻的勾勒出主人公之间微妙的到激荡起伏,完全刻画的流畅自然,几乎就象这个时代可以发生的事件,也许未来的某一天,我们的科技真能达到这样的水平.作者对于历史方面的涉猎可见其真功底,似乎能让阅读者在想象中勾勒出历史的风貌,实是一部好作品!",1
12408,经典的小黑，Lenovo的品质也没那么差吗，我觉得还是很不多，可能是有些人别有用心，哈哈！,0
12409,"完美屏!外观很不错,打开来键盘区域也显得很有档次,而且还有一排功能键,很方便,各种接口齐全,而且还自带了正版VISTA,不过我还更希望不要系统再便宜点更好.VISTA实在是用不来,肯定还要装回XP的.",2
12410,我是12月20几号在珠江花园酒店住了几天，感觉还不错，出门就可以到海边，不过下午饿了，酒店没有什么吃的，出去外面也都还没有营业，感觉挺不舒服的，但是此酒店在来看来还是蛮ok的，相对这个时间，价格还不错，也像前面说的房间不够大，尤其是阳台太小。不过下次我应该还会考虑入住这间酒店。补充点评 2008年1月1日 ： 不知道为什么我给的4分，跳成5分了，补充一点，这间酒店我只评4分。,1
12411,选本的时候关注的太多.最后其它牌子全部淘汰了.只剩R400跟华硕的N80流苏系列.然后听公司同事说华硕是真的不行.想想还是算了.选R400以后又看了水货的T400.质量上来讲没什么太大的区别就是R400厚了一点.也不喜欢水货而且正好5月12日买的时候赶上活动.便宜200.,2
12412,极差，4月1日买，4月12日坏。去售后，发现同时有3人在返场检测！,0
12413,买蒙牛未来星的时候我在健骨型和智慧型之间徘徊了好久，我拿起健骨型，后来想起一位中老年妇女总说我是猪脑子，我果断放弃健骨型，果断拿起智慧型。如此衰样，一会儿去跑四圈！,2
12414,成了一个数码相机，不像手机了。功能很全，支持,2
12415,"垃圾,相当垃圾,1和2好多都是重复的不说,还总是买关子,什么这个的详细内容看第二本的多少页,那个内容看第一本的什么地方.诸如此类的数不胜数.总体感觉就是再变相让你买他的书,手段相当下贱.而且字大行稀........",0
12416,马丁路德金的这个演讲一直是我最喜欢的，很振奋，他也是我最崇拜的人，他的声音时常给我带来力量和勇气。这本书有同样的魅力，看似神秘，但通过许多成功的人告诉我们，你该拥有一个梦想，这个梦想能够实现，这本书也会给你带来你需要的力量和勇气，你应该自信的面对自己的人生，乐观地追逐自己的梦想，快乐的生活着。千万不要错过这么一本堪称伟大的作品。只要你读懂他，你的幸福就不远了。,1
12417,"数字按键太紧凑，没有空隙，手感不爽。反应实在太慢.内存小的可怜，32MB,还谈什么娱乐。",0
12418,喜欢关于大学讲座类的书，只要看到，从来都是毫不犹豫的买了来看，好好品尝知识和文化的大餐，可以学到很多东西。现在我这样的关于讲座的书应该不会少于100本了吧。每次阅读都会有新的感受，也决定了，不管什么时候，看到学术讲座的书都要买下来好好阅读好好学习。一个人真正不想孤独和寂寞，只有多读书多学习。这是我多年看书的体会。,2
12419,内存太小了点，标配2G就好了，视频130W小了点，好模糊的！装XP有点麻，没有XP驱动！麻烦点！,0
12420,开始看得平平无奇，但是随着一步步的深入才知道这一切只是铺垫，当结局踩着这条毯子走来时，虽然知道了它是谁，却任然充满了好奇，好奇它会如何走来！但是，这并不是最令人动容的，真正的发人深省的是内在的人生哲理，人的一生只有80岁强壮的或许能活过100岁，任何掩饰和努力都无法掩盖这个真理，人不能只活在自私的欲望里，不要只做想做的事，也要学会做应该做的事。毕竟时间过了就再也回不来了。,1
12421,我是看了报纸上的宣传才有了买这本书的冲动，后来在网上上搜了下发现不贵，就买了，花很短的时间粗略看了看，觉得一般般啊，并非物有所值，,0
12422,这个作者本身屁都不懂，写点虚得要死的东东，骗大家眼球。唉，损害中医的形象，建议大家不要买，俺买了后有相当的上当感觉,0
12423,除了地段可以，其他是一塌糊涂，惨不忍睹。和招待所差不多。,0
12424,第一次看到青山七惠的《一个人的好天气》是《青年文摘》上的一段节选，当时就觉得笔下的文字如涓涓小河流淌进心里，淡淡的名单是挥之不去。第一天拿到书的时候，一个人坐在图书馆的沙发上，读着读着就忘了时间，不自觉的觉得自己就是女主角，一起经历着这一年的春夏秋冬欢笑痛苦哀伤，五味陈杂生活就是这样，慢慢流淌，遇到该遇到的人又各奔东西，留下无尽的怀念和记忆，美好而感动,2
12425,"以为曾经是排行榜第一的书一定不错,结果,拿到书后,非常失望,印刷一般,纸张也一般,内容......提起内容,只能是消遣一下的书,有些理论是十分错误的.这本书迎合了大众的心里.但是,作者这种不负责任的态度,让人太失望了!不建议大家买这本书!!非常失望!白花20来块钱!",1
12426,外观满意，配置还可以！ 无线网卡驱动自带的可以安装啊，谁说不能装的！,2
12427, 坚持不喝蒙牛伊利之流很久 我都坚持不买蒙牛快1年了。。。啥时候倒闭啊 已经不买蒙牛好几个月了，坚持到丫倒闭,0
12428,抵制到底！ 还有这事？必须抵制蒙牛！三元吧回复 我错了，我真错了，我改! 居然还有人在喝蒙牛！老人不上网不知道蒙牛不能喝，你上网居然还让父母喝，就是你不对了。,0
12429,"房间不错, 但服务质素极低,服务员态度生硬,冷淡.入住两晚, 虽然大部份时间都在外游玩, 但也没少看服务员白眼,好象咨询下的士的状况也打扰了该酒店高贵的服务员.",1
12430,书很精致，作者毕竟是专业人士，在培养孩子艺术感觉方面有独到的想法，我虽然还看不懂里面小孩的作品的欣赏看点，但作者的有些观点我很认同。以前真是就给孩子报个美术班就以为万事ok了，看了本书，有所收获，我已开始行动了，带孩子看画展、听音乐、、看儿童剧、参观现代艺术展等等，一系列都是相通的。很好的书。作者办儿童艺术辅导班的话，我一定带孩子去！,1
12431,"配置相当不错能满足一般家用,散热还可以不会明显感到不适,有些驱动需到官网下载,安装XP系统很顺利,己用了二天目前都还正常.",2
12432,我的书缺少了十页，严重影响阅读！当当这么大的书店，怎么会出现这样的问题呢。我都怀疑我的书是盗版的。,0
12433,饭店前台和预订部缺少起码的沟通，信息传递很满，而且前台态度很不好，电话声音很小，不热情,0
12434,屏幕很大很清晰真实手感好拍照清晰,2
12435,故事一上来就认识了一个发丘族的行家，我不知道是不是作者的特意安排。本人老是不自觉地将这本书与鬼吹系列进行比较。而发丘正好就是霸唱没有提到的一个种族。不过一上来就弄个王胖子出来。后来才发现这还是其中一个主角的时候。我不得不想到“三叔”不会是同人吧。倒是麒麟血，这个让我耳目一新。那种青铜制品也贯穿了整个故事路线。期待吴邪这个初哥能将我们带到另外一个未知的领域好好来一场精神SPA。,2
12436,"这本书是骗人的,买这本书后是个教训.集结号出了后,我就没再去买书了,不会再上当了",0
12437,"网上随便看看也就算了,印成书发表实在有点无聊.可笑的是我居然买了.",0
12438,我收到的机器是裸机，没有预装系统，也没有给安装碟，装系统害苦我了,0
12439,"首先是个完美屏，满意~！各项配置都够用了，不玩游戏，只画画CAD及一些PHOTOSHOP,再就是看看电影。合算~！之前大家说的有点散热不好有点体会，但是没什么大碍。",1
12440,偶尔会死机，，不知是系统问题，，还是机器问题，，还在密切观察中.....,0
12441,有些盘片无法读取，包装质量不高。,0
12442,买回来后当天试了试，因为出差一直没用，昨天才打开，过了换货期。电池不能充电，希望出厂时严把质量关，给顾客减少不必要的麻烦。,0
12443,7号晚上到的，9号中午撤的。散布在绿树间的一幢幢俄式两层别墅，环境没的说，幽静，就是知了叫得太起劲（他们要到晚上12点左右才休息，早上6点多就有醒来歌唱的了）。离海边5、6分钟路程。宾馆内的瓦西里酒馆环境更没得说，而且价钱便宜，俄式味道也很地道，就是菜品少了点。因为这里还是外国专家疗养所，所以俄罗斯人比较的多。早餐一般般吧，牛奶比较稀，鸡蛋放的时间比较长，但吃了两天也就适应了。该说些不太满意的地方，房间大概好久都没有人住了，很潮，洗的游泳衣竟然到走也没有干，设施比较古老，但是还是很干净的，服务员很好。总体不错，但觉得除了房价其他的达不到3星的标准。补充点评 2008年8月10日 ： 因为对早餐不太满意，所以没有去餐厅吃过饭。,1
12444,浪费我时间。第一，所选题材不实用。第二，词汇该专业的不专业，该通俗的却假装深沉。感觉现在的中国外语教育就是随便几个老外包装几下就都成了专家，比起大学时候用的商务英语教材差多了。,0
12445,此次（第N+1次）入住，虽然本人预先已经而且是特意在携程的订单上注明“请务必通知酒店在房间内为本人准备一个行李架”，但办理入住手续的时候还是发现酒店并没有准备好。。。所幸前台一个名叫Angela的美丽经理及时做了妥善处理，本人比较满意，在此也对其（请注意，是对Angela本人，而不是对酒店）表示感谢！,1
12446,这本书集合了很多英语学习的方法，而不是单单的一些比较旧比较传统的方法，他告诉读者怎样作为一门语言去运用，怎样了解英语作为第一语言国家的丰富的情况。是英语学习者不可多得的好伙伴。in use就很好的说明了是在叫我们怎样去用它，怎么去survive于foreign country。这是是非重要的。也是学习英语的最终目的。相当不错的。赞赞赞！！！！！,2
12447,性能、外观、手感、散热都没问题，装了XP后大家还会遇到不能关机的问题，只要把通用串行控制器里的所有USB Root Hub属性里的电源管理中的“允许计算机关闭这个设备电源以节约电源”的勾勾去掉即可,2
12448,用调侃通俗的手法写明朝历史，既普及了历史，又让读者享受了阅读的快感，谢谢当年明月，太有才了！,0
12449,这个型号还真难抢，性价比相当的高。买回来直接上Vista系统非常完美，没有驱动问题。,0
12450,我最爱喝蒙牛酸牛奶，天然无害，有助消化哦，乖宝宝都要经常喝酸奶哟,2
12451,"人家特地让我来表扬这里的,价格很便宜,服务很好.房间很好,就是小了点.宾馆反馈 2008年5月9日 ： 嘿嘿,多谢您的鼓励,有了您的支持,相信我们会做得更好的！",2
12452,"总有一天,我们会对流逝的时间和消失的往事习以为常.无论和谁,以怎样的方式结束....溺水者怎知道，是哪一滴水要了他的命。。那一天我二十一岁，在我一生的黄金时代。我有好多奢望。我想爱，想吃，还想在一瞬间变成天上半明半暗的云千万人之中，遇到你所遇到的人，于千万年之中，时间的无涯荒野里，没有早一步，也没有晚一不，刚巧赶上了",2
12453,我11月21日订的书，连同这本一共定了9本书，到今天为止11天了还没收到货！中途打电话到客服去问，令人恶心得客服卷着舌头以为很好听的“京腔”：“那我也没办法”，都没说跟我查一下，这服务，你早晚要亡！当当：你的客户会越来越少！你等着瞧吧！你接着忽悠吧你！,0
12454,宝贝用了挺好，安装师付接到电话第二天就上门安好了，态度好，美的质量好，服务质量也好，??,2
12455,刚刚认真的翻开《夏日历险》，看完之后已泪眼朦胧。小男孩儿为了得到自己梦寐以求的小马和枪，拼命的想抓到猴子，拿到奖金，可是梦想实现后，他却改变了主意——为了他的妹妹，可爱的男孩忍痛割爱，把所有的奖金交给妈妈，用来治好妹妹的腿。当妹妹手术归来，哥哥牵着小妹妹的小手，奔跑在山川之间时，眼泪汹涌而出。爱贯穿始终，对小动物的爱，家人之间浓烈的爱……爱，始终围绕在你身边！再次强烈推荐！,2
12456,今天到手的，装了VISTA 感觉还不错，够流畅的，显存改为128了，跑了跑CINEBENCHR10，得分还不低1804,2
12457,我喜欢燕春的大房间。设施，电梯，大堂，服务都很不错。,2
12458,一起买了好几本书，其他都还好，唯独这本，质量差的可以，很盗版。。。。。。。。,0
12459,看了一半就看不下去了，后半本犹豫几次都放下没有继续看的激情，故事平淡的连个波折起伏都没有，职场里那点事儿也学得太模糊，没有具体描述，而且杜拉拉就做一个行政而已，是个人都会做的没有技术含量的工作 也能描写的这么有技术含量 真是为难作者了本来冲着畅销排行第一买来看看，觉得总不至于大部分人都没品味吧？结果证明这个残酷的事实，一本让人如同嚼蜡的“畅销书”......,0
12460,位置有点篇，有一些民族风情！如果有机会可以去尝试一下,2
12461,房间里有电脑，虽然房间的条件略显简陋，但环境、服务还有饭菜都还是很不错的。如果下次去无锡，我还是会选择这里的。,1
12462,关于吴信如的这本宏观经济学我决定再评论一下：我不知道他这本书在市面上有多大的影响力，也许很多高校的在校生之所以买此书是因为它是华东师范大学经济学相关专业的考研指定参考书吧，虽然还没有通读此书，但总体感觉也还不错，我唯一感觉不爽的是书的印刷和排版，让人看着不是太舒服...提醒一下考华师大经济学相关专业的学生，认真的复习叶德磊的那两本书，这本书不是重点，学有余力时再好好看吧,1
12463,交通方便；环境很好；服务态度很好房间较小,2
12464,比原先的1000h升级改进了不少，键盘比以前防灰尘杂物好多了；而且这个价钱还是带正版xp的，很超值！,2
12465,因为是给公司买，用支票费了些周折，不过最终是拿到了，还有系统不是预装的windows的，好像产品也没注明，不过换系统倒是挺快,0
12466,我最爱的蒙牛又有货了....春运要不要拖几瓶上车咧~~~,2
12467,性价比很高，就是我需要的那种热水器，好评！,2
12468,晕扑，我是要批非常喜欢的，五星呀。。。怎么变成两人个星了。。。倒，还是不能修改的。。。,0
12469,好，不过乡下是自己安装的，宝贝很好，一家人都喜欢,2
12470,元旦前住的，川妹子服務意识很强，很细心。问一答二三，想得比客人超前。房间有些陈旧，但洗澡和空調都OK. 溫泉沒泡上有些遺憾，泡上的朋友说不错。我去捏脚了，技術很好，喜歡。,1
12471,1.第一大特色：手写方面对文字的识别率非常高。2.屏幕显示方面：色彩层次鲜明，饱和度、锐度和清晰度都很出色。3.铃声播放方面：清脆透彻、层次清晰，表现力也很出色。4.拍照方面：拍照功能启动迅速，照片色彩比较准确，而且亮度较高，清晰度和对比度处理都相当理想。,2
12472,刚刚转的冰淇淋微博让我想起了快本。顺便科普个 快本时某人吃的第几个冰淇淋我忘了。。好像是第一个。就那个棕色的。那个雪糕是蒙牛 奶砖雪糕 超市里超常见，真心特别好吃。最主要的是便宜哈哈。好吧，我承认我无聊了。。,2
12473,房间很一般，小，且让人感觉脏，隔音效果差，能听到走廊的人讲话，走廊光线昏暗，旁边没有什么可吃?,0
12474,开始大意了，直接格式化安装XP，发现失败。搞了几个小时才装好。 有磨损的迹象，特别是八个gateway徽标。,0
12475,前些天预存了5600元的话费，得了一部N70手机，现在用了将近一个月，感觉很好！照相功能很满意，图片质量不错！手机装了随e聊软件，可以随时随地的上MSN和QQ，爽！键盘稍微有些小，但是，不是缺点！软件速度还算是可以，有时候有些小的故障，目前用起来感觉还是不错的。,1
12476,前台服务员着装不整洁，有穿工作服的，有穿便装的；使用信用卡，本以为是刷预售权，谁知道刷完才说不能刷预售，只能刷消费，也不提前通知，而且态度恶劣，恶狠狠的说：“住一天！刷600！”，搞的好像我欠他们钱一样。房价与当地的一些单位的协议价格还是有差距。,0
12477,真是的，那些人，不喝你能死啊！一直很奇怪：蒙牛连续多年劲爆丑闻，在新闻界成过街老鼠，但在市场上为什么还卖得动？到底还有什么人在喝这个让人闻风丧胆的牛奶？,1
12478,几乎是在凌晨才到的包头，包头也没有什么特别好的酒店，每次来了就是住在这家，所以也没有忒多的对比，感觉还行，下次还是得到这里来住,2
12479,找到你的位置满足你拥有的东西善待每一个人过一种好的生活不是关于物质，而是关于爱爱，永远是可遇不可求的看着书 会跟着杜威的行为大笑 会随着杜威的离去落泪一只很普通的小猫但是却让人为之动容最难做到的就是生命中些微的点点滴滴并且坚持所以那份爱才如溪流般涓涓融入心田很容易做到的事情最难坚持做到很简单的事情很难一直做下去所以应该静静地品味这本书,1
12480,从天涯一直追到此书出版，虽然花了不少时间等待，都是十分值得的。沧海桑田，我们很多人已经习惯了现代化的医院，习惯了西医的一切学说，却恰恰把老祖宗留给我们的东西渐渐遗忘。很高兴罗大论医生用了一个特别的角度来描绘那些为我们医学事业做出巨大贡献的大医们，让我们不仅了解他们学医德经过，了解一些中医的基本知识，更重要的是什么才是真正的大医！！！绝对好书，值得收藏！！！！,2
12481,并不如介绍中的好，小孩不喜欢，翻一次就掉一边去了,0
12482,"期待9月17日蒙牛音乐盛典的集体红毯还有演出,全体西装秒死我吧!据说是在北京,好想看现场啊!希望可以如愿以偿得到最佳新人奖,good luck!",2
12483,朋友从我这看到这本书借去看了后，她们托我每人给她们又邮购了一套，可见这本书真的不错！！,2
12484,性能 外观  品牌完全满足刚入学的大学生上网 学习 玩游戏等等的一切需求 价格也不比台式机贵  京东又给开发票 替人代买东西还是有发票能说清楚也更放心,2
12485,塑料的感觉明显。 但是从性价比来考虑，已经算是不错的选择了。,1
12486,这是我买的第三本央视在职主持人的书，各有各的特色，每个人的经历不同，所表达的内容，给我们读者展示的世界也不同。就本书而言，首先，芮成钢本人的学习经历就很让人敬佩，他的荣誉超乎他的年龄，他的成长历程从安徽的高考状元，到现在主持人，现在应该是央视2套，经济频道的当家经济类主持人。节目内容很深刻，让人一边看一边思考，这本书中他对世界的一些观点也很独到。是本好书。,2
12487,最近下单号为：1442083355，其中一套书《易经的智慧》当当网  少带光盘 。为了得到解决，我去信两次，二三天无人回复。  然后我打电话[08/1/04 1:30]010-51236699客服热线，分机为3037。反映情况。当当网的回复令人失望，让我把书全面寄回去，办理换货。说不管哪儿个 人都是这样处理的。我说这样多麻烦，你们把忘带的光带寄过来不行吗。当当网说，不行。这样的小事，这样的处理，个人感觉，在当当网购物，不出现麻烦罢了，一出现，你就倒霉了！我也不计划要光盘了，不会把书再寄回去，因为他们这样的态度，让我不放心。我自认倒霉。只是考虑往后不在当当网购书。,0
12488,从当当网购书真是痛苦的过程。费劲周折才，历经一个月时间才拿到书。,0
12489,"买这本书是很偶然的,是看了一篇精彩评论才买的,很失望!也许是我年龄的关系,这本书应该只适合十几岁,二十来岁的看,在我看来很无聊.",0
12490,刚拿给女儿看这套书时，女儿以为又是让她学习的书，所以有些抵触，不想看。过了两天，我找一个女儿心情好的晚上和她一起躺在床上看。做过两本书上的练习之后，女儿全做对了，她一下子来了兴趣，说，这书好玩，我喜欢。就这样，我给女儿隔几天就做一下这套书上的练习，除了《简单的算术》那本她不喜欢也不会做（毕竟她才四岁），其余几本书她都喜欢看。有种成就感吧。,2
12491,外形漂亮，虽然容易有手印，但还是很漂亮的，电池续航时间长，跟其他同类的小本比要好。,1
12492,需要自己安装系统，外行的可能会有问题的，做好心理准备叫人帮忙装机！,0
12493,屏幕有点软，合上盖，用手拿着机器，明显有按进去的感觉，这点就不如我朋友买的苹果的屏幕了。另外不知道是不是我还没有煲的关系，音响有点刺耳。,0
12494,样子喜欢，呵呵，漂亮时尚，屏也大，数字键小小的，发短信容易错字，我正在努力适应中，通话效果还行，常用送的耳机，总听人说辐射的事情，怕怕了，呵呵,2
12495,服务很好。硬件设施3星，服务可以到4星。从我下车，到房间，行李都有人帮忙提着，就没碰我的手。车位少，需要提前告知预留车位。位置非常好，就在市政府不远，到码头、海边都很近。不过不是临海的酒店。卫生也不错，就是热水比较小。总体来说，服务很好，卫生很好，硬件就是正常的3星。,2
12496,"书上的单词均没有音标,是这本书的特大缺陷,不方便读者们拼读,更别说好记了,遗憾,如果退货不用钱我一定退!",0
12497,有点道理。。。“我们到底是在为谁工作呢？”如果不尽快弄清这个问题，不调整好自己的心态，今生我们很可能与成功无缘。在当今这个浮躁的年代，我们需要用什么去重新点燃工作激情，实现自我价值？是耳提面命的空洞口号，还是触动心底的反思？如果每一位员工都能从内心深处承认并接受“我们在为他人工作的同时，也在为自己工作”这样一个朴素的人生理念，责任、忠诚、敬业将不再是空洞的口号。,2
12498,但是感觉手写识别能力差，听筒声音比较小，而且我这个充不上电时好时坏，别人也帮不上忙只能自求多福了,1
12499,同事们都开始读了，并实践在孩子身上，效果很明显，真是本好书！,2
12500,"我买了15册的小熊****,昨天收到书的.以前来的书偶尔也有个别图书有些陈旧的感觉,总的还是可以的.但是,这次太过分了____15本书,没有一本是干净的,其中4本是受潮后粘在一起的(书不是在路上受损的,外面的包装很好).我想问问,你们自己会把这样的书送给孩子做礼物么?我会把4本宝贵的破书寄给你们.仅仅供你们做教材,看看,以后,这样的书也可以发哦.",1
12501,外壳好看！性能也好,2
12502,感觉被人骗了这样的作品带给我的连我在别的博客上看到一篇搞笑的文章都不如。,0
12503,130万像素的CMOS摄像头对1800的手机来说可以了，数据交换也很方便，音乐效果较出色,2
12504,悟空爱白骨精:我早就开始要求身边朋友亲戚都不要买蒙牛伊利了，人人用脚投票，这种无良企业就无法生存。珍爱生命，远离蒙牛！,0
12505,蒙牛！你真牛！,2
12506,脏 吵 小 慢 就不多说了。主要是安全问题！！！！忘了带门卡，正好看到服务员在附近，就叫他开一下门。她居然连我名字都没问直接开门让我进去了。瀑布寒…… 从来没见过这么方便的，要是小偷，哈哈，肯定笑死了。我电脑psp什么的还在房间，丢了都不知道找谁哭去,0
12507,呜呜呜~~~我的蒙牛优益c啊！！好不容易买一瓶。给我撒了一半！,0
12508,"荐书:朱元璋是一个将皇权发挥到极致的一个皇帝,但是我想这跟他的经历有关,虽然自小聪明\机灵,但却读书不多,而且经历坎坷,这就养成了他复杂的性格,沉稳,坚韧,暴戾,多疑,越是权利大,越是暴露无遗.",1
12509,过分，怎么书面都是坏的．怎么烂书都卖？对当当网的好印象都下降了．,0
12510,当时是因为要写读书报告 所以上网到处抄 就发现这本书感觉以前自己没看过中文版的骆驼祥子就看过电影所以决定买个英文的看看本来以为 是中文翻译过来的 不会太地道结果 令我惊讶翻译的非常好！忠实了原著！很多很多复杂的复合句 而且 用词也很得体觉得 是个 非常不错的拓宽知识面的一本小说推荐！,2
12511,自己实用最重要，照相．ＭＰ３播放．６０Ｍ内存．手感好．,2
12512,最滥的酒店什么都不行。这种酒店千万别去。80年代的3星,0
12513,买这本书是因为要去美国学房地产分析，所以想先了解一下那里的财产法。书拿到手后首先觉得设计很好 封面简洁，开本大小适中，字体印刷也很清楚。这几天看了第一部分，更觉得买这本书的决定是正确的。它不是一本单纯罗列法律条文的书，而是从立法的角度介绍财产法，为了使读者更好的理解，在有些条款后还增加了浅显的例子。总的来说 我非常喜欢这本书。,2
12514,这个年代的爱情说实话无法理解很多情节我都很有意见90后不要看这种书这是一个时代的悲哀吧,0
12515,"两个月里面已经住了三次了,当然好啦,交通也很方便哈",2
12516,书的印刷很棒可惜文字过于生僻，而且有点傻瓜的感觉有点像韩国电视剧，过于华而不实不喜欢韩国人的作风，没有什么内涵，对记忆没有什么效果建议别买,0
12517,很简单，比较适合1岁内宝宝，纸也不厚，建议这种简单的可以做小一点，方便宝宝拿取。,0
12518,似乎这是上大学以来第一次半夜起来上厕所。蒙牛的大瓶草莓酸奶真的很好喝，但是真的不能一次喝那么多。。。,1
12519,装XP非常麻烦，开机没声音，桌面右下角的小喇叭每次都要请出来。,0
12520,在电视上见到于丹，佩服她的口才和思维，就买了这本书，但有些失望，书里做人做事的道理很中肯，但舆论语的联系感觉很牵强，只是借论语之名的感觉在抒发个人的感悟。买得有些后悔。,1
12521,小灵通的话费便宜，可信号很有依赖性，在我家阳台上能接到也能打，可到了卧室就不行了！很不方便！而且这个小灵通本身信号不是很好，有时通话时有杂音；有时会自动断线！而且800多元也没配跟数据线，要买的话，也不方便；客服说没有这个型号的！要是从厂商那里寄，连来回邮费需要二百多元！按键有些不好用，有些偏软，输起短信时，手指的力度需要一段时间的把握！翻盖也不是很好，不够流畅，感觉有些涩！还有就是电话薄或者短信存储比较多时，机子反应相当慢！,0
12522,"性价比突出,屏幕显示效果佳,功能齐全,200W像素自动对焦,拍照效果满意",2
12523,内存就256～有点小～，不能加扩充卡～郁闷，像素没有K750高,0
12524,1。画风不讨人喜欢，很粗糙，笔触不流畅2。内容多数已过时，且地域性明显3。作者想象力丰富，但过于脱离现实4。价格较高5。孩子不喜欢它,1
12525,现在和以前的版本不太一样，现在的顶盖是全蓝色的，不如以前了，而且顶盖的LOGO不能发光了，有点不爽。,0
12526,已经是第二次购买了。,2
12527,怕健康现在喝新蒙牛，全国销量领先的白罐牛奶换包装，还是原来的配方，还是熟悉的味道~,2
12528,"房间还可以, 可是竟然没有网络.上网要到大堂 非常不方便.前台人员素质很差,要求换个房间给他们谈了两次,每次30分钟,最后领班来了才解决.",0
12529,又聪明又美丽的蒙牛童鞋，祝你生日快乐！@Spring_小优乐乐美,2
12530,内容单薄，没啥意思。对于没有什么文化水平的人看看是有帮助的，但是如果你是有一定的专业的人就没啥意思了。空洞，乏味，不用半天全书看完。,1
12531,偶觉得这句真的好有道理。道出了我的心声啊！“出租车就这样，你有事时打不到，没事时看见空车到处串，见一个烦一个。”,2
12532,看了前面的评价，觉得还是不错，所以选择了这家酒店。但是，住过很多酒店，裕达国贸是性价比比较差的一家。大厅很豪华，给人感觉不错，但是房间设施和服务只能说刚刚达到5星的标准，在郑州这个地方，这个价位属于很贵的了。而且看到房间里面放的宣传小册子，也只有763元（好像是，记不大清，但肯定差不多），是不含早餐，但有欢迎水果、免费桑拿、免费按摩等赠送，相比携程的698元，好像更有吸引力地说... ...补充点评 2007年10月8日 ： 想到早餐，补充一下，一百元一人真是很不值，没什么好吃的。,1
12533,昨天参观 时，一位大妈的发言给我留下深刻印象。原来她曾是知青，在牧场喝过刚刚挤出的新鲜牛奶。她说，她就是凭着对新鲜牛奶的美好记忆，选择了蒙牛产品的~,2
12534,Midea/美的 F50-15WA1 电热水器 50升 热水器 电 储水式洗澡淋浴,2
12535,看王小波的小说，很多时候都会被他的语言逗乐。在笑声以后，引发许多对现实生活的思考。在突然间，才发现，原来很多想法大家都会惊人的相近，只是从小时候开始就被不断告诫不应该这么想，所以，才把许多真实的想法深深埋藏在心底，只有在孤寂时才回味起来偷着乐。王小波以一个普通人的眼光，以非常理性的思考，以幽默的语言道出了生活的事实，还原了现实的生活。我很喜欢。每一篇都值得好好品味。,2
12536,1、手写笔不插在机身而单独存放是三星的最大败笔，基本失去手写笔的意义。2、不支持免提扬声器，扬声器的音质较差，声音较小，而且是右边的一个发声，左边的是一个装饰品。3、不支持扩展卡，内存太小。4、不支持联系人姓名声母查找，只支持首字母查找。通话记录中的电话号码不能加入已有电话本的项目中，要么另存一个，要么记住号码再找到电话薄进行修改添加，电话本的使用很不顺手；下载的图片不能用作大头贴。5、不支持数据和立体声音频蓝芽，蓝芽在拨打电话时有时不能自动接听，需人工转换 6、不支持语音指令学习功能，对普通话的要求较高，不适应发音习惯；不支持快捷录音功能。7、下导航健同C健很容易搞错；OK健太小太硬，只能用手指甲使劲按，手感极差，输入几个字就会手疼。8、文件浏览器不支持自动页面适应功能，只是将整个页面缩小，要放大字体同时放大页面，造成不能自动按手机页面浏览。9、无照相闪光灯，关键是少了一个微型手电筒。10、没有比较全面的保密项目，只有的电话拒接只有几个号码，不具备短信防火墙和保密功能是最大的败笔，短信及其他单项的保密已是LG和摩托罗拉的标准菜单,0
12537,蒙牛？伊利？还是光明？,2
12538,非常漂亮，超值之选，intel的固态硬盘果然不是盖的，实测非常满意！,2
12539,质量很好，散热很好，3-4小时，温热。vista系统不用重新装，参考联想中的提问解答，可以屏蔽掉很多功能，提高速度，最终效果和xp开机速度差不多，2g标配+1g赠送的内存，也够用了。注意在关闭启动项的时候，侦测震动的那个功能不要关，那个是保护硬盘的。卖咖啡不要装，office试用版不要装。硬盘用第三方软件分，否则只能释放出89g。原装鼠标相当好，就是小了点。,2
12540,买回来一个月了，可儿子只看过一次《咕噜咕噜转》，别的连翻都没翻，，画的太满了，显得有些乱，画面不能让他产生兴趣。书本太大了，翻起来不太方便。,0
12541,本次此次入住非常愉快，我住的是标准间，房间设施完善条件不错，尤其是酒店的环境非常非常的好，呵呵住在这里很惬意，前台服务态度也很好，早晨的自助餐也不错。只是入住时没有人帮我拿行李，自己提着很重的行李上4楼郁闷。提醒大家的是他的阳光间只是在天棚上有个小窗户，四周是没有窗户的。再者酒店位置一般，不过离都江堰的秦岳楼和二王庙很近：）价位前台标价是580元而且不打折，携程348元的价格还是比较有竞争力的。总之下次入住还会选择这里的。,2
12542,"外观:时尚亮丽,黑色很稳重,就算有伤痕也不易看出,厚度合适,我个人认为L6等太薄了,但是容易沾细小灰尘棉丝等东西不太爽屏幕:不太敢恭维,可能摩托一向如此吧,低端都不是很好,看起来有点变色怪怪的,而且太刺眼了使用:使用起来感觉还是很不错的,通话蛮清楚,但是声音开得太大喇叭有点刺耳.待机时间只是接电话用的时间就长一点,因为屏幕是高亮度的,所以常发短信跟玩游戏就不怎么爽了,游戏可玩性不是很强,铃声不是很好听(前提我的是水货,我不知道行货游戏跟铃声是什么版本)发短信还算可以,但是有时候想删除一个字时容易按成挂断键就得从来,所以得很小心,还有一点就是有时候两条短信它不提示会直接发出去,有可能你只超了一两个字,所以这也不是很爽,浏览器蛮方便好用,但是不支持数据线就有点说不过去了,可能为了外观好看,但是配了摄像头(虽然像素不高,好有好过无)却没有数据线那怎么传,永远留在手机上吗,蓝牙红外都没有,还有机子用起来反应稍为有点慢,内存有点过小,但是很超值这台机子,如果你在意外观,功能不是很在意,只是用来接电话发短信,建议你买台水货,才五百多块很超值的,我所看到想到就是这么多,有不对的地方欢迎批评指正!",1
12543,对于含XP的10寸升级了CPU并且续航能力强的品牌小本，价格目前还可以。该机器无论是电源还是机器本身，认证都很全面，品牌的实力。细节方面也很下功夫，无论是功能还是外观，该有的设计基本都有，还有电源线和适配器都有尼龙捆扎带。所以使用起来方便又放心，作为娱乐上网本，能够满足基本需求。,2
12544,"酒店是国航酒店,入住可以累计国航里程.这点比较好.早晨种类很多,推荐入住",2
12545,终于认真看完了，哈哈比《男人来自火星，女人来自金星》内容更全面，文字也更有趣！既有实用性，又有可读性！,2
12546,内容说说话很一般。。。可操作性不强。。,0
12547,铃声很个性化，可以有动物声和人声，还可以自己录音，录音效果也不错，将自己的录音记录可以直接用来做铃声，还可以做闹钟的铃声。另外它的游戏都很棒，有极品飞车，超级玛丽，迷宫，星际争霸，我的朋友一看就想据为己有呢。还有英语字典，可以好好学习。,2
12548,房型：江景双人商务房/2006、2008（440元/天、间）客房服务：服务员态度很好，但很挑剔，我故意搞脏一点的小毛巾居然被他们发现了要我赔了5元（我到每处酒店都喜欢玩一玩），宽容度太低。建议非要入住的客人自备洗脸毛巾。前台服务：入住、退房、接待及时态度非常好！很有修养！客房：室内温度太高不能调节，整夜打开窗户还凑合，但下面锅炉房轰鸣声甚大。要外出的话穿衣动作一定要迅速，否则，会汗流浃背（室内外温差约50度）！地面看似干净，不小心很容易带上毛发上床（但被褥雪白雪白的，超干净！很细的毛发都能显示得清清楚楚）。窗外松花江太阳岛一览无遗，可看日落！早餐：超级不好，品种少的可怜（比三星差很多），比如牛奶只能说是有牛奶味的开水（很凉）。芹菜抄肉片的芹菜是黄黄的，肯定摆了不少天。餐厅服务员除了收早餐票的，都无精打采。,1
12549,预装的系统不好，回来还得费劲重装，内存小了点，如果能配套有2G的选择就好了,0
12550,"待机时间一般,扩展性一般",0
12551,首先，交通相对来说，非常便利，从quarry bay地铁站的c出口到酒店不超过5分钟。酒店斜对面是有轨电车，也非常方便。房间总体不错，以前印象中香港酒店的差印象有所改善。Room service也还可以。性价比不错，值得推荐。,2
12552,"这酒店太旧了,大厅看上去还可以.房间的设施成旧不堪!卫生间的马桶真的都不走水的.早餐太一般了.要去入住的朋友要有思想准备,期望值不要太高.400多一晚说实话不太值!!",0
12553,蒙牛对不起,0
12554,书页码不全，还乱序，乱七八糟的！！！！！！！,0
12555,看完之后还觉得心里在战栗，最大的悲剧，哦，不对，已经不是悲剧了，叫惨绝人寰完全不为过，我看得头皮发麻，思想惊悚片不过如此，我在庆幸我们现在过的不是那种生活，不然，宁毋死可是，你要死，老大哥也要让你爱上他觉得一切都是自己的错的时候，才准你死这样的生活，这样的极权，太可怕了，不敢想象奥威尔是个天才，绝对的天才，我甚至错觉，他根本就是个先知,2
12556,xp下的驱动是个问题，有些热键不能用，声音不行，据说是驱动问题，不知道怎么办？屏幕效果一般，要是led就好了，屏幕检测的生产日期是2006 第一周。,0
12557,故事都太长了～～而且有的有点不可理解～～不太喜欢～～读了两本就读不下去了～,0
12558,请你们立即将我当当帐号里的10元 礼卷 取消掉！！！谁需要你们那破 礼卷 ！！不是明确告诉你们不要放这 礼卷 在我帐号中吗？本来那天接到你们的道歉电话我已经不再提这事了。不取消这破 礼卷 我将继续去“写评论”！！！你们怎么这么讨厌！！！KF051501056101361930,0
12559,大卫经历着这样的童年，真的让人不可思议。怎么会有这么残酷的母亲？看完这本书最直接的一个感觉就是大卫的经历虽然激励着不少人，但是却给人懦弱感。我认为不是要傻傻的挣扎着生活，而是要努力去改变不好的情况，改变生活，而大卫一直是报着等待，期待，一旦期待过了限期那个就不是期待，所要做的就是改变！不过这本书真的很好，看完后我哭了，深思了很久，感谢大卫能把自己的经历写给每个人,1
12560,游泳池和洗浴中心在一起，感觉怪怪。不如郑州的皇冠，中国特色十分浓烈的东西还是跟西方连锁酒店的品牌分开好,2
12561,很漂亮哦，黑黑样子，我喜欢 另外为这个本子单独定制的LINUX的操作系统，也非常适合这种小家伙,2
12562,性能稳定，好用，但是装系统比较麻烦了点，不懂电脑的人很难装这个系统,1
12563,1 C面温度稍高，但在可接受范围；适配器在充电时会高热，说明书中倒是有提醒 2 字母大写键的开关没有指示，在输入密码时要注意了,1
12564,也许是偶太老了。。。也许是写的太浅了。。。没感觉...,0
12565,"我端午节期间带家人入住了一晚，感觉服务比较差，根本达不到四星的标准，下面我从硬件和服务两方面做一个点评：一、硬件1、酒店位置不错，比较繁华；夜间很安静(我入住的是东楼)；2、酒店房间很小(特别是卫生间)，和香港的酒店有得一拼；3、房间衣柜没有门把手，打开很费劲；4、席梦思床垫很软(好的席梦思应该比较硬)；5、房间隔音不好，我入住的当晚，隔壁是间婚房，很多人在闹房，声音很清楚；二、服务1、房间里没有准备牙刷，我拨打分机16要求提供，接线员竟然让我拨打其他电话去要(酒店入住卡上清楚写明有要求直接拨打16就可以了)；2、去二楼中餐厅就餐，服务员告知中餐厅当天搬到一楼鲍翅馆了；转到一楼鲍翅馆，服务员给了一份鲍翅馆的菜单，我问服务员要中餐厅菜单，这个服务员竟然说没有，我问道，中餐厅都搬到一楼了，难道菜单没搬下来么？这时服务员才不情愿的把中餐厅的菜单给我；3、因为是通过携程预定的，送了20元积分卡。在就餐完毕后，我们把积分卡给服务员，由于这个服务员已经把帐单打印好，不想重新打印，竟然说你们下次再来用好了，我们是从外地过来的，下次不知是猴年马月了；4、第二天早上去吃早餐，由于小孩(16个月大)不肯吃早饭而哭闹，服务员竟然过来对我小孩说，再哭就打屁股了！这句话我们当父母的可以说，但是你们酒店服务员绝对不应该说，希望你们道歉！5、就餐完毕来去，走到餐厅门口时，服务员用眼睛瞟你一下，连招呼也不打。住了很多四星、五星，从来没见过这么没礼貌的。宾馆反馈 2008年6月17日 ： 对于您在住店期间发生的不愉快,我代表酒店真诚的向您道歉.非常感谢您对我们提出的意见和批评，我们也把您所反映的问题反馈到了相关部门，进行了培训和整改。我们希望能有机会再次会您提供服务，相信一定会让您有不同的感觉。",1
12566,今天上午拿到书的，感觉这次配送速度相对以前较慢（又或许是我对这本书的期待太大了以至于觉得时间过的很慢）。书到手的时候，我是迫不及待打开的，质量很好。很早就知道南老先生了，一直没机会阅读他的书籍，网上对这本书的反响还不错，一要好的同学也介绍我看，于是买下作为收藏，并且留待以后细细品味。如果这本书看后觉得不错，我还要接着买南先生的《老子他说》，我相信会是个不错的选择。终身受益！,2
12567,"不好玩感觉买它是种浪费如果没有认真看它,把它当小说一样看的热情还是不要买了不值得",0
12568,房间的风景挺不错，望出去就是条古运河，很有古诗词意韵。但房间里的淋浴设施不好，淋浴门关不紧，水龙头出水很小，洗澡很不舒服。电视有两个遥控器，用起来很不方便。最主要前台小姐服务很不好，冷冰冰的，尤其是那个脸蛋胖胖的小姐，脸上象涂过糨糊一样，一点没有微笑。我去CHECK IN和CHECK OUT的时候，感觉很不舒服。感觉服务生的培训有待加强，服务意识太差！！！,1
12569,故事二：出到社会，一些成功人士说，一只老鼠掉进了一个半满米缸，这意外使老鼠喜出望外，确定没有危险后，它一顿猛吃，吃完便睡。老鼠就这样在米缸里吃了睡、睡了吃，日子一天天过去。也曾想过跳出米缸，但终究未能摆脱白花花大米的诱惑。直到有一天米缸见底了，最后安逸死了！我们要向蒙牛牛根生学习,1
12570,用了半年了，总体感觉还好，铃声很清晰，按键手感也很不错,2
12571,酒店位置还好，设施太陈旧，太老了！房间面积太小，硬件的设施糟糕！枕头太低！床垫也硬！,0
12572,装修的味道太重，商务标准间的房间太小。旺季的原因吧，我结帐的时候听到当天的房价又提价了，坐地起价，没办法。,0
12573,VISTA用起来不习惯，速度慢，分区麻烦，带了很多垃圾软件，卸载都麻烦,0
12574,"都半个月了还没有收到,同一单中的另一样东西都在国庆前收到了.可这本书还没有到?",0
12575,性价比很高，对于银子不足的朋友是个很好的选择！但是京东客服的态度和服务意识还有待加强，实在是让人不敢恭维啊！还好我也不是天天和他们打交道了???,1
12576,散热一般，鼠标有点小。 最大的问题是第一次开机就听到底部有一个风扇的声音不正常，特别响！ 打电话到京东客服，给我推到华硕的客服去了。。。 用手按了按，发现就是风扇的声音，还不知道怎么解决呢！,0
12577,1、预装的VISTA系统默认一个分区，拿到联想去问也说改不了，只能再压缩出一个盘来，是这样的吗？2、系统运行有点慢，是预装的东西太多了吗？3、功能键FN在最左下角，常常按错，也许是还没用惯。,0
12578,"拿到这本书后,开始我有些担心,这本书开本挺小的,画面只有黑白两色,版画的风格,我担心孩子不喜欢.可是给孩子看了以后,孩子非常喜欢,让反复讲,令我意想不到.到现在我也没怎么想明白孩子为什么喜欢.也许是故事的情节,也许和猫有关,也许孩子看多了大画面五颜六色的绘本产生了审美疲劳,反而这本与众不同,就像一道开胃的小咸菜.不管怎样,我坚信孩子是有鉴赏力的.",2
12579,"酒店外面的环境很脏, 酒店里面不仅地毯是黑的, 连瓷砖地面都是黑的, 离市区太远",0
12580,之前用的是X60.只喜欢小黑。很轻，几乎没有噪音，连硬盘转的声音都几乎听不见。配置主流，用相关软件测试了，cpu温度在今天这么热的天气也只有39。做工很精细，外表没的说，让人有一种爱不释手的感觉。确实是一款难得的笔记本。,2
12581,哎妈，底下蒙牛给我回复了，看来不能说人家坏话了。,0
12582,质量严重不过关的下场，抵制蒙牛和伊利路还很长,0
12583,位置比较好 卫生条件也还行 就是房间太小 高级大床房的大床 还不如一般酒店的标间的床 而且床实在是睡的不是很舒服,0
12584,"买之前也没见过这本书,听他们说的天花乱坠,翻了几页就够了,内容太粗糙了,韩国人特有的搞笑,我非常不喜欢...",0
12585,小巧，做工还算精致。固态硬盘很超值，当然，这是在2999购买的时候。,2
12586,已评定四星酒店，但房间设施仍略显陈旧，细节上还要保持四星级水准，如一次性拖鞋、牙具的质量，水龙头的质量好象也不太好；服务水平上升很快，听出租司机言，评了四星之后，服务生热情不少，但感觉细节上还要再努力一些，不能只体现在表面，如房间卫生打扫，可以将客人用过的水杯清洗干净，放回原位，会让客人觉得很体贴。总体而言还是很好的，房间视野宽阔，服务生笑脸相迎，价位也不是太高，在仪征市区而言，还是一流的酒店，细节上再努力一下会更好了。,1
12587,1、门童不专业，我们是晚上10点到的，下出租时，没人开门不说，连箱子都要自己拿。2、房间太小，浴室也小，不象是四星的标准。3、结帐时竟然说两间浴袍不见了，我们入住时根本就没见过浴袍。还想问酒店要呢！4、入住和结帐都慢，总之以后再去，不会再入住了。,0
12588,个人认为对人物刻画比较细致和真实，身在官场中的人可以看一看，也并非没有可取之处。其中深意只可意会不可言传了。虽然这样说，仍然觉得看起来心情会比较不那么轻松，可能与自己有点悲观主义有关系。这种书看看无妨，至于有的人说里面情节假什么的，我倒觉得，大可不必深究，对于其中情节，也不必对号入座。至于其中值得学习之处，也是各人拿来各人用,2
12589,"USB接口只有3个，而且有2个距离太近，不实用。鼠标，键盘，U盘，移动硬盘，电子密匙。很需要多一些USB接口。音频接口在前面，有些不好，放在什么电脑架子就给挡住了。电池续航一般,有2个多小时。",0
12590,1、出风口温高，别的不热。 2、随机驱动是vista，没有xp，不方便。 3、没有1394！ 4、express由pcmcia改的，模具没动省成本，鄙视！ 5、待机短，文档编辑110，高清80。,0
12591,"插入耳机后,OK363可以开启喇叭实现FM收听!二十多个节目表编辑功能,4小时电台录音,能为平常带来不少娱乐性.拍摄与录像速度比较快;俱备一个自拍镜,位置感觉十分实用!",2
12592," 相信第一眼看到索尼爱立信Z610的人都会被它简约的设计搭配上彩色外壳镜面所俘虏！本来打算去买W810的，但是当看到Z610这款时，就毫不忧郁的放弃了研究了很久的W810,立即拿下了Z610黑色版。下面先来介绍下Z610的优点：1.简约时尚的外观， 魔镜般的魅力诱惑！这就是Z610最大特色！绝对的抢眼球，尤其粉红色版Z610更是广大MM们的最爱！不过目前的粉色版本一般要比黑色和兰色贵200元左右。这就叫物以稀为贵嘛。 2.不仅外观能取悦人心，Z610的2.0英寸的26万色TFD彩色屏也给这款手机又添亮点。TFD是Thin Film Diode（薄膜二极管）的缩写，虽然说按屏幕材质优劣来看TFD要比TFT差些，但是经过我的实际使用和比较（与索爱W550C和三星D528），结果亮度和清晰度是Z610D528W550C,索爱W550C和三星D528都是26万色TFT的屏哦。所以并不代表TFD的屏一定比TFT差，而且TFD的着重特点在“高画质、 超低功耗、小型化、动态影像的显示能力以及快速的反应时间”,这就意味着TFD比TFT更省电。 3.该Z610是支持3G网络的手机，支持WCDMA网络，可惜中国目前还没开通3G功能，相信不久也会开通的。到时候视频电话和其他3G数据功能就可以发挥优势，不会落伍了。 4.Z610支持蓝牙无线立体声（A2DP）的输出，目前支持立体声A2DP的手机还不多的，如果配上个蓝牙无线立体声耳机，那就可以享受无线立体声的乐趣了。 5.内置摄像头200万像素的主摄像头（最大支持拍摄1600×1200像素的相片），和30万的副摄像头，200万的像素的摄像头应付一般的拍照已经足够了，相信SONY的在DC行业的口碑大家都认可的吧。当然它也支持有声视频拍摄；摄录格式为3GP。 6.其他综合说下，Z610软件稳定性还可以，使用半个月，没有什么异常，网上一直说的，写短信会反映很慢，这点我没感到。它支持Java MIDP 2.0所以支持几乎所有的java应用程序和游戏。声音方面，支持72 和弦；支持MP3/AAC格式铃声 ，音质表现很出色。 ",1
12593,买这本书有两星期了，已经看完了这本书前面几章写的比较简单，都是些怎么购物以及常用的网站等等，基本我都知道！后面的内容我觉得还不错，对于想在淘宝上开店的同胞们，还是很不错的，不过也很基本，因为我学过PHOTOSHOP，所以看其来不是很费力，但是这本数后面的内容足以应付开店的基本需求了！可能写的比较多，也是为了后人成荫，希望大家别嫌我啰嗦哦！哈哈！,1
12594,配置在2899的这个价格上显得还不错  昨天刚到手 系统也装的很快  试玩了一下散热什么的都不错,2
12595,我喜欢深雪实际上是喜欢这个女人的想像力因为有想像力的缘故，爱情在她的笔下少了些温婉，多了些残酷看多了，看到这一本，不如当初的惊艳，对深雪一贯的招式已经不希奇。说实话，开篇的确无味，满眼的“蒂凡妮“，真正无聊，几近是郭敬明的路线。说实话，相比之前的故事我只能说差强人意，大约也就是2－－3星的水平但是，我太喜欢结局了，前面兜兜转转都只为了这个结局来，因为结局，我给4星,1
12596,我用了2周多的时间，感觉最大的有点就是时间长，看片不卡。常用软件ok都，至于极品之类的游戏还是台式机比较好，别指望它能帮你。,2
12597,外观时尚，配置均衡，机器散热也不错，用了大概一个月，感觉不错，物美价廉。,2
12598,本书其实没说什么，也看不出价值在哪，作者倒是牛，把西医批评的一无是处，感觉就是根本不懂科学,0
12599,小巧，漂亮，键盘大，便携性好，电池续航还行，虽然没达到宣传的8个小时，不过有6个小时也不错,2
12600,蒙牛他妈的是人喝的吗？我现在是宁愿喝矿泉水都不喝奶了。 早不喝蒙牛了，垃圾 这个行业已经有黑社会倾向了，前有 被要挟，后有蒋卫锁遇害，黑啊，这奶还是白的吗？斗士，一路走好,0
12601,我是五一到二王庙宾馆的，有个新发现：就是都江堰景区与二王庙景点相通的。如果你从二王庙宾馆出来向前走约50米，就可以看到都江堰的一个入门口，买门票就可以进入景区，沿着景区往下游玩的话，可以一直到都江堰的正大门，也正好是山下都江堰市区了。反过来游玩也行。所以如果想去都江堰玩景区的，住二王庙宾馆是十分的方便。而且宾馆内部环境很幽雅，绿树成林，早晨还有一种鸟叫，听起来象个男人在练嗓子一样，真是很好玩．,2
12602,"内存可扩展也许会更好,外观很经典!我觉得应该是一个时代的代表作!",2
12603,"花钱去买, 不值得, 建议要买的人三思",0
12604,补充一条 ： 可惜外壳送来时坏了 以前买当当的没有遇到过也 好在里面的分册没有损坏 很新的 也就不计较啦 赫赫 书嘛 是用来看的 不是用来观赏的 偶不计较了额 以后注意嘛 当当~~~ 倒是送的速度和快递叔叔的态度 很好好 赫赫 不计较咯,2
12605,晚上航班晚点。22点以后酒店不提供，要去接机需要付费。预定的房间没有了。酒店给升级到了套间。很大，很好。也许我到店太晚了，没听见什么飞机起降的声音。如果是在北京转机，蓝天还不错。,2
12606,酒店位置比地址说明上的偏多了，接近市郊，路边连个明确的牌子都没打出，失望。酒店外观还算过得去，大堂却很一般（有点像旅社的大堂），走廊和房间的装修都较陈旧，和携程发布的图片相去甚远。洗漱用品配备简陋，大概也就是个三星的级别。同等价位，比起曾经住过的天河购物中心附近的广州皇家国际饭店无论装修还是服务，甚至连自助早，都要差很多。订房的时候总想不起皇家国际饭店的具体名字，才定了这个饭店，真是悔啊。 以后到广州不会再选择这里，绝不~~,0
12607,吸取网友们的经验，我们预定的是度假区高层海景大床房，于6月21-23日入住。很高兴亚太的服务还不错，完全按照我们的要求安排了房间。服务员在走廊里遇到客人也会问好；晚上在酒店吃烧烤，服务也不错。总的来说，酒店的环境和海滨浴场都不错，泳池造型很美，水也清澈，晚上水池的灯光也很漂亮，可能是淡季的原因，海滨浴场人很少，特别安静，适合度假。美中不足是房间的设施比较陈旧，电视太小，风扇和空调都有噪音，电话机也很老旧，拖鞋看起来不太干净，好在我们自带了拖鞋。再有就是早餐要提出批评，虽然种类很多，但味道实在不敢恭维，作为一个老五星酒店，房间设施陈旧可以理解，更新起来成本过高，但早餐质量应该尽快改进，这样才能与星级相配。另外，北京的五星酒店都会在入住的第一天送水果，甚至蜈支洲岛上的观海木楼都送了水果，可惜亚太却没有，这也是对客人表示欢迎的一种服务吧，建议亚太考虑一下。总的来说，酒店还是很舒服，给我们留下了比较好的印象。,1
12608,"这酒店太烂了，左、右及后边是3个大型的娱乐场所，吵闹声一直到凌晨3点多，酒店隔音很差。房间装修很俗，中央空调声音很响。宾馆反馈 2008年7月15日 ： 尊贵的客人，谢谢您对本酒店提出宝贵的意见。我们非常地抱歉在您入住本酒店期间给您带来的不便,对于您提出空调响的问题,我们酒店管理层非常重视,马上找专业人员改善空调的问题，今后我们将不断改进我们的不足,为您及所有宾客提供更优质服务,再次感谢您,并期待您的下次光临,谢谢!",0
12609,不会吧？我最近一直喝三元啊，蒙牛，伊利最不靠谱了，现在三元也不靠谱了！还有靠谱的奶吗？@Jing2003,0
12610,这本书我是和日本的育儿百科一起购买的。书到的时候，感觉包装很到位，就是打开后有点灰尘的痕迹，不过影响不大，把它用旧挂历纸包了一下，希望用的久点。这本书正如网上大家推荐的一样，从孩子和大人的心理着手，把养儿育女的事情写得很到位。新书到的时候，我的一个女同事看见了。在她大概看了以后说的一句话，虽有些夸张，但真实地反映了她对这本书的认可：我的孩子9岁了，我感觉我白养了一回孩子！,1
12611,上次蒙牛三强见面会大家都已经看见了，这次我们还是要将给力进行到底..人气与人气的较量我们不会输,2
12612,软硬件都不够三星标准，我是凌晨2点多入住的，过道无人指点，房前灯也没有，还是我自己摸索找到的；房内设施陈旧，有霉味，床上用品看上去不清洁，久放水不热，我点了6：15叫早，结果小姐忘了快7点才叫我，第一句是“你大概已经起来了吧”。我在网上订的高标，最低193元，但是宾馆大幅广告“休闲房118，高标168”，鉴于此，我进店就问有无客房，小姐反复问我是否预定，就是不正面回答有无客房。我向宾馆提出房价问题，宾馆一会说是我的房间是高标的，是总统套房的附属间，一会又说促销是针对当地人的。我指出宾馆有促销应当及时与网站沟通，没有沟通应当对网站客人至少按照促销价结算，否则我要提前退房，宾馆又说要给我换一个好的房间。给我的感觉，宾馆缺乏应有的诚信和气度。我提前退房，发现那里有许多报馆，虽然总体条件不能与上海相比，但是价格便宜。,1
12613,价格很实惠，但是配置一点都不实惠，我觉得家用这本本已经很强悍了。很喜欢它的造型和新键盘设计。散热还行，起码比我周围那些认得惠普家用本好多了。,1
12614,"80年代的人,是随着改革开放而成长起来的人,应该说,也是见证这30年的最好的一代人.但是这代人中,对于80年代的疯狂,对于90年代初的轻狂,已经没有多少的印象,但是这本书,让象我们这一代人,对于模模糊糊的80年代,有了一个清晰的了解,而对于那个时候看不懂的90年代,有了自己的理解.感谢作者给我们提供了这样的一个认识这段历史的机会,而且让我们更加真实的看到那一代人的执著追求.",1
12615,箱子上的标签被割掉了一部分，本本底部的一个标签被揭掉了，也没给一个说明,0
12616,感觉这本书很不错，推荐给朋友，朋友也非常喜欢，就从当当再次订购了瑞典林西莉的《汉字王国》，一本是朋友的一本自己读，很好。,2
12617,散热做的挺好 材质尚可 配货迅速 而且赶上了价格保护 属于性价比很高的一款本本,2
12618,非常好的一本书，拿到书，自己先翻看了一遍，书里的大兔子、小兔子动作神情非常生动、可爱，看着看着，不由自主的就笑了。文尾，大兔子轻吻小兔子，在他耳边低语，温馨，就如我家平日的画面。儿子看了也很喜欢，最近常学小兔子一样，拉我的耳朵，对我说：“妈妈，我要说话。”呵呵。早上临走的时候，亲了一下还在床上的儿子，他对我说：“就象小兔子一样。”欣喜！,2
12619,《明朝那些事》徒有虚名，没意思。炒作的结果,0
12620,开关翻盖声音好大，没用多长时间，声音越来越大了，还有，要看时间时，外屏亮灯的按键总有失灵现像，按半天也不亮，现在已经习惯开盖看时间了。还有电池松，还是新机呢，就已经松了,0
12621,"问题多.刚买回来光驱弹不出来,必须用针弄出来！无奈之下第二天就去了维修站拆机修了，但有事还是不灵，后来又发现待机无法唤醒！打了客服电话说要我刷主板！如拿他那修机器还拿不回来！明显主板有问题",1
12622,我很愤怒，这本书我4月23号收到邮件说上海寄出，今天了5月7号了，我还没见到书的影子，居然让我写评论……希望像在当当上买书的朋友慎重了,0
12623,早在我初中时就看过他的魔星高照了，那是就觉得这个人帅帅的而且魔术变得特别好。但就奇怪怎么他在内地不是很出名？还好有了春晚............现在看到了他那么多让人称奇的魔术，就越来越感兴趣，但是呢还是对他本人的喜好来买这本书。第一次来网上购书还是有些担心，但看到书的时候真的版面是那么精细，而且没有任何破损，内容就更不用说了，喜欢刘谦的、喜欢魔术的应该就要有这本书真的很不错.,1
12624,在充电时老是死机，任何按键都无效。机子买回3天就发现死机，来回检测好几次，检测人员才承认机子有问题，1个月内换货遥遥无期，机子广告宣传上有真人来电照片显示，调了半天没有调出来，设置的外屏图片常常会无缘无故的跑到内屏下方，有时内屏字体是颠倒反面的。,0
12625,本本很漂亮，外观不错，配置也不错，但是拿货的时候没注意，在本的下方掉了一小块漆，想着都已经把本本拿走了，估计人家也不会管了，好在不是很明显，总体还OK。,1
12626,“吃”在每个小孩的生活中都是相当重要的一部分，在吃上玩出花样恐怕也是每个小孩期待发生的事情。这本小书非常契合小孩子的心理特点，写得、画得都是妙趣横生，因此小朋友的喜欢不言而喻！个人感觉适合1.5~4.5岁的小朋友，尤其适合吃饭比较挑的小朋友~另外，单单作为调剂亲子阅读的一种开心小品来读着玩，也是不错的选择~相对而言，价格稍贵~,2
12627,"闺蜜总是在半夜三更给我诉苦，说她十分想念某某某，甚至想得废寝忘食，在那个男的对他呵护备至要星星给星星要月亮给月亮的时候她三天两头玩失踪，如今人家有了女朋友她就要死要活了。我说这就是犯贱，这就是得不到了才更加爱。就像米娜姐说的一样：爱的时候,做再多事都不嫌麻烦.不爱的时候,按个手机号码都嫌费力。我决定把这本书借她看看，让她觉悟，让她阴暗的心里面重见阳光。",2
12628,是我通过携程订到的最烂的酒店。7月18日入住，当时是300元/天，我看最多值80元。1、房间墙壁斑驳；2、设施陈旧不堪；3、卫生间奇小，且看起来非常不干净；4、价格昂贵；5、竟然还要信用卡担保，不知道是携程变态还是酒店变态；6、前台态度还不错。在秦发酒店的北面就有报业商务酒店，价格公道，设施干净。再往北还有海岳商务酒店，可惜是新装修过的，味道太大了。,0
12629,奸商啊奸商！这就是蒙牛冰+？？ #Camera360照片分享#,0
12630,早已不买蒙牛,0
12631,爱坏，爱死机,0
12632,有些人看了这本书之后，可能会认为整本书都在说只要想想就能成功，但是事实并不是这么简单！作者倡导的是一种在面对生活的挫折，贫穷，疾病等困难时都应该保持良好的心态，都往好处想，事情就能朝好的方面发展，如果只是一味的有负面的想法，那只会越想越糟，反而起不到好的效果。吸引力法则对我还是很有帮助的，现在已经对我的生活和工作中有了一点帮助。希望会越来越好的！强烈推荐大家看这本书！,1
12633,外观简洁大方，时间长了也不会烦，惠普的机型都不错的。 性价比也高。,2
12634,不去品尝生活的苦就不会懂得幸福的真谛。从古至今，有谁没有遭遇过挫折，又有谁没有过不幸的时刻呢？但不论如何，坚强的人都会努力克服艰难而坚持活下去。有些人在曲折的生活道路上显得脆弱。但人只要有毅力和决心，就会发现活着就是幸福。张艺谋导演的电影《活着》就是要演绎这种坚忍的“活着”。《活着》讲述的是中国四十年代至六十年代一个富有家庭里发生的故事。故事的主人公是一对夫妇，丈夫富贵，妻子家珍。由于吃喝享乐，沉迷于赌博，富贵最终把家里的财产输得一干二净。父亲因为他的堕落气得生病而死。从此，家破人亡，他们两口子不得不面对苦难的生活。俗话说：“有果必有因”。富贵家境衰落，他妻离子散的悲剧是他走上堕落的不归路，成日不思进取吃喝赌博的结果。在此之外，还有别的原因吗？是不是他的父亲和妻子不关心他呢？答案是否定的。从影片中我们可以看得出富贵固执的本性。他漠视父亲和妻子的多次规劝，执迷不悟，最终致使家境衰败、贫穷潦倒，天天过着痛苦的生活。他曾被国民党抓住并差点丧命；他曾在被别人鄙视的环境中醒悟。也就是在那时候，他才反省以前的事，才真正懂得幸福的价值。影片中有一个关于他教训孩子的情节值得我们思考。“小鸡长大会成鹅，鹅长大会成羊，羊长大会成牛。”小鸡怎么能变成鹅呢？或许想告诉孩子，再贫困弱小的人也能成为生活的强者吧。是啊！生活虽然不是什么时候都尽如人意，但只要付出努力，拥有信心，明天将会更好。另外，影片中另一重要的角色家珍又是怎么样的人呢？现在我们来给她作个分析吧。影片中描绘她的部分没有富贵多，可是我们可以看出她是个既通情达理又温柔贤惠的妻子。人总是有喜怒哀乐的，家珍有时也生丈夫的气，所以她才在怀孕时带着个哑巴女儿回娘家。可是富贵那时候怎么知道家珍 —— 一个已经把自己的生命交给他，一个夜夜哭泣劝告丈夫不要赌博的妻子正在家乡艰难地供养着孩子，并且期盼着他早点醒悟。要是没有毅力，没有信心，说不定这个柔弱的农村妇女早已经没有勇气生活在这世上了。这个女人的生命是很苦的，也是很坚韧的。怪只怪富贵这个男人不懂得珍惜她，所以他们俩才只能过着艰难困苦的生活。这个故事说到这算是告一段落，不过剧情仍未结束。也许导演还要通过这个故事告诉我们，中国的环境不断在变，人也随着不断地变。但是不论如何，不论发生什么事，活着的人还得活着，在漫漫人生路中品尝酸甜苦辣与喜怒哀乐。富贵和家珍的故事伴着前进的历史走到中国建国初期。这期间，他们的孩子友庆被春生（他们的老朋友）骑车撞死了。其实春生不会开车，却自以为是，结果。。。。。。。这个可怜的孩子再也没有机会品尝妈妈给他做的12个饺子了。 作为编剧，导演，为什么安排了这样一个情节呢？是否想通过加深富贵和家珍的痛苦，来表现他们生活的毅力？我想除此以外，他们还想提醒人们，做事时不要不懂了装懂，否则酿成悲剧再怨天尤人也无济于事了。有庆的死真是令人扼腕叹息啊！还有一个令人痛心的情节是富贵的女儿在生孩子时也不幸死去了。她的死并不像人们说的那样是由老天爷安排的，我觉得是由当时迂腐的社会观念造成的。我们都知道六十年代的文化大革命让许多知识分子被批判为资产阶级。 影片中的医生是个典型的例子。如果给富贵的女儿接生的接生员是个有经验的医生的话，这个悲剧就不会发生了。这种情节真令人悲哀愤怒。亲眼看着自己的孩子死去，身为父母该有多痛苦呀！我原以为富贵和家珍会承受不住孩子死去的打击而丧失理智和生活下去的勇气，可他们却能面对现实，承受苦难，顽强地活着、活着！我深深地被他们的坚强与勇气打动。《活着》是一部意味深长的电影。富贵和家珍夫妇的人生经历带给我们这样的启示：生活就像是一条路，不总是平坦而笔直的。人只有一勇气、毅力和信心去面对和克服种种的挫折与不幸，体会幸福的不易与甜蜜，才会更加热爱生活，珍惜生命。活着是一种证明，是一种历练。,1
12635,"说待机720小时,但只有48小时.电子邮箱一按就死机,",1
12636,"不错,住过几次了,值得推荐! 酒店外就有超市买东西挺方便的:)",2
12637,房间里的设施没有广告中理想！价格也没有网上所说的那样分明清楚~~,0
12638,毛病百出，蒙牛不乐观,0
12639,散热可能差一点，性能一般，一般3D游戏没什么大问题，大型的可能就不太行了。,0
12640,本书一开始附带了大量的历史知识，看的我很不耐烦，觉得也没组织好头绪，很乱的感觉，但是似乎大家对这本书评价还不错，那么耐着性子看下去，从第三本开始，真的发现渐入佳境，作者开始找到感觉le事情的进展开始有那么些意思了，最后一口气看完全部五本，发现喜欢上了这套书，看来还要继续追下去，只是可惜还没出完，真希望看到后面，不知道作者会给我们怎样的结果？,1
12641,非常不喜欢这种文风，这种朴素直白的用词。可是同事看了觉得非常好，感动的流泪。唉---------,0
12642,"房间装修实在是不敢恭维,洗脸盆下面还漏水,还四星级,我看三粒星可能是花钱买的,还不如锦江之星,如家快捷等酒店.",0
12643,有病吧，继续买伊利！ ……说明蒙牛比卖切糕的都黑么？ 脑子装满了切糕 蒙牛的公关脑子有坑啊！,0
12644,气人、这书评论过N次了、还说我没评论过、,0
12645,"太多了,前面都有人说过了!",2
12646,这是我看过文字写得很糟糕的书，因为买了，还是耐着性子看完了，但是总体来说不好，文字、内容、结构都不好,1
12647,书的内容不错，但是再版的印刷没有以前好了。我以前在新华书店买过一套，后来送人了，听说当当会有折扣，就又订了一套，发现有当当网营销支持的版本明显印刷质量不高，图片清晰度低，纸张也不如在书店卖的那个版本好，不知道是为何？是价格打折质量也要打折吗？,1
12648,所有观点都是泛泛而谈，点到即止，没有实际效用．很失望．对任何一个受过教育的女性来说都米啥大作用,0
12649,性价比高，外观大方，稳重，该有的功能都有了，最爽的是音量可以用手触摸滑动调节。,2
12650,质量不算太轻；不升级BIOS版本会导致2GB内存只读出1GB；触摸板设计不够合理，建议附送鼠标；集成显卡不足以应付大部分3D效果要求较高的游戏，但不能苛责。,1
12651,真是非常的不爽，本来来慈溪很喜欢住这里的。因为这次来的时候没有带本本，所以住了行政双人间，6楼真的是太差了！！！！！晚上房间温度有29度，空调竟然不开！！！窗户打开，对着外面就是一个汽车货运站！跟前台说换一下房间，竟然直接说，另一面就是马路！！都是很吵！！真的是太太失望了....换，坚决换，下次肯定不住的了。补充点评 2007年5月16日 ： 实在没有办法，共2间住了2天，真的想连评4次，都给个1分，太气愤了！！破网络也是一塌糊涂。,0
12652,现在它的价格很低不到1000元，才899元，红色的很可爱,2
12653,散热做得很好，屏幕效果绚丽没有坏点，杜比环绕效果也很好。换了XP+3G内存PS、Dreamweaver打开速度相当流畅。功能键非常实用，接口也挺丰富。。,2
12654,以前没用过手机，但是这款太让我爱不释手了，功能很好，现在配件就差耳机没弄到了，原装的太贵了，用转接头接的话只有一边响，其他都很满意．数据线是同用的，只要买２.５毫米的ＵＳＢ都可以用，很方便，而且存储卡价格也很合适，推荐各位买这款机子，我买的时候１７６０一电一冲，不知道大家的价格是多少？现在就是不懂怎么弄电子书来看，那位大虾知道的，请一定要告诉小弟啊,1
12655,机身漆面质量不高，整机塑料感非常明显。手感生硬，导航键采用了拨杆设计，硬度较高而且十分尖锐，操作起来非常别扭。数字键区更是小到不能再小......,0
12656,定了这么久的书，没遇到这样的，舒适送给老人的，说是赠送全彩经脉图根本就没有。,0
12657,测试软件显示cpu二极管发热大，开机不久即于62度左右徘徊。 合上时没有弹簧盖扣；一只手无法打开，可能因为“下盘”太轻了，哈。 底部透过一排散热口能看到芯片晶体板，呃，有点不精密的感觉。 屏幕色彩太浓,0
12658,"外观做工不错,颜色是黑白两色选择,永远经典不过时的颜色,造型设计很有味道!",2
12659,啊啊，今天刚买了一个，放音乐还好 摄像头简直是垃圾，拍照模糊的要死，屏还可以，送的光盘放不出来，支持的音频格式很少，就MP3 WAM MIDI 有点亏。 ,0
12660,"500多的房价,定的一间经济间,房间奇小无比,在里面都很难转身,淋浴设备也很差,被子不干净,盖在身上很痒,房间不通风,空气很差,隔音效果非常差,旁边屋做什么都能听见,半夜还被酒鬼乱敲门惊醒,这是我住过的最差的五星级酒店,千万不要在那儿住,开发区很多经济型酒店都比它好!!",0
12661,粗看的时候觉得很多方面说的不错，但是仔细做下来，就觉得一些东东也是作者东拼西凑过来，扣来就很少翻了。,1
12662,前台服务较差，不为客户着想。房间有朋友来需要打扫，呼叫了两个小时也未打扫。房间下水道臭气熏天，卫生间漏水堵水。,2
12663,人生中最欢乐的事，就是一个人抱着蒙牛伊利＂家庭劲享装＂的桶装酸奶，在一小时内迅速喝完，之后无怨无悔地跑去拉肚子??????诶～吃货已经到达新境界了～,2
12664,这个饭店比较老旧、像20年前的饭店，实在不是一个好的住宿选择。服务人员也没有饭店服务观念。（问什么都不知道）唯一好处就是步行街在旁边，方便逛街。另一个不知是不是优点或内部管理不良？携程预订，入住时不用收押金、也不用信用卡预授权，退房再付钱，对客人的信用程度很高，饭店界少见！,0
12665,买的时候，看了评论都说不错可是买来才知道，其实也就那样我还没给孩子看呢我想，她也许不会喜欢,0
12666,"什么时候能收到,实在不行,退了我再订,送货上门好了.送别人过生日的书,生日都过了,书还没来.",0
12667,“歌迷和偶像的感情只有他们能懂”老大，这句话不止一次听你说了，庆幸可以爱你，刚看了《蒙牛音乐风云榜》主持的好棒呀！不愧是主持过的，说话很麻利特别是介绍那几首英文歌曲的时候，英文很流利 ，赞,2
12668,我家小朋友一周八，拿到书的时候很开心，要我们讲给他听。听了一遍还要一遍，那天晚上缠着他爸爸讲了5遍。现在自己翻开书，看到天哪得那张，就会自己说“天哪”。有时候他要做坏事，我们说：大卫不可以！他偶尔会听。如果我蹲在地上，张开手说：宝贝，来这里。他会很开心的跑来，就算正在调皮，正在捣蛋，他都会过来，然后我抱住他，跟他说：宝贝，妈妈爱你。他也会很开心地说，爱妈妈。呵呵。。,2
12669,"光碟质量不好,屏幕不停的闪,对小孩眼睛特别不好,所以买回来后一直放在那里没看,我觉得当当网应当卖点质量好的光碟,质量差的就别挂在网上卖了.",0
12670,买这本书的时候，正是我在感情方面有些心结的时候，虽然过去很长时间了，但心中仍有些情素无法平复。看完这本书，确实对我帮助很大，可以客观、理智地分析问题。不推荐20岁以下的朋友看，因为很多东西，是真正经历过才能体会的。有人说这是一种洗脑，其实这么想是不对的。我认为这是在感性与理性之间寻找最佳结合点的一个过程，人之所以成熟，是因为我们会不停去经历。,1
12671,《四季时钟》真不错，插画非常精美，语言清新流畅，口吻活泼有趣。翻译质量很棒，用词精确生动。作为科普书籍，用词的简练和准确非常重要。小孩一拿到就非常专注地看起来了。我也跟着看了半天不舍得放～～～我最近发现那些童书好像买回来自己都一样爱看。所以，我现在真是不太关注所谓的年龄分段了。只要绘图是我喜欢的风格，故事是够让人愉悦的诉说方式，不管语言深浅，照单全收,2
12672,外观大气、配置较高、整体设计比较合理，性价比较高、特别适用男士使用。,2
12673,一边吃着甜橙子和蒙牛冰淇凌，一边看CBA，真的是很幸福的事。,2
12674,"大家说的都认可,可是我发现我的手机的音质怎么在放有些歌的时候发出滋滋振的声音呀,各位的有吗,还有这款手机你们的串码在网上查询的时候能查到注册吗为什么我的查的时候提示说""此手机还未注册呀,你们试了吗请快说先谢谢!!!",2
12675,当当网给我发错书了，收快递的时候没有打开看，我哭,0
12676,"并没有宣传的那样好,且没有什么实用性,更没有娱乐价值,现在也没有人糊墙了,真不知道,拿这本书做什么???",0
12677,我给6岁的女儿买了一套，还有最新出的第七册，她非常喜欢，书她在幼儿园已经看了其他同学的，可是回到家还是抱住不放，看来真是不错。我准备再买一套送给朋友的孩子,0
12678,这个价位这个配置已经很不容易了，做工不错，其实还是磨具不错。发热量控制的还好,2
12679,看了五颗星才买的，结果很失望，书中有一些语言不适合小孩子，象什么“滚开”之类，小孩子很容易模仿，建议大家看好再决定，我个人意见不好。,0
12680,说好了以后都不碰蒙牛、伊利还有光明的，结果今天超市蒙牛买1送1，我老妈没忍住，我的心理防线也被攻破了，罪过啊罪过，对自己很失望。,2
12681,满心欢喜想看这本书的，想不到当当哪个家伙竟给我送了两本完全搭不到边的书来！！在当当买了这么久东西，这事还是头一次遇到。气死我了！！,0
12682,儿子回家时，我把书拿出来和他一起找，小家伙很厉害，不起眼的物品我都没找到被他一下就找到了（真的别太低估小孩的能力），这下更来劲了，更兴奋了，吵着要我给他念要找的东西（下个月满四岁，还不识字），吃饭的时候都不舍得放下，看到儿子这么喜欢真开心！其实我自己也很喜欢，晚上等儿子睡着了，我一个人还找了一会呢，但觉得还是和儿子一起玩更甜蜜，头挨在一起，人粘在一起，心也贴在一起。,1
12683,"轻薄,外观典雅,内敛,除了内存外其他配置还不错,好在送了1条1G内存条.散热好,噪音极小,运行起来几乎听不到声音.机器稳定性也不错.",2
12684,我又一次用我的肠胃证明了伊利是不能喝的，目前只测出了蒙牛和伊利是有问题的。在不加热的情况之下，这两种牛奶连着喝3天，每天200毫升，我绝对会拉肚子，无例外情况。是我太脆弱了，还是真的伊利和蒙牛还存在问题,0
12685,看这本书，并没有花多少时间！一下子就翻完了，翻完也没什么感觉！没什么意义！奉劝各位不买为妙！,0
12686,安装我自己花了500多，美的够黑心的，真的是烦心，安装的售后叼的要死！差评！！！！！,0
12687,掉漆速度快的惊人，反映速度慢的惊人，铃声通话声小的惊人，功能介绍夸张的惊人，柜台介绍的好处一无所有，我 上当上的哭不出来，浪费我宝贵时间在网上拼命找下载，其实下载区一片空白，总之就是惨惨惨！！！！！,0
12688,电池较差；说明书太简单（不过也没有多大用处）；没有内胆包附送,0
12689,"我花了1500买了个垃圾,1,经常死机2无下载铃声,图片,3只是掉到地上就用不了,没信号,自动关机,修也修不好,4无彩信,总之,垃圾中的垃圾",0
12690,我们唯一能做的，就是不喝蒙牛伊利这种被曝光过的黑心企业的产品！,0
12691,今天刚到手，只能大概说一下。第一感觉配置不错，对得其这个价位，性价比不错。第二本挺漂亮，蓝牙模块我也喜欢。,2
12692,性能好，性价比高，对于编程来说是很好的选择，集成显卡够用，并且不用担心很大的散热量，风扇散热也很好,2
12693,"我是看了网上的评论才定的该酒店,总结优点一是交通便利,二还是交通便利;别的确实差点!环境不说,要求本来不高,可入住三楼后发现外面是通风管道,嗡嗡一夜!劝入住的同志千万别选三层住!设施也相对老化,属于五星中的老年,需要重新装修!房间基本不通风和采光!住着比较憋屈!总之,我加了好多银子,住着不爽!后悔中......(今天刚从香港回来..)",2
12694,1.外观漂亮，十足高档手机2.通话非常好，声音清晰，前面说N60信号不稳的朋友，可能买到水货了吧？3.旋屏+手写+320*240清晰度，超越同价位所有外国手机4.影音效果一流，MP3功能不输索爱W800C5.照相不错，插值提升的效果约等于300万像素级DC，特别是夜拍和近拍效果特好6.智能功能强，手写板+日程+任务+电子书+JAVA扩充7.待机时间长，一天看一部电影+听3小时MP3+拍50张照片+打半小时电话，厚电可撑3天。如果不怎么使用，可以待机5天左右8.优点太多了，比我用过的诺基亚，索爱，摩托的机子都好。估计我以后不会买外国货了,2
12695,去TMD蒙牛 狗屁特仑苏 再也不买 内地这类企业可能很多这么想的，蒙牛只是一不小心说出了实情？ 蒙牛不死，天理难容。,0
12696,该笔记本样式新颖 ，外观真不错，但性能如何，还需要用下来后才知道 。,1
12697,9月30日我给朋友（从德国来湖南打算去张家界）预订了2间房1晚，第2天早上结帐时服务员硬说房间少了1个衣架，我朋友只好上去6楼看，结果是服务员数错了。我朋友很生气，说酒店服务员数数都数不清吗？发生这样的事，让客人感觉到很不愉快，同时耽误了客人结帐的时间。,0
12698,无聊的要死。语言也太……。后悔买这本。,0
12699,希望以后当当不要买2本书的时候，有一本没有货就只发其中的一本，而我自己都不知道，这样再买一本的时候又要加运费了，请你们的系统聪明一点了，别那么傻了,0
12700,酒店距离九寨沟景区仅仅2公里，附近是各式各样的酒店和购物街区，出行很方便。服务素质很高，早餐品种丰富，性价比不错。,2
12701, 您好，我是重庆邮电大学 外联部干事，我们 有个校园早餐车活动，想通过活动 推广一种健康 生活方式，这也 和蒙牛一贯坚持的理念一致 ，想知道贵公司是否有兴趣赞助一期早餐车活动，我们负责宣传。具体细节有兴趣我们可以发给贵公司策划书。希望您能考虑。,2
12702,机器很厚，有点沉，这个凭恃肯定还要背电源和其他东西，机器加电池电源有6斤以上了。,0
12703,炒的很热，就买来看了看，但还是不太接受，也不好看，比当年看的《飞龙全传》差很远。,1
12704,书还是新的，读不下去。主角是女性，工作环境是跨国公司，没点共鸣~实在看不下去~也许是好书~也许是大家太捧~不喜欢~,0
12705,酒店邻近山脚，空气清新，闹市取静之处，清早起床看着窗外真有想去晨跑的感觉。临近香港的SOHO区，附近就有最长的电梯往来中环。尤其夜晚可以取阶漫步而下前往兰桂枋，一路上都是异国情调的各式餐厅及酒巴。喜欢小资的朋友就非常喜欢的了。缺点是交通不便，其中一次返回酒店时，害得我步行了近半个小时才东问西问回到住处。进出酒店最方便的交通工具是出租。酒店的接待服务没问题。,2
12706,暂时没有问题。分区最好用diskgen分了，再重新建立MBR.直接删除分区会出现grub的提示。这个linux真的不好呀......,2
12707,整体感觉不错，一般用用的话完全足够了。装系统也不费劲，先进到bios下面把ahci改成ide，再设置光驱启动（这个跟原来不到一样，在boot下面按F5或F6把第二项CDDVDW调到第一个），我用的番茄花园，直接就装上了。再用送的光盘挨个装驱动就可以了,2
12708,外形很漂亮，系统界面漂亮 ，键盘指感很好，触摸式操控台也很实用。 不足“硬盘只分了两个区，不知道怎样进行分区,2
12709,东西收到了很满意，快递也很快。。。。,2
12710,电脑很漂亮，性能也不错.电脑很漂亮，性能也不错.电脑很漂亮，性能也不错,2
12711,"这本书写的不怎么样,好像是杜拉拉在写日记一样，很多内容没有实质的励志性信息，就跟普通的一般公司职员的情况差不多，只是在强调杜拉拉是怎样一步步发展的，有点像是在炫耀自己的能力。",0
12712,没有想象中的好，失望，但是印刷真的很精美,1
12713,非常漂亮！！运行速度很快！！值得推荐！！！ 就是键盘不耐脏！！！！,2
12714,2g拖vista还是有点吃力的，后盖里面金属框架确实有点像翻新的，寒一个。,0
12715,物流很快，客服态度很好，用了几天，加热很快保温也很好，很喜欢，下次有需要再来,2
12716,"国庆期间住过本酒店，我的评价就是""差,实在实际太差"".第一:毛巾不仅仅是旧,而是破,有一个个洞洞.第二洗浴水龙头出水小，小得可怜。第三房间噪音很大，三楼的KTV一直吵到晚上12点。第四：早餐几乎没有东西可吃。第五结帐查房动作实在太慢，我们一共等了半小时多。还有很多很多的差。可以说比不上我们宁波的二星级酒店。补充点评 2007年10月8日 ： 这样的酒店携程订，标准间居然还要420元一间。自己直接订，要580元一间。超不值！！",0
12717,版式太小了！不是很好，要是大版点就好了，不会显的杂，字也可大点不是很好吗？孩现在不是很喜欢。,0
12718,不过因为之前有买过联想笔记本，所以应该不会有什么问题，再加上又送那么多东西。,2
12719,物超所值，相当不错，邻居给安装的很好热水器也好，总之就是满意，谢谢卖家的热情服务，以后介绍家人朋友都来买你家的，生意兴隆哦,2
12720,"我再次重申:不能相信携程接线员的推介,要大家看点评!接线员说这是准四星,但只是准三星而已.在张家界这个旅游热点城市但管理横乱的地方,凑合住了一夜---因为咱队其他地方也是不熟.",1
12721,因为是匪我思存，所以买了这本书。本是将后妈进行到底的匪大终于给了我们一个河蟹的结局。也许是匪大第一次以第一人称来叙事，所以感觉比之前作品相差较多。而匪大在书中多次提到东子，提到佳期，提到佳期如梦……佳期如梦是我最爱的一本书，看了十来遍，流了十来遍的泪……所以匪大多次在这本书里提起，让我不由得心伤。如果真要说喜欢这本书，不如说喜欢匪我思存。,2
12722,小巧、轻便，这个价格应该说还是有点贵了。暂时还没发现缺点哦！,2
12723,因为看销售量很好然后就给我侄女买了也不知道是我智商的问题反正外国的小说我怎么地都没看明白何况我侄女的了……,0
12724,地理位置不错，但是设施已经非常陈旧了。其他的也还可以。看见上面有人说可以免费打长途，可我打了两个市话，结账时还收了我2元的市话费。,1
12725,vista需要适应。分区很奇怪，但据客服说在系统崩溃下也可以导出数据。,1
12726,蒙牛最好喝的，没有之一！像溶掉的香草冰淇淋,2
12727,帮同事购买的，货一到就给了她，下午一上班，她就高兴地说：“孩子非常喜欢这套书，拿到手中，连饭也不吃了，就立刻读了起来。”让她这么一说，我也挺高兴的，有些心动，思量是否也给我家的孩子也买上一套。同事家孩子上小学二年级，七岁。我家以前买过些“儿童版十万个为什么，以及少儿科学大观”之类的书籍，现在孩子快十岁了，再看这套书是不是有些太能了。,2
12728,非常奇怪的问题，随机配了一张DVD光碟，上面居然只是说明书的PDF文档！驱动都不要配吗？让客户都自己去网站上下载？HP的网站上驱动下载做得并不好，有2个完全不一样的1019TU，让人不知道如何是好。,0
12729,我的订单是7月17日就发出来了，但是现在是8月2日，我还没有收到货。怎么发评论呢？订单上有电话呀，即使找不到地址，打个电话问一下呀，到底是出在什么地方，希望贵 网好好查一下，避免以后再出现这样的问题。,1
12730,说是4星的，居然没有设置无烟房，实在是无语。宾馆反馈 2008年4月28日 ： 尊敬的宾客，非常感谢您入住七星商务酒店！本酒店10楼为无烟楼层客房，楼层及客房均设有明显无烟楼层标志。我们诚挚地期待您下次光临我们酒店，我们将尽量满足您的订房需求。,0
12731,如果你不知道马云是谁，我告诉你，淘宝是他的，阿里巴巴是他的，雅虎是他的。马云带领阿里巴巴，从平凡走向成功。有人说马云是骗子，疯子，狂人。但是最终马云向大家证明了，他说的他都做到了。年轻人想成功关键在执行力！！！晚上想很多，第二天照样骑自行车上班的，是不行的！我要向大家证明，我有能力，成为唐军第二，马云第二！加油，向着理想狂奔！！！,1
12732,不足也有：1、份量不轻，别看个不大还挺沉的，感觉跟我的THINKPAD差不多；2、屏幕边框设计不好看，太宽像大模具套小屏幕；3、漂亮的烤漆爱留指纹，美观与实用两难；4、底部温度不低，放腿上夏天比较热。,0
12733,铃声：来电若拒绝接听一次，第二次打来后，铃声就变成长鸣单音了！键盘：超级不耐用，两个月用了下来，4个键不听使换了，其中删除键可能一般的女性是按不动的。短信保存不方便。从电脑上传送图片，不能满屏。照相数度慢，我保证一个月后你就不能用照相功能了，摄相头是用塑料保护的，外露。,0
12734,1、机器的cpu最好用zm82，配合独立显卡更爽 2、强烈谴责acer，机器都出了，驱动要好好更新。这个主板加显卡，因为驱动的问题不能组成交火就是浪费。ATI的笔记本驱动不通用，要笔记本厂商自行发布,0
12735,251页到267页内容缺失，换成了239页-246页再来一遍。太不爽了。图书内容随便看看还可以，史书这样写看起来不错。一句话：可以看但不值得收藏的书，指的可能就是这样的书。,1
12736,先看了网络的，觉得不错就买里一本。被小说里男女主人公分开七年后还爱着对方，还能幸福的在一起所深深感动，现实生活中这样的事应该不多。觉得作者书名起的挺好。不是每个人都能找到适合自己的人，就算现在合适的人也不能保证以后也合适，所以人们总是在徘徊不安中前进，不是每个人都有勇气回过头去追已经错过的风景，就是回到原处，风景可能已经变了，所以抓住现在的美好是最重要的，活在当下。,2
12737,农大动物科学学院开始出售刚挤出来的牛奶了。我突然更信任蒙牛了，这里的牛生长环境太臭了，而且挤出来的奶细菌怎么办？病毒怎么办？都没有消毒。姐姐你怎么看@快乐Lydia的碎碎念,2
12738,本书有删减，也就是出版社的编辑自律加觉悟高，或者说是被“和谐”了。买这本书建议大家三思。而我还是去香港买原版的吧。,0
12739,银色边框，耐看，做工也不错！~ 2.奔双4200，速度快，显卡也还可以，能应付主流游戏，LED的屏幕相当不错，显示效果好，亮度高，16：9的新宽屏幕还不错。 发货速度很快，效率高，这一点值得表扬！,2
12740,从小说文字的角度来说，非常一般。它的成功也就是托了快餐文化和所谓成功学的福吧。,0
12741,喝了蒙牛的酸奶，胃难受吐了-_-||鄙视蒙牛！抵制！ @唐恒0805,0
12742,作者提出了一种工作和生活的方式，作为咨询界的元老，不仅能提出理念，而且能够身体力行地实践，并且提出具体的步骤，展现的是一种自然的生活态度，一种劳役结合、张弛有度的生活方式。作者提出的观点引入了欧美人乐观的生活方式，并且结合现在日本的社会状况和生存环境，提出了一种切实可行的生活历程，其实这些观点同样也适用于现在正在步日本后尘的中国人，会玩才会幸福。,2
12743,滑盖松，信号差，做工粗糙。视屏蜜封差，进灰。,0
12744,"喜欢手写当然就选A100了，短信现在离不开了，天天发不停，有了这功能，手就轻松多了。视频拍摄也没的说，效果很好。要欣赏MP3和欣赏电影播A100屏幕也够大些,而且还能够插卡，呵呵，功能好，又好用，强力推荐一下",2
12745,很久就听说这书了，没想到，不经意的阅读后，带给我的是淡淡的忧伤和惆怅。不知道童话也可以用平淡的语言，平淡的情节，打动一颗久经尘世的心。我希望在我将来的日子里，我可以像小王子一样怀着对自己的玫瑰的爱和珍惜生活，希望在我离开这世界的那一天，也能和小王子一样平静。希望我能在离开这世界的那天，把我的这本《小王子》留给我的爱人，让他知道，对我来说，他就是这宇宙中独一无二的。,2
12746,地理位置比较偏僻，但是不是不喜欢它的主要原因。280的房间，装修烂的不得了，地毯油黑油黑的，洗了澡都不敢光脚踩上去。卫生消毒肯定不到位。宽带不稳定，常掉线。,1
12747,抵制蒙牛四五年了 加我一个，绝不用蒙牛所有产品 抵制日货还不如先抵制坑人的国货。。一个没有道德底线的名族才是可怕的。。我宣布从现在开始至入土那时，抵制蒙牛一切产品。。。行动永远不要只挂在嘴上~,0
12748,书较贵，但史料翔实，足以见作者平日对史料考证是下了工夫的。国民党的联共与反共实际上是代表了两种统治阶层处理同时期非主要党派的关系。当然随着外部环境的变化，随着党领袖的变化这种关系会不断地进行调整。矛盾与斗争，对立与统一。我想，翻开这厚重的书，从书中了解些自己不知道或还不了解的史料，看看当年那时代的的人处理问题的技巧并从中借鉴，是我购买本书的理由，虽然书还未看，但很期待。,1
12749,蒙牛的执行力就是这么迅速！爱死蒙牛了！,2
12750,这本书其他地方都很好。就是装订有错误！好在这本书是交大印刷厂印的，我就又去换了一本。i希望厂家以后给其他人发货时注意一下！,0
12751,买了一箱蒙牛纯牛奶，换包装了，感觉还不错，就是每袋牛奶的量少了，少了20到30毫升左右，物价上涨真心伤不起啊~,2
12752,我认为此书买了完全是等于把钱掉进了阴沟里去了，太不值了。劝大家别买了。买了会后悔的，象我这样。还不如别的书呢。,0
12753,机子还是好机子，功能全，也支持扩展卡，屏也不错，听说用的是三星的,2
12754,有些失望，没有想象中的好。比较适合幼儿园的孩子阅读。但对于小学生不是太好。,1
12755,性价比不错，外观漂亮，键盘舒适。及时vista速度也完全说的过去。,2
12756,有点厚有点重，电池一般般，另外相机不可以抓拍，相素低，价格也不便宜！,0
12757,"酒店服务人员服务好,交通方便,价格适中,房间一般,缺点是早餐比较差,还要10元/人.",2
12758,态度不错，就是服务差点，其它的没什么了~~~~~~补充点评 2008年4月4日 ： 服务人员说话态度极其不好，说是携程安排的问题和他们没关系~,2
12759,"外观配置都不错,性价比很高的一款本本.买来给LP用的,性能LP好中意,价格俺也好中意^_^",2
12760,有时自动关机，有时关机后闹钟不响，重新更新时间又恢复，无规律。本项支持国货精品，但太失望！,1
12761,"孩子的评论:卡梅拉有充足的勇气,她的孩子也是.不管是在大雨天,还是在滔滔的海浪中,她都是那么勇敢!",0
12762,前台服務員的禮貌有待改善，做事欠效率，因三名服務員竟同時處理一位客人的問題，其他客人站在服務台前，竟不加理會，而且說話的語氣欠佳、冷淡，不夠專業，不能符合四星的酒店服務。酒台房間的設施殘舊，尤其是衛生間，我想比三星還要差，整晚睡得不好。唯一可以讚美的是bell boy，他們的服務態度良好，笑容可掬。如果要500元住一晚的話，實在不划算。,0
12763,"性价比高，品质也很好，键盘很好按。开机直接安装系统，果然是全新。自带XP系统,续航能力不错,完美屏，无线网卡支持n",2
12764,环境不太好，大堂灯光也不行，没开几个灯，一进门感觉挺暗的。,0
12765,一起买了好几本书，其他都还好，唯独这本，质量差的可以，很盗版。。。。。。。。,0
12766,最近购了此机用了几天感觉不错，优点就不在这说了，对于待机本人用原电充足后平均一天发８条信接打电话１２分钟待机约能维持4-5天。,2
12767,"酒店在我最喜欢的跑马地区, 是靠山的,很舒服,不到两分钟步行时间还可以到临近的百家国际超市,那里可以购买到全球各地的新鲜美食.^_^,扯远了,酒店房间就是小了一点,大家都知道的,香港寸土寸金啦,房间小一点是没有办法的,好在酒店周围环境幽雅,安静,酒店大堂很怀旧英式风格,还有免费巴士到地铁金钟站,价格也有竞争力,总的来说还是比较满意的.",2
12768,"电池续航不错. 看股票加上班时间可以一直用到回家.不错,早3小时,午4小时.",2
12769,轻、薄对于X200那就不用太多评价了，赠送的包包相当的范儿，皮质的很有商务的感觉,2
12770,价格合适，质量好，作为商务用挺好的。外观看起来也很气质，耐看~哈哈,2
12771,"非常好的酒店,除了前台的服务态度.房间设施非常好,飞利浦的液晶彩电,还有电脑备用.只是,可能因为是通过携程预定而非直接预定的原因,房间的位置非常差.",2
12772,对于数学，我的态度一向是不温不火，既不太喜欢，又并不讨厌。至于真正的由数学而生发的思索，却是从来未被自己关注的事情，说来也并不奇怪吧，因为我并未从数学学习中获得过真正令自己感动的趣味与满足。读了《怎样解题》，在作者从容，清晰，充满智慧的论述中，我想了很多，也做了很多笔记，感觉收获不小啊，我才敢说至此，我对于数学才是刚有一点直指本真的认识了：数学是思维之舞，精准，优雅，纯粹。,2
12773,现在吃什么都不放心，我都开始怀疑淫生了！蒙牛啊，我说你什么好。,0
12774,什么是贪婪？看完后我问自己，虽然书里描述的很夸张，但确实可以引起我的司考。有自己的希望是吗？不是，那是理想。是不是贪婪主要看你希望的是什么，当你希望早餐吃面包与牛奶时不是，可是当你希望吃人肉的时候就是了。呵呵，作者是这种观点吧。这本书的后面我几乎没有看，因为不想看了，第一是不现实，在有是很恐怖，在这个作者描绘出的世界里，我觉得很冷，很冷，冷得我看不清自己。,1
12775,如果能有蓝牙的话，就完美了，商务用没蓝牙还是不方便啊，有蓝牙那型号的又带摄像头。另外，我怎么没发现包装箱里有原装的包？大家不是都有的吗？,0
12776,1、机器较沉 2、VISTA用起来不习惯，且占系统较多 3、音频插口、右前侧的二个USB口在用鼠标时感觉手靠得太近了,0
12777,这家酒店性价比还是很高的，入住的是行政楼层单人间，给客户订的是行政楼层双人间，酒店内硬件设施很好，免费宽带上网，早餐丰盛，而且酒店更准备了免费的行政楼层下午茶和晚间鸡尾酒，虽然由于时间紧没有享用到，但给人感觉非常好。员工也很热情，服务也好。酒店距离地铁也很近，而且和一家商场紧邻，购物也很方便。唯一的缺点是我办理入住手续时，大堂办理速度比较慢，我排了将近30分钟队后被告知是行政楼层房间可以到行政楼层接待处直接办理入住手续。哎，如果能够在酒店里有直接说明就不用排这么久了。很辛苦啊~综合评价，我还是比较满意，尤其能令客户满意我也很有面子。,1
12778,1、完美屏，无坏点；2、音响效果很棒；3、外观漂亮，很有面子；4、散热很好，再加上九州风神N15的散热架，不错；5、装了XP，跑起来飞快；6、接口丰富，超乎想象，连少见的红外接口都有；7、没什么可说的了，希望联想能够替国人争气，不要辜负大家的期望和支持,2
12779,儿子一岁八个月。这套书，儿子每天都要拿出好几本来让我给他讲。而且对孩子的行为举止有很大的影响力呢。比如：睡觉。孩子每天总是玩到十一、二点还不肯睡觉，昨天我看他还很精神，可时间也不早了，都十一点了，我于是就让孩子躺下，关了灯，边拍他边跟他慢慢将此系列里“睡觉”故事，唉，他好快竟然就不闹了睡着了。要是平时他可就是躺下来半个小时也安静不下来呢。,2
12780,我于九月四日购买，在付钱之后不到五分钟，在存电话号码的时候就死机，在拿回家之的连死两次机。每二天就拿去检测，很大问题。然后拿去退机，而且他们的服务态度很差，在你买手机的时候他们非常高兴，要说退的时候他们态度太养差了同，让我无法接受！,0
12781,看着便宜就买了，很差说不上，但看完也没什么得益，网上找个在线阅读就好了，没必要浪费十块,1
12782,第一次入住该酒店，总体看还不错，房间给升了级，房间感觉挺温馨的，入住?,2
12783,外壳真是指纹收集器，一摸就全是指纹，好在包装里带了块擦拭布,0
12784,酒店位置还不错，附近就有不少饭店。由于是单行道车子只能停在酒店的后门，到前台要走点路，这点不是很方便。酒店的门童如同虚设既不会帮客人开门，更不要说帮客人拿行李了。前台态度也不好，对客人爱理不理的。房间设施一般，网速不仅慢还会经常断网。,0
12785,送的水果很不错，房间1般，没什么特别的，不过早餐很难吃,2
12786,"买书都这么长的时间了.怎么还没有到啊我通过支付宝买的书比这个迟买了一个星期都到了,真不知道是怎么回事啊?我是不是被你们给骗了啊！",0
12787,像它的书名一样，非常适合作为“第一本”英语语法书。这本书很适合完全没有语法基础或者对语法概念比较模糊的同学，里面的说明通俗易懂，由浅入深，而且印刷精美，读起来很开心。不过这是一本“全但不深”的语法书，对于语法比较好，想拿来当复习书的同学这本可能太简单，推荐另一本《英语语法新思维》系列，分初中高级，讲解很系统，很详细，有点工具书的感觉。,1
12788,"这家酒店位置,房间性价比都不错的.但不知是不是由于客人多,服务自然下降.携程的客人好象在这里不太受欢迎.每次入住,要不是订的大床间没有,要不是房间没有,要不是还没有打扫出来.而且不能积会员卡的分.前台说是上面规定的,也没有什么依据.补充点评 2007年12月9日 ： 这家酒店的服务越来越差,酒店设施也旧了,大不如从前.以后不住了.",1
12789,整体感觉酒店比较小，从大堂、电梯、走廊、客房到卫生间都比较小，最不能容忍的是那个小坐便，大小便几乎不能同时进行，还有传染性病的危险。客房的壁纸坏的很厉害，停车场房客还收费，感觉不好。建议酒店尽快把那个小坐便换掉，否则真的没人敢入住了。,0
12790,样式是不错的。,2
12791,第一次在当当买书，就遇到缺N页的情况，郁闷之极~~~~本想着换购，但手续实在麻烦，只能先退，以后再考虑重新订购了,1
12792,书到之后，我先粗略看了大概，然后告诉读六年级的儿子，我没时间读，请他一天“帮我”读两三则。读后让他告诉我：这些孩子生活在什么样的地方，过着怎样的生活；再评论哪个孩子介绍得比较好，哪个孩子介绍得不够到位；最后让他说说，如果是他介绍，他会怎样介绍我们生活的地方，会告诉人们他的生活是怎样的......呵呵，还真达到了我的初衷——孩子“既......又......”，挺好的。,2
12793,现在这种书太多了，绝对没有介绍的好。,0
12794,图画和内容都很和我的胃口！！看了书中的插图就像看了猫和老鼠的动画感觉似的。特逗乐~~孩子男孩三岁半，也超喜欢！！ 这些天天天看--醒来时看，没事时看，拉屎的时候也看！他也很喜欢卡门，这段时间老说自己叫卡门。大概他认为卡门聪明又能打架吧！书页不大，32开小，很好拿。纸质很好！！书中唯一不太好讲的就是卡梅拉和皮迪克恋爱的那一段。打算再买一套送给同事家的宝宝！！,2
12795,【荐书】我们常常被告知要正确的看待自己，认识自我。但是究竟怎样去认识自己却很少有人知道，能以恰当的方式来阐述这一方法的人更是少之又少。岳晓东教授以平实的语言来阐述自己青少年时期的成长经历和自我觉察，让人读后深有感触，受益匪浅，对自我的认识提供了一个很好的借鉴，同时，让我也开始审视自己的人生目标的选择是否正确&#183;&#183;&#183;&#183;&#183;&#183;总之，是一本难得的好书。,1
12796,作者有一种专业的谨慎，若能有幸学习原版也许会更好，简体版的书中的印刷错误比较多，影响学者理解，全书结构简单，但内容详实，学起来如鱼得水非常轻松。这只是一项技术而已，若可以结合本专业，将会得到更高的学习快乐，家财万贯不如一技在身，一技在身不如一念在心，本书有不仅有技，而且有念。书中佳品。,1
12797,送货速度很慢，１８号发货，要到年后才能收到！,0
12798,非常失望，定了一周第二天就换了酒店，是个康体中心，房间设施最多也就是个2星的标准，却要498。真是奇怪，携程还有这样的酒店。晚上9点到酒店，黑乎乎的一片，以为是出租车把我送错了地方。,0
12799,我们学习巴菲特的日的并不全是赚钱，而是学习巴菲特做人、做事、做投资的基本原则，这些原则体现了大师的智慧；可以帮助我们解脱人生、事业、投资中的迷惑，寻找一条真正长期成功的正确道路。这本上上乘的传记作品的好处就在于，如果你还不是一个投资者。它可以帮你成为一个投资者；如果你已经是一个投资者，它可以让你变成一个更出色的投资者。,2
12800,"我是一名教师,深知兴趣对孩子的重要性.女儿从小特别爱读书.惟独百科类的书籍不太看得进去.我原来买了百科全书和十万个为什么,但是都是只有我读给她听她才能学其中的知识.自己 不太主动去阅读这方面的书籍,相反很爱看故事类的书籍.自从买了这套神奇校车后,她有了非常大的阅读兴趣.以故事 形式出现的科学知识书籍我第一次遇到,真是感谢当当网@!我们本地书店根本没有这么优秀的读物!太棒了@",1
12801,闹钟不支持周期选择；不支持蓝牙无线传输；录音时间太短。,0
12802,早餐很不错，离市中心比较近，购物方便，但是5号楼的房间相当于3星标准。不过相对于房价也值了补充点评 2008年8月11日 ： 另外，房间提供的拖鞋太小了，根本穿不下，难道是给女士设计的？我是42码的脚啊。宾馆反馈 2008年8月14日 ： 尊敬的宾客：您好！感谢您入住金陵溧阳宾馆！并及时把您的感受和意见告知我们！对于你提出的拖鞋太小的问题。等您下次入住金陵溧阳宾馆时只需向我们的服务员提出。我们将根据您的意见记录特别需求，提供您满意的服务！，发扬金陵溧阳宾馆“以客为尊”的服务理念，让每一位宾客都能对金陵溧阳宾馆留下美好而深刻的印象。再次向您表示感谢！期待您的再次光临！祝您工作顺利！身体健康！金陵溧阳宾馆客务关系主任,1
12803,把这本书送了很多朋友，送了时候我给他们说，书中的东西可能在世界上的每一个角落都正在发生。尤其你们公司里。家庭里，。哈哈，很多朋友的公司状况正如书中一样，处处隐患。一些30几岁的朋友看完后都说好。50几岁的，看完后，会意的告诉，他们早就看穿了。呵呵，总的来数很不错的。带这问题去读书，一定能找到你要的答案,2
12804,"猫和老鼠的DVD,我在当当网已买过10余次了。除了做为礼物送给亲朋好有的孩子外，还留下自己观看，而且是百看不厌......",0
12805,vista系统用不惯，慢。。。。。。。。。加了1G还是慢，那个指纹多。。。。。。。。,0
12806,无论是完美的钻五白彦，还是傻丫头宁默，无不在困在过往的感情中，停留在自己孤独但安全的感情世界里。两人都在寻找一种安全的感情方式，虽然彼此吸引，但都害怕再次受伤，再次失去。两人一直保持这适当的距离，暧昧的态度，非常符合现代男女的心态，所以，个人认为，保持暧昧的态度有理，暧昧是一种安全的感情方式。事实证明，距离和暧昧并不会阻碍两人的感情发展，真诚的心，最后还是收获爱。,1
12807,去年就为女儿买了一套，感觉无论是内容还是印刷质量都很不错，前几天有为朋友的孩子订了一套，收到后令人失望！感觉印刷质量差了很多，色彩不鲜艳，画面不清晰，心情沉重啊！,0
12808,自己马上就有宝宝了，期待着宝宝降临人世，所以提前看看家教方面的书籍。看了这本书，真的很好。不但丛中可以学到教育孩子的方法，自己也丛中收获很多。犹太民族经历了那么多的战争、追杀、迫害还能依然存在，而且很多犹太人成了世界首富。并在其他领域取得了骄人的成绩，不可以不承认，这个种族的优秀，也不能否认这和他们从小接受的教育存在着重要的关系。这本书值得看值得仔细研究。,1
12809,开始看了2005年的几位朋友的评价，都不敢去入住。没想到现在改观了很多，房间虽小，但很整洁。下次再来的话，还会选择这个酒店。只是希望宽带能一直免费！,1
12810,再连读两遍之后，在一个阴郁蒙蒙的日子，跑到青云谱八大山人纪念馆，很想找找山人当年生活过的足迹，在竹林幽静的小道，在他的墓前，在他的冷眼看世界的画前都驻足很久，不肯离去。,2
12811,我想说，这是真正的经典。离奇的情节，完美的文字，无果的结局，青春的回忆。和且听风聆比，它情节更饱和，伤情更含蓄了。和挪威的森林比，它更悠长，更值得回味。：） ， 不是中年人，怕是读不深，但应该也能一口气读下去；如果没有读过很多本村上的书，怕是比较不了。好书，建议你可以买2本，一本自己读，一本留给你的下一辈读，或是送给心爱的人，比如告诉她，她就是你的弹子球。,1
12812,质量很差。图像不清晰。光盘有摩擦的痕迹,0
12813,补充一下：洗发水也要自备。如果您认为洗洁精同样可以洗发的话，那就无所谓啦！,0
12814,系统有点难装。。。现在带的都是VISTA驱动盘，好不方便啊。。。。,0
12815,电池做的不错，连打电话加发短信，我能用一周，一般周6会充电，现在已成习惯了!机身够薄，机子也轻，拿着方便，放上衣兜里不会鼓出来一块，不错!机子带的铃声不错，但是下的真人真唱放不出声音来，所以目前只用机子带的铃声了,1
12816,拿到这套书时非常高兴，两本一起价格不贵，拿到书之后两天就读完了，真希望这本书能再厚点，尤其是活法1写到的做人做事的理念和方法让人看了之后豁然开朗，非常钦佩稻盛和夫，他不仅仅是经营之圣，而是一个智者，向我们传授道的智者，如果企业家都能做到他这个程度，那么不会再有尔虞我诈。这本书值得久读，里面讲得道理耐人寻味，烦躁空虚之时翻一翻这本书，你会被他感动。,2
12817,服务很不好，第一天到前台登记入住时，因为对预授权的签字有质疑，前台接待竟然对我说，如果你不愿意签字，请让其他人帮你付钱（这个回答简直让人无语）！第二天结帐时，用了另外一张信用卡结帐，之前用于押金的卡的预授权不能解冻，告知需要10到15天才可以，和前台理论，要见值班经理，通知要15天到1个月才可以解冻，着急办事，先走了。后来打电话询问被告知要45天。心中觉得诧异打电话至银行，得知酒店方如果不做任何处理，自然解冻至少45天。如果要提前解冻，要酒店发传真给银行。对他们的解释及其处理的行为是在感到很气愤，这样的酒店还能上4星，服务太差了，不管是软件的还是硬件的，硬件的提高可以花钱，人员素质的提高是花钱也买不来。,0
12818,酒店位置还可以 价格也勉强 房间比较陈旧 卫生状况也不太近人意 总之不象三星级酒店,0
12819,总台服务还可以，房间实在不怎么样，空调很吵，床居然是一边高一边低的，这个房价实在是不值得，下次不会选择。,0
12820,"酒店位置不错,房间设施太旧,早餐还好.总体感觉一般",2
12821,好烂的酒店，说是宾馆，感觉一点不好，大堂在一边像个临时的，门口没有任何安保人员，窗户旁边就是停放自行车的，毫无安全感。酒店设施陈旧，床又小又难睡，不提供纯净水，烧水非常难喝。卫生间的条件连好点的招待所都不如。早餐样式少还难吃。这是住过得最差的星级酒店，跟经济性快捷酒店都没法比。真不知道携程为什么会推荐。,0
12822,看了头几页，觉得有点空洞，被搁置了,0
12823,最好能预装dos  这样对我买来换系统的方便点   而且耗电比较厉害~  只能当游戏本用~,0
12824, 1、屏幕较清晰，但是亮度不够好，看不出 26 万色有什么特别的地方，效果绝对不如三星 V208 的屏幕，色彩饱和度也显得略差。 2、机器小巧，不像一般拍照手机那么笨重。但外形一般，不像高档机。 3、30 万像素，拍照效果较好。有闪光灯，但是使用后会使拍照效果变差。 4、铃声效果马马虎虎，音量还不错。 5、电池待机时间较短。 6、两电两充，数据线光盘耳机一应俱全。 7、同步软件设计不够合理，使用较方便，但功能较弱。 8、短消息铃声无静音选项。 9、无关机闹钟。 10、有定时开关机选项。 11、GPRS 上网速度较一般手机要快。 12、128M 内存威力较大，可以存储较多铃声和图片。但是手机本身有一定的存储数量限制。 13、手机自带待机图片没一张能上眼的。不支持下载的动画待机图片。总的来说， K699 应该是目前国产机中的顶尖产品，虽然有待改进的地方还有很多。,1
12825,花园环境还好，早餐也不错。晚饭时间车位很紧张，只能停篮球场。卫生间设施比较陈旧，洗手盆有裂痕。“请带我回家”的红色小卡片上没有印任何地址或地图，奇怪。房间里有酒店内部报赠阅，时间早的是第19期，晚的那份却是第2期，有点莫名。,2
12826,爱偷偷自动关机，键盘也灵，不能放在震动上要不一来电话就震关机了。,0
12827,酒店太偏已在郊外，出来打车不太方便，住宿客人太少，感觉上冷冷清清的，可是预定的时候还需要提供信用卡担保，说是房间紧张，其实可能是怕客人跑掉吧。服务、设施都太一般。补充点评 2007年11月13日 ： 不过贵阳整个就是一个脏乱差的典型，东东还贵得吓死人，去贵阳的话就不要抱什么美好的愿望了！,0
12828,说送礼卷也不送！我在也不来当当买东西了,0
12829,蒙牛优益c，肠活动常年轻@热门微博蒙牛优益c1,2
12830,在下虽才疏学浅，但购买摄影类的教程已是不计其数。这本“美国摄影用光教程”是我这几年见到得最好的教程，因为它讲述了摄影里最最核心的内容，无论你是要成为图片摄影师还是电影摄影师，“用光”永远是你必须面对而且无法逃避的问题，可以说是从业余到专业的一把钥匙。相信学习摄影念头多的人都有体会，专业的商业摄影的功夫其实并不在相机上，而在“光”上。。。我不多说了，大家看了这本书自会明白其中奥妙！在下还要废话一两句，有条件的话，可以也同时读读《纽约摄影教材》，此为入门圣经。,1
12831,本想卖给朋友作为英语入门的教材，没想到效果不佳，中英文夹杂着阅读确实不太习惯，还好是买了第一册。,0
12832,喜欢折叠手机的我对这款手机情有独钟，简洁的外观设计非常符合当代年轻人的口味，给携带增添了一份愉悦；内置30万像素摄像头虽然自己很少用到，但不错的拍摄效果还是适合外出游玩作个留念的；另外它的40和弦铃声效果挺清脆的，就算再繁杂的环境也可以听清来电，让我也不会错过任何来电；支持丰富的JAVA程序，让我可以随时下载程序，秀出自己的个性来,1
12833,外观风格素雅。11万像素CCD摄像头，清晰度不错，正所谓波导的彩客本“摄”。,2
12834,由于工作的关系，住过很多次，房间及酒店的设施比较老旧，服务不好，我两次将洗发液忘在房间里，查房时没有提醒，等过了几天去问，竟说找不到了。不是每个房间都有宽带，在开房时要提出要求。早餐质量比较差，15元的早餐没什么东西。,0
12835,一般吧，和教课书一样，人物只有作者的性格没有自己的性格，纪实总结小说，呵呵,0
12836,"我儿子很喜欢这套书,我的评分怎么变成不喜欢了?请管理员帮忙更改一下,谢谢!",0
12837,念晚，对他的哥哥，是真的情到深处！从头到尾，我就听到一次他叫他“哥”，却是死前最后的话。我对他真是惋惜到底，作者也真是够狠心！心肠再硬，就冲他那声唤，也得给他个好归宿啊！一篇好笑的文，就在最后演了段悲伤话剧，却是真真实实的发生了。痛，是我看到念晚死去，唯一的感觉了。,2
12838,外观看上去很笨，握在手里也没有十分轻巧的感觉！不支持JAVA，无WAP功能，等于是无下载功能！电话薄不是名片式，不好管理和查找联系人。机身无内存！不支持群发功能！,0
12839,"这个宾馆真是神奇:1, 从早上7点多开始放大声的背景音乐一直到晚上11点多, 而且一直是同一张CD, 简直会让人发疯. 我和朋友开玩笑说, 宾馆应该给每个入住的客人都发一个耳塞, 这样客人不会发疯. 我们第二天就搬家了. 天哪!2, 宾馆宣传的照片跟实际完全不符. 照片上看房间超豪华, 五星水准. 实际是3星水准. 空调除了发出噪音外, 根本不制热. 房间的门是关不上的, 宾馆解释说只有在冬天的时候, 门缩水了才能关上. 电视机是不能看的. 所以说平遥的星级是不能相信的. 但是如果不是自己亲自来, 真的想象不出差距会这么大.3, 早餐上的咖啡比速溶咖啡都差, 牛奶是掺水的.4, 房价是 780元.大家自己决定去不去住吧. 后来我们搬到天元奎去了. 好了很多,价格也便宜. 里面的服务生也特别好.云锦诚在当地排场挺大,但是口碑不怎么样. 我们这种不是政府官员的人不太适合这种地方. 我从来没住过这么差的宾馆.",1
12840,总体感觉还不错。房间很干净、简洁。网上所披露的位于海河最美的一段，特意要了6层的房间，可是却没看到海河的影子……,2
12841,"服务很好，设施也蛮不错的，但房间隔音实在太差了。宾馆反馈 2007年12月28日 ： 首先非常感谢您选择东方大酒店,也非常感谢您给我们提出了宝贵的意见,酒店近期楼顶正在加层建造西餐厅,施工初期会有一些噪音工段,同时我们对工程施工时间有明确的规定,正常休息时间内是不允许施工的;再次对您表示诚挚的歉意,东方大酒店在不久后又将会以全新的形象迎接您的再次光临!",1
12842,给我的感觉还可以，我挺喜欢的！,2
12843,"地理位置還不錯,服务态度一般,房間舊了點,總体來說普普通通",2
12844,整体看起来比较美观，运行的效率在想象之中。这个价位带来的性能不错,2
12845,"外观时尚,性能还可以，前几天一直在这里发，可以都发出去来，不没有到评价的时间，现在可以了，本人由于个人原因，需要转让这台机，带京东的出仓单和发票，我是本月24号收到货的，以2500元的价格转让，我是2799元买的，要的请加QQ：63410093，如是广州的朋友可以见面交易！（非诚就就要打扰了，谢谢！）也请管量员不要删了，给大家一个机会，大家好才是真的好！",2
12846,我是在去面试的公司读到这本书的，当时直接感到惊为天“书”，不是因为难读，而是因为自己竟然能读明白。那种感觉好像自己已经进入了财报的大门，一切都等我去发掘。我是学新闻的人，经济新闻是很难的一块。但是刘顺仁先生的文章写得通俗易懂不说，还能透着深意，特别还强调“品质、勇气与责任”，是国内的此类书籍少有的。因此决定看完给爸爸看。哈哈推荐哈！,1
12847,根本没有经穴部位挂图，承诺要兑现，这是最起码的，也是必须的。,0
12848,1、服务人员态度和意识很好；2、早餐品种花样多，口感好；3、下次到太原还住此酒店。,2
12849,我最爱吃的绿色心情原来是蒙牛的。,2
12850,"由于小孩怕震天响的炮仗声,我们每年都有大年夜和初四晚到宾馆过夜的习惯",2
12851,无论是任何年龄，任何职业的女性，通过这本书，都可以找到一个全新的自我。作者用幽默的笔调，自身的经历，给我们讲述她的情感历程和周游的几个国家的饮食及文化，让人在笑过之余，不禁佩服起她的一切一切所见所得。或许随着年龄的增长我们已经不再年轻美貌，但是我们可以有一颗永远年轻的心和快乐，一辈子做一个幸福的女孩！,1
12852,"1,4799入手,性价比确实不错!  2,安装过程中功能正常,包括:屏幕无亮点,无蓝屏现象,声音\光驱刻录\网络\摄像头正常,噪声和散热都可接受; 3,颜色时尚,摆脱办公笔记本的感觉,适合家用.",2
12853,该酒店服务极差（国营单位）。上周我刚刚回来。原本想去宋村漂流，结果被不负责任的服务员（方飞 女士；叶君健，这厮都不敢告诉我他的名字，算不上老爷们！）完全弄错，而且还没有任何歉疚和改正的意思。在我们理论的同时，叶君健这厮还要耍蛮，愣要打人。这就是国营单位的现况！建议大家如果真是没有其他选择，千万不要到这里来，来一个，后悔一个！我算是前车之鉴吧！另外这里交通极不方便，出门需要到前台预定出租车，至少15元，比起市内的2元每人，贵太多了！宾馆反馈 2008年8月7日 ： 对于您在本酒店的遭遇我们再次向您表示抱歉。当时我们的工作人员因为宋村漂流给了您错误的信息而向您非常诚恳的道了歉，并对为担误了您宝贵的时间也给您合理的补偿，而且您也接受了我们工作人员另外给您安排的漂流，并非您所说的没有任何歉疚和改正的意思，更没有您所指的要打人的意思。但不管如何，是因为我们工作人员的失误让您在我们饭店感觉到了不愉快，我们再次报以诚挚的歉意。我们将在员工的服务质量和服务素质上加强管理与培训，可以更好为客人服务。 另外由于饭店是一家独立的度假型酒店，并不在闹市区（离市区的距离约在三分钟的车程，）地处千岛湖边的的半山腰上，所以出租车是需要按包车算的（从市区到假日10元/辆，从假日到市区因为需要预订故是15元/辆，市区的2元/人是指在固定线路的价格，可同时载不同的客人）。,1
12854,"一个字--差. 4 星收费, 0星service ....大堂前有小孩当埸小便--没人管. 向前台要纸记号码, 头也不看就说没! 电视不能看说是""电视公司在修, 不知当天会不会好"". 早上吃早饭...9 am 去连坐的地方也没有别说吃的了. 住了2晚但酒店告诉Ctrip 我只住了一晚(该拿单的).... 差差差....差差差....",1
12855,"可能是层次太低了,呵呵,不喜欢这本书",0
12856,安装XP和装驱动真是麻烦啊，要是有一键安装就好了，尤其是无线网卡，惠普的网站上居然是错的,0
12857,N280比N270提升不少，但最重要的是电池续航时间真的很长，上网、看电影7小时没问题，一个字，爽！！！,1
12858,你失恋了吗，你失业了吗，你对生活失去信心了吗，蒙牛是你绝佳的自杀良药，喝一瓶肝肠寸断，喝两瓶经脉错乱，喝三瓶全身瘫痪，喝四瓶耶稣接见，蒙牛---专注自杀N多年,0
12859,偶刚刚把一部白色800收入门下，好用得不得了， 偶自己还创作了不少闪电屏，他们羡慕的眼睛都要流口水了~~~,2
12860,其实我早在网上看过了女心理师的上集了，还想再好好看一看又上当当网买了一本回来，看了真恶心，可能是盗版的原因，书的内容缺了几十页，以后我不会在当当网买书了！,0
12861,首先，很感谢“求医不如求己”给我和家人及身边的朋友带来的益处。在节奏感愈演愈快的生活中，让所有人都忘记了自己是个生命，是个随时都可能被侵害的生命。我想看过此书的朋友们一定豁然开朗，原来我们是如此轻视我们的身体健康。所以我建议朋友们都看一下此书，相信它会带给您像我一样的大的收获。是此书让我明白有个没有后患的身体才是实现所有梦想的基础。健康与你我同在，“求医不如求己”与健康同在,0
12862,"非常一般的酒店,最过分的是早餐居然在地下负一层,而且基本没什么吃的!酒店的位置也非常一般,四周景色非常不好!",0
12863,"还是一个多月前住的了.印象很深刻.酒店外表看起来是很不错.里面还算一般了.给我印象深刻的是我第2天屁股就开始痒.害我赶快去看了医生.还好.没什么问题.可能是被子没洗干净.上面有细菌.肯定没消毒.被子不可能没换吧???建议大家以后还是住贵点的.不要贪便宜.也就一两百快的事情.象后来咱们去东莞住的海悦就非常好.500多一晚上.房间大.很新.环境也很好.服务员态度也很好。总之什么都很好.很满意.很值.相信深圳的海悦也不会差.我现在都不敢住3星4星的啦.哎,不放心啦.",0
12864,价格便宜，虽然没有介绍里提到的指纹识别，不过这个价位绝对对得起这个配置了！相当的不错！散热也相当好，基本不会感到烫手！钢琴烤漆的键盘摸上去感觉特别爽！配置不用说了，目前主流的软件运行起来相当流畅！,2
12865,我是14号下的订单、汇的款，怎么还没到呀？,0
12866,房间和卫生间连在一起，晚上睡觉总是有心理阴影。即使最贵的房间也一样。水床房起码格个屏风呀。大床房就更一塌糊涂了，像在鸡笼里一样。房间和卫生间格一下成本很高吗？,0
12867,"拿到东西后发现比京东图片要漂亮多了,是深蓝的,很喜欢啊!!做工也不错.完美屏.电源也没见有多热啊!",2
12868,做工相当好，手感出众。用外置光驱装XP相当方便，买一键GOST就行了。,2
12869,这对热爱生活小夫妻真是绝妙的组合透过sissi的镜头，一网打尽爱琴海的关键词： 深邃，蓝白，童话，浪漫，明亮... ...以及被一般人忽视的小细节女性的视角独特而细腻 图片精美绝伦而hawky的文字轻松幽默 字里行间皆有情;文中还夹着各种旅行小贴士 贴心而实用难能可贵的是他们这份与人分享的心意这本书带你的眼睛和心去旅行。,2
12870,支持MP4播放，30M超大内存，能够支持30分钟无间断的影音同步摄录。还可外接T-Flash卡,2
12871,发现自己不是很喜欢，而且内容很少，虽然装帧很好，不过下次不会买了，不如看多啦A梦！,0
12872,"速度比预想的要快.商场里试用过其他机器,觉得有点慢,这个还可以.n280的可能比n270性能上稍微好那么一点点.",2
12873,初为父母，我们对育儿一无所知，在父辈那里获得的是些传统的属于物质匮乏时代的育儿模式，我们需要给自己充电，这本书很好的帮了我们的忙，许多问题看过之后就迎刃而解，许多疑惑得到很好的解释，对孩子已经出现了的问题，提出了合理的解决办法。我们也明白在孩子身上，我们做的还有很多不足，既然生他，就要对他负责。比起在黑暗中摸索前行，我们需要这样一盏指路支灯。,2
12874,外观做得挺好，250G的硬盘够用，速度还行，原配的操作系统很难上手，还是改成XP方便一些，在安装XP的时候发现USB口供电比较差，如果是大功率的USB设备还是外接电源比较稳定。,2
12875,《逃家小兔》不但告诉孩子母爱的伟大，还感动了我这个已为人母的女人。语言简洁朴实但诠释的是世界上不同的国家不同的人群相同的爱——母爱，无论孩子“逃”到何方，母亲关注的爱永远捕捉得到，无论孩子“逃”到何方，永远逃不出母亲爱的怀抱，我们每个人既曾幸福地被爱捕捉，也在或将对孩子释放着捕捉的爱意，周而复始，世代沿袭，生生不息，绵延不绝，直到地老天荒，直到生命消亡，向母爱致敬！,1
12876,帮助中心 > 退换货与补发货 > 退换货流程 中明确写着请将邮费凭证及订单号码传真至：010-59222799，我们为您承担一次国内平邮(普通包裹)邮寄费用。但是2个多月了，我还是没有收到退款。有缺页的书的订单：1409910435换货的订单：191930845打电话问，得到的回答永远是：对不起我不太清楚，请您耐心等待，好吗？。。。。。。。。。。。。。。耐心是种美德啊。。。。。。。。。。。,1
12877,故事简单易懂，所以，孩子很快的就读完了所有的书。并且，她还将几本书带到学校里去，借给她的同学一起来看，说，同学也很喜欢。但是，遗憾的是，她带去的一本《汤姆的小妹妹》竟然找不到了，不知是被哪位同学拿走了，也没有人承认！很让人气愤，我是很在乎书的人。所以，以后要孩子谨慎的带书去学校看了。不想总是把心爱的书借出去了，却不知是谁干的！喜欢，所以，以后有机会的话，会补买那丢失的一本。,1
12878,说是五星，房间比较小，网络还是有问题，但是服务人员业务能力比较强，很快搞定,1
12879,和前两本《姑获鸟之夏》、《魍魉之匣》比起来，翻译的有点不是太习惯，可能还是先入为主，本人还是最喜欢《魍魉之匣》（啊~我也被套在匣子里了）。虽然一直都有一些艰难晦涩的理论，不过这次的知识涉及面更多，幸好我学心理学专业，弗洛伊德理论还能懂一点。可能因为是骷髅而不是鬼魅，所以这次读起来没有上一本过瘾，听说《铁鼠之槛》在4月份出，不知什么时候能买到，很期待，还是会一直追下去。,2
12880,做工不错 质量很好 外观也很满意 就是现在还没搞清楚双显卡怎么用,2
12881,手机的铃声象单声，收到来电发出来的声不好听，手机的铃声不知道如何下载，短信群发功能不好用！,0
12882,反应贼慢！！机芯也太强了吧！买它等于找到了心痛的感觉！！,0
12883,我真的建议所有到成都出差的朋友千万不要入住这家酒店，首先这个酒店的位置实在不好，附近基本上没有什么娱乐，而且因为附近的出租车是属于郊区的，管理非常不严格，如果发现不是本地人就会绕很远的路，我为了离客户的近才住的这家酒店，结果10元的路程，出租车竟然给我绕了30元。最重要的是这个酒店的服务很差，行政房没有行政待遇，check out时候竟然把免费的服务都算钱了。而且我是洲际的金卡会员，一向比较重视积分的和住宿天数的累计，因为我是携程定的酒店，这家酒店竟然不给我积分，甚至连一个标准的会员入住天数也没有给我累积。同样的在成都总府路附近的洲际下属的总府皇冠酒店，服务和地理环境非常的好，而且明确告诉我虽然是携成订的，但是优悦会的会员卡照样积分，这里说明一下，因为第一天住的不满意，我第二天就搬到那边了。我真心的建议所有有优悦会会员卡的朋友一定不要住这个酒店，要住就去总府皇冠，而且成都很小，高新开发区离市中心也不是很远，住在总府也方便的。,1
12884,京东给选择的快递公司送货太慢了，而且外包装上还有很深的磕碰痕迹，还好里面的包装完整无损。,0
12885,蒙牛怎么老出状况啊？严重抵制！,0
12886,买给妹妹的  因为不在一起  不知道倒是是哪个芯片组的  要是GM45的就好了。。,0
12887,配置性价比高。摄像头、麦克风、读卡器等等的都有了。DVD刻录机是日立LG的，兼容性不错。模具比MSI以前的Value系列机型要厚重可靠些。没有带鸡肋的VISTA basic系统，节约了成本。,2
12888,位置尚可，离孔府孔庙很近，可以步行过去。环境太差，服务员素质很差，房间连衣架都没有。价格没有吸引力，比相距20米的国际青年旅舍差的太远，那里不仅价格便宜，而且卫生整洁，可以结认一些自助游的同行人，还可以自助洗衣。建议携程取消对该酒店的合作，影响携程的声誉。,0
12889,近日连续读了几遍[[中国不高兴]]一书，无论是宋晓军，王小东，还是黄纪苏，宋强，刘仰，他们的文章或直指时弊，或笑骂嘲讽，无一不是说出了有一点爱国心的被所谓的“精英”们鄙夷的的愤青的心声，真有一种痛快淋漓的爽的感觉，希望高层能切实地听听青年的呼声，不要再被那些误国误民的所谓的“精英”所左右，为了中国的利益，挺直腰杆，大声地说出自己想说的话，勇敢地做自己想做的事。,2
12890,回复 原来你暴露了你爸是李刚，可是你应该被判刑3年啊，在牢里面还能认春哥？还能评论微博？ 回复 你这个吃蒙牛吃成痴呆的盲流，哎。。。,0
12891,优点很多，不一一述说,2
12892,曾经经历过车祸的人，心里多少都会有些阴影的，这一点偶深有体会......小厉一定是属于阴影还未散去那类人，所以对写意不系安全带的反映这么激烈！可怜了写意，还不明所以，以为这个皮笑肉不笑的家伙喜怒无常，阴情不定，真是惨！,2
12893,硬件顶多3星半，大堂黑咕隆咚的，房间很小也没特点。管家部的服务倒是挺好，有求必应的。,0
12894,许多关于生命、生活的真谛，对我们这些平凡人来说，只有在不断的经历洗礼后，才能真切地感受到它。通过对前世、今生、来世之间关联的探索学会了学习，改变，感恩，在一次次经历中使自己向更圆满的方向前进。,2
12895,非常遗憾的是此款本子是我用本子以来第一台缺少硬盘工作指示灯的，很不方便，如果装大型软件时如果死机了都不一定什么时候能知道,0
12896,1.外屏文字显示不够清晰； 2.做工一般； 3.按键手感一般，灵敏度不够； 4.内屏图像显示不太清晰； 5.铃声有明显的破音现象，不支持铃声下载； 6.不支持WAP、JAVA、GPRS，红外；,0
12897,1噪音有点高（晚上特静时） 2还是稍微有点重 3外壳很容易留下手印 4装XP费了半天劲,0
12898,此书从古代汉语的角度出发，详细地分析了“是”的来源和成因。是纵向研究，换句话说研究通时语言学的一本值得参考的好书。但不知是何原因，这本书寄到手中时书皮非常脏，很多土而且磨得很厉害，还好是硬装版我只好将外皮扔掉，希望当当下次注意检验之后再发。另外，买书时书的题目是“汉语系词“是”的来源与成因研究”。买到手中才知道全是繁体中文，有些惊讶。,1
12899,"led屏幕不错,没有坏点；；键盘舒服；装XP机器中的光盘都有驱动；京东发货快",2
12900,"为什么送货这么慢我17号下的单子,怎么还没到?我急着用这些书,希望能在这个周末前送到.谢谢.",0
12901,铃声够大，下载方便，省钱，外表可以,2
12902,香港马可最吸引人的地方当然是她便利的条件啦；附近的美心酒楼早茶很不错（就在文化中心里头），挺有特色的；马可的服务有一项细心体贴之处就是当我们办理退房手续后存包继续逛街，当大包小包拎着回到酒店取行李时，服务员很会心地把我们请到行李房最深处的一角，那里有宽大的桌椅，让你可以避免在酒店大堂中开箱、合并、装袋的尴尬举动，从容的把行李整理好再整洁的出门，真是一项贴心之举呀。,2
12903,"说它是一本推理小说,不如说它是一本悲伤的爱情故事.主人公的平淡生活在车祸后发生了翻天覆地的改变,人生的轨迹在具大的变化中朝着不断的决择前进.在一种失去中决择.我也许从最初开始,主人公注定会失去所有,只是他在坚持,对一种信念的坚持.这本书虽然很平谈,但是不愧为东野大师的作品,只在乎故事的结局,是东野作品最让人期待的地方.推荐《白夜行》,写的很棒.",1
12904,纸张不好，编校质量太烂，别字连篇。内容还可以。,0
12905,“主管会计必读”这本书独具匠心，一改革以往这类版本书的编排风格，从内容上编排上更加贴近实际工作。是一本难得一见的好书。是我们会计人员身边不可缺少的工具书，也是我们会计人员的良师益友。作为会计人员手边有一本这样的书，就等于免费请了一位好老师。对提升工作效率增强自身竞争力有百利无一害。一个好的“主管会计”可以增强企业的竞争能力（人才的竞争），化风险为效益。和乐而不为呢？,2
12906,电池太贵了，200元一个！！！待机时间太短！用不了两天！！我想配一个备用电池，和北京的服务站66176001联系，居然要200元，太黑了，真宰人！！！现在哪家手机供应商还这样做！！纯粹是在砸自己的品牌！！！后悔当初真不该买！！！,0
12907,外观造型独特，做工精湛；待机时间还可以；130万像素的摄像头，短片拍摄效果极为出色。,2
12908,信号好！闹铃中有一星期中具体某几日响铃，很方便了！显示屏在强光下，比以前那个明显清晰！,2
12909,"酒店附近修路,出行比较痛苦.服务还是一如既往的好.偶尔去了趟健身房,觉得好小叻,设备都挤在一起,其他都还不错的BTW:餐厅有金,银卡的可以打折的yo~",2
12910,我很少给这种教科书满分。但这本书实在是给我惊喜不少！首先，它不只满足你记忆单词的需要，同时它还会讲解单词的具体使用技巧，以及对应语法，最后他还有对应的立体供灵活应用。还有就是它印刷精美到一个程度。所以您如果是想和我一样想把英语捡起来，那他一定是非常棒的教科书。但如果你是学生或正在学习学习英语，请您把它当一本工具书。总是，得到一本实用的好书是大家的福利。（我也一样！）,1
12911,15.4的屏幕1280*800的分辨率低了；XP驱动不全，希望华硕能出XP的驱动，显卡的优势不明显，没有想象中的强劲，屏幕发白，不加电池的情况下电源指示灯一直闪烁，电源适配器太热了,0
12912,如果你不知道马云是谁，我告诉你，淘宝是他的，阿里巴巴是他的，雅虎是他的。马云带领阿里巴巴，从平凡走向成功。有人说马云是骗子，疯子，狂人。但是最终马云向大家证明了，他说的他都做到了。年轻人想成功关键在执行力！！！晚上想很多，第二天照样骑自行车上班的，是不行的！我要向大家证明，我有能力，成为唐军第二，马云第二！加油，向着理想狂奔！！！,1
12913,这本书很实用，更适合给家长和老师看，然后在指导孩子或学生。书中的作文方法很有道理，从书中可以看出，作者饱读诗书，不光文笔好，在一线教学作文的经验也非常的丰富，别的作文法可能是经验之的谈，但 他的理论更多的结合了理论知识。用他的方法教孩子作文是很快乐的。最关键的是家长要有耐心时间引导陪同孩子去体验并积累各种经验，写起作文来也就不难了。值得购买。,1
12914,可能中外文化理解差异，可能与小孩子太有代沟，不觉得怎么样，还是比较喜欢水墨画一点风格的漫画书，但愿我女儿长大一点能喜欢（22个月中）,1
12915,紧邻马路和高架，房间非常吵闹！严重影响休息。宾馆反馈 2008年3月13日 ： 您好，非常感谢您提出的宝贵意见，现在我酒店进行全面装修后，已安装了双面隔音玻璃，吵闹声已得到很大改善，期待你下一次入住银河大酒店！,0
12916,质量特别差，返修率特高，我换了好几个都不好用，找了个朋友看了一下，他说给我换的全是返修机，大家千万别买啊！！要买韩国的机器还是三星和LG的！！,0
12917,用过的所有笔记本中只有thikpad的温度是我可以接受的，连续使用10个小时以后键盘表面温度和开始一样,2
12918,饿死也不喝 同样，贴钱我也不喝，抵制蒙牛全系产品 飞机上口渴，看到蒙牛酸奶我都不喝呵呵，近十年未消费，此生也不会消费 对蒙牛这种大企业来说消费者是不是就好像一条狗啊？蒙牛真是高级黑自黑无极限啊.....,0
12919,最近的吃货生活，去了正宗的 味道很不错，那个零度也很好喝就是忘记拍主菜了，也自己尝试了甜的红萝卜烧排骨，勉强成功，没想象中的甜，还看见了蒙牛最贵的牛奶，哪天抽风买来试试,2
12920,不好意思，刚才一时手快，最后一句打错了。  原来有一种情始终牵动着我们的心，那就是我们与亲人间的不可抹去的深深的情愫啊！哈哈哈。请多多支持。,2
12921,"以后买韩国佬的东西先三思再四思,思过以后不要买.",0
12922,"这酒店的管理实在太有毛病了!10.22号通过携程订1晚.等要续房的时候说房间满?!!没有任何提前的告知,人还没走就把房间租给别人？!",0
12923,暑假里带家人来太原度假，住了四天三晋，三天国贸，虽说硬件设施上前者远不如后者，但在服务上，后者远不如前者。有一晚太太夜里胃病犯了，不仅服务员送来一个传统的热水袋（太太揣了一晚说很温暖）、值班员带了几种胃药过来，更惊讶的是，第二天一早出门时又一个服务员也在问候太太胃好些没有，我们很感动。这里的服务意识好像是培训得很到位，即使大堂里负责打扫的清洁工在遇到客人时细节上也是处理得很礼貌，我们以此为例给孩子上了生动一课。我想三晋大概是以它的服务水准被评到四星级的吧宾馆反馈 2008年8月13日 ： 尊敬的我店贵宾：非常感谢您对我店做出的评价，使我们倍感荣幸。我们会再接再励，一如既往的为您提供我们的服务。欢迎您再次光临我酒店，祝您工作顺利，身体健康，合家幸福！（我店从今日起在携程网上有宾客意见反馈权限，故立即给您回复，再次感谢您的支持！）,1
12924,蒙牛有质量问题,0
12925,正如标题一般，如果要给王小波冠以什么名号，不如就称他为“一只特立独行的猪”王小波一直是一个有争议的作家，但你不得不承认他的天马行空的才华，和不同于世俗甚至有些惊世骇俗的观点和想法。他是一个用笔思考、用生命思考的作家。读他的文字，感受生命的重量，实在是一件幸福又痛苦的事。好了，不多说，走进王小波的精神家园，看看他怎样想，怎样活。,1
12926,注意啦！！这个酒店只有6、7楼重新装修过（地毯是深灰色）。其他都是旧装修。我们出住时，提出要看房间，前台安排我们看了6楼。是不错的装修。地毯是新的。没有什么异味。但5楼是该酒店的KTV，很吵。但5楼的房里能听到楼下唱歌及微微的震动。所以我决定不选五楼。我问服务员，这房间是新装修的吗？因为看到洗手间的配置很新。他回答我不是，全酒店都一样。回到前台，他们给我安排了13楼。心想不错嘛。结果与朋友拖着行李到了13楼，电梯一开，已看到是旧地毯，污积斑斑。进了房间，一鼓酸臭味！洗手间也不是5楼的配置。。。差异太大了。结果，，我们做了有史以来最经典的事。。。因错按了一层号码，电梯门一开，发现也是旧装修（旧地毯，浅色大花）补充点评 2007年10月10日 ： 结果，我们决定每一层都看一下地毯来决定来入住哪一层，因我10.1期间自驾车去玩，共入住过6晚不同的酒店，前一天入住[杭州]杭州最佳西方梅苑宾馆，就是因为只相信了CTRIP的网评，在没有看房间的情况下入住了，房间感觉很不好，根本与四星不相配，所以这次一定要选好一点。我们坐电梯每一层都看了一眼地毯（当时已晚上10点，没有什么客人来往，所以我们不会打扰到其他人用电梯，而且有4台电梯的）发现只有7楼是新地毯，还是11楼及15楼是比较干净的旧款地毯（主要是霉气味不太重。来到前台要求换房，转7楼或11楼。前台也不说什么，同意换。但告之：7楼已客满。11楼是行政楼层，要加100元。最后，我们选了15楼。。要求非吸烟房。前台同意。进房，，还是有点霉气味，但比11楼小。最好笑就是看到服务员从房间里拿走烟灰缸，，哈哈！！！这就是非吸烟房！！服务员给我们打开窗户，说吹一下风，味道就没有了。天呀！！四星酒店！！！真是只有6楼的配置比较合符四星。。但5楼的噪音又将此优势给去掉了。。。但酒店对面另一家“皇冠”酒店也是四星的。比它更不好，所以，还是住下了。。这间酒店是唯一一间要退房时，查有没有东西要赔，之类的。。我前几天住三星的酒店都没有这个要求！还有，房价是298，我订了两个房共一晚，酒店要求压金2000元！,1
12927," 不爱喝蒙牛, 以后也不会喝.",0
12928,这本书我也是看完所有的评论才决定买的，确实有的评论讲得很正面，没有很多人所说都这本书怎样的好，本人觉得这本书不够大众化，书中的内容方法只能适合少部份人短暂的使用人，不能长期使用。所以看书的朋友们，你们一定要结合自己切身的体质加以考虑才运用书中的方法，我总觉得这本书的商业性质很高,0
12929,蒙牛的奶口味还不错啊。,2
12930,性价比差，酒店诚信更差，尝试住了一次决定不会再住下一次宾馆反馈 2008年7月7日 ： 客人原订标准双人间，到店后想改为大床房，此两种房型存在价格上的差别，因沟通上的差异造成了双方的误解。我们对此客人表示抱歉和遗憾。,0
12931,真正算是一部极具代表性的人物传记，随着笔者的一点一滴的记述，去观看索罗斯一生的成长足迹，半个多世纪，一个在金融界摸爬滚打的传奇人物，人生的大起大落，真正教给我们正确的人生观，价值观。教会我们怎样洞察纷繁复杂下的规律，怎样面对财富的剧增或是暴跌，怎样将理想与事业有机的结合在一起，去创造属于自己的辉煌传奇。“洞悉混乱，你就可能变得富有。”———《索罗斯传》睿智而英明。,2
12932,跟市面上众多的写饮食的书相比，这本书才叫饮食文化。不单纯写饮食，还包括作者对饮食文化的理解和感悟。虽然出版已有多年，但如今川菜确实在各大小城市都可以见到，川菜馆也确实成了很多人经常光顾的地方，很多不能吃辣的人也慢慢被川菜影响而慢慢学会吃。但是可惜的是，川菜馆众多，大多都是红油麻辣的菜式，缺乏作者所提到四川人平时吃的素菜素汤。,1
12933,边个想买？蒙牛还是伊利？！,2
12934,这本书刚开始看还觉得不错，到了后来就觉得内容太乏味了，看了三分之一就不想再继续看下去了。这本书主张的是找份好工作还不如找个好老公。本人讨厌这个观点。,0
12935,处处都很差的，信号，反正是说不清楚了喽。,0
12936,"和用过的独显本本一样: 散热有点差 ,酒红色没有理想的艳,深暗红色,本本厚了点.",0
12937,真恶心，蒙牛还行不行啦,0
12938,1、屏幕分辨率高，独显，适合做图 2、速度够快 3、没什么问题，使用非常正常， 4、3DMark跑1800多 5、完美屏,2
12939,很多东西不是几句话讲得完的，就象阿郎抽象的东西，却不是胡乱而无序的，很多平时不曾细心留意过的细节与悖论，都从这里找到了阿郎的书，太容易让人醉倒，不是那里面的画有多珍贵，字有多深奥，而是在于，里面包括的，都是都市人的虚弱，虚伪，以至于让自己迷失，因为里面的每一个角色，都像极了自己，然后，就听着音乐，把书合上，闭上眼睛享受一刻钟的寂寞与无奈,2
12940,打车到客运站需要12元（加1元燃油费），要的是经济间，所以勉强一些算满意吧，主要是价位摆在那里的，如果有机会还会取得。主要是靠近山东省内最大的游乐园 富华游乐园比较好，玩得方便。,2
12941,"来电大头贴很时尚,而且,C610还支持“人物肖像”功能,类似于现在非常流行的QQ秀，所不同的是你给大家穿衣戴帽,而且免费！很有意思.屏幕很大,可同时显示9行中文信息，字体清晰、细腻。墙纸不论是鲜艳的“大红大紫”，还是清爽的“小绿小蓝”，都很清晰,C610的显示屏绝对强.",2
12942,5USB接口，再加上esata接口，在接口方面已经非常齐全了，同时性能配置也不低,2
12943,蒙牛的奶，不敢喝， 这是要毒死我们灭口？,0
12944,做工精致，本本很薄，自带MAFEE杀毒软件。N280的CPU不错，会根据需要自动调节频率。看1280*720分辨率的电影非常流畅,2
12945,我是个带有强烈的主观色彩的人，说的很武断，不能从大局出发，不能从文学和时事上看问题。只是一个局外人的想法。因为色戒引起的热潮，再一次把张爱玲的书翻了出来，觉得不够，还是再当当上面买会了今生今世。看了一遍，里面最引人注目的自然是民国女子，其实，除了这篇，还有蛮多值得一读的，比如写母亲，写童年，故乡。但是，凡是涉及到他写的其他女子的，我就不能看下去。关键在于，他不是多情，而是觉得自己很无辜。他不明白为什么他不能和爱玲说小周呢，为什么爱玲要吃醋，为什么范先生他们也吃醋，呵呵，他爱的人真不少，可是但凡离开了，身边有了新的女子，他马上就可以接着去爱上。不打算批驳，因为很容易被人冠以“女权主义”，我向来都觉得这个词很古怪，人，就是要互相尊重的，什么权都无所谓的。但是，我已经把这本书置之高楼了。文采是有文采，但是这世上有文采的男人也不只他一个，独独因为是爱玲不能忘却的，我才关注而已。,1
12946,蒙牛不错,2
12947,没有许多网友评价热度高的问题，第一次要手动安装winxp，主板的blis-硬盘重新设置,2
12948,抵制蒙牛,0
12949,记得几年以前的自己还是一个傻了吧唧的高中生。在上大学的一个姐姐送了我一本藤井树的《B栋11楼》，于是知道了原来有个叫做“彧子”的姑娘。从此喜欢上了藤井树的文字。在厦门闲逛的时候看到了这本《十年的你》，于是在当当找到，买下。每晚下班以后在自己榻榻米一样的床垫上细细的翻阅。十年里，阿树成长了很多。无论是职场上的阿树，情场上的阿树，都是那么可爱。可曾记得，当年有个叫做彧子的姑娘。,2
12950,此书与电视的热播形成巨大的反差，买它作为公司读书活动的读本，结果是没一人去读完，书写成这样子，真是令人失望．,0
12951,新装修过了，液晶壁挂电视，很不错。不过，酒店热水采用温泉，水不是很大，而且有些粘乎乎的感觉，成为房间唯一的美中不足。自助餐，可能由于便宜的缘故，办的时间一长，客人来得多了，但是质量和服务却下降许多了。,1
12952,喝了点蒙牛，然后再喝伊利，会不会把蒙牛毒死？,0
12953,"W800使用了大半年,感觉非常好,音质效果不用说,SONY的影像技术更不用怀疑,现在降价非常实惠,欲够的朋友不要犹豫,选者W800没错.",2
12954,该酒店确实性价比不是很高，距离该酒店500米左右的衡阳华天应该会比这家好很多，我也问过价格了，华天208（前台价）/康年198（携程价）,0
12955,已经第二次购卖了，很好用，很好！,2
12956,初读还好，感觉作者的例子写的不错，可是细细品味，简直就是垃圾，例子举的简直就是生拉硬套，庄子看到我想会从坟墓中跳出来自杀，简直就是小学生的写作水平。,0
12957,这本书真是象介绍所说的那样开本小，内容可不少。实例多，效果不打折。操作细，做事不含糊。知识全，覆盖多领域。便携带，随时学用查。价格低，为读者服务。是最适合初学者看的一本有价值、性价比高的好书，不仅大人能看懂，也适合孩子和家人看。其实，这本书真正做到了易学、易懂、易用的地步，编者的设计让百姓佩服！他著作的书就好比老师手把手教一样实用，值得推荐！！！！,2
12958,抵制蒙牛比抵制日货更靠谱。,0
12959,（1）按键不舒服，特别是处在边缘的四个健13*#越是中间的键越舒服。（2）制作上和国外大厂毕竟还有差距，上下两片弥合的不够紧；而且LCD指示灯闪亮的时候明显没有处在正中间。（虽然对我没啥影响，因为我不开那个哈哈）；还有就是那个OK按钮也没有方正，稍稍有点往右倾斜。（虽然不明显，也不只我说的这些是不是普遍现象）。有人提到，电池盖弥合不紧或者耳机插不进去，本人的机子倒没这些问题。看来还是个例。但从这些个例中也可见Lenovo手机的做工..........（3）铃声虽然号称40和铉，但明显没有我以前的32和铉的samsung手机好。高音太尖，低音力度也不够。反正听惯samsung手机铃声的朋友对这个肯定会有点不满的。（4）导航键设计得不太好，有点往里面凹进去，这样按起来不顺。,1
12960,肯德基比其他的还干净，就如同坚信蒙牛比伊利还干净一样。,2
12961,且试天下，众生在目，每个事的主角，雕刻地如此真实和感性；而每个故事情节，渲染地如此真挚而动人，没有华丽丽的辞藻，只有行文如流水的平淡和畅快，看了太多假意的精致文章，反而觉得这样的作品才是最弥足珍贵的精品。很欣赏这本书，一页一页翻过，就像翻开这代人的历史，翻开他们的故事，翻开而心底角落里的纯然的感动和朴真。我喜欢安哥写作的态度，我也喜欢这本书给我的念想，意味深长。,2
12962,在南山区办事的话住这里还算方便，门口往哪个方向的车都有，就是稍微有点吵啊,2
12963,1、光驱响的厉害，明显是做工工艺的问题 2、背面的脚垫，后面的两个明显不一样高，放在桌子上，用手按压左上角和右下角就感觉出来了，明显三条腿，不平。这是设计的问题 3、屏幕边缘有缝，不严密，容易进灰,0
12964,这本书延续了作者一贯的写作风格，血腥，痛彻心扉的爱情故事。虽然故事的情节类似于《赤裸特工》，也脱离了人们的正常生活范围，但却很吸引人。人，是因为空虚才会看小说，那么略微夸张一点的故事也能接受。但我觉得这本书的读者群的年龄应该在18-25岁。如果你已过了此年龄阶段，建议不要购买，因为你会觉得无趣。不同的书，适合不同的人群，请根据实际情况加以选择。,1
12965,外观时尚，配置还行。东京送货很快我10号下午定的货还是分期付款的，结果11号上午就送货了。,2
12966,这是我这一年内看到最差的一本书，我用不到2个小时看完（我实在不愿意在这本书上浪费太多时间），很遗憾，没有收获到任何内容。书生唯一提到了一点有用之处就是告诉有钱人要向西方富翁学习，懂得回报社会。公平是什么？在这本书里是所有问题的答案。是一万能解决办法。这陷入中国传统文化的结症“循环论证”。如果公平是解决问题的办法，那也要深入的讨论如何去构建公平，如果去保证，那是社会学关注的话题，是管理学讨论的话题，不是公平二字可以解释得了的。如果说作者本人应该是一个非常厉害的人，了解他多年的经历就能知道，他很了不起。但这本书真的很一般，炒作嫌疑非常大，这本书在当当有几百条评论，我感觉其中有相当多的评论是假的。另外这本书的定价偏高，这么小的一本书，33块钱，不是有点贵，是很贵。建议不要买。,1
12967,"设施服务都一般化,性价比不高,在郑州的知名度太小,连出租车司机都不知道,不值得推荐",0
12968,这次是308的行政大床，总体感觉非常不错，就是价格稍许高了点，旁边有个五星的豪华客房才398。估计小天鹅也只有这个房型以上的，看得过去，以前住过的房间实在是很差。以后大家如果要住这里，还是选这个行政大床吧！,2
12969,装XP系统很不好装，可以用深度的SP3 6.2版本，我用的9.0版本的OK BIOS里面无法关闭SATA设备，所以装XP的时候要集成sata驱动的。,0
12970,第二次购买了，热水器也安装了，还没开始使用，等用一段时间后看看效果再追平。就目前而言性价比比较高,2
12971,刚安装好还没用，感觉挺好的，不错的选择，给个赞。,2
12972,从接触这本书开始，引起了我对金融危机和我国经济发展的强烈关注。目前媒体上很多这方面的评论，但基本面都是认为经济已经转好，金融危机对我国的影响不大，而且从国家统计局公布的第一季度经济运行数据来看，似乎也是这样，但有一点值得注意，北京第一季度CPI指数下降了0.5％，食品类价格指数反而上升了4.5％，这是不是通货膨胀的一个信号？看完书后，对目前的经济形势有了太多的疑问。,1
12973,拍摄功能丰富，M305内置高清晰度数码CIF CMOS摄像头，可设置来电大头贴。响亮铃声，不会漏掉任何重要来电。,2
12974,感觉这本书并不像想象的那么好，有点太神了，并且实用性的东西并不是很多，反而写大家怎么夸奖怎么神之类的太多了,0
12975,地铁抢坐的人太适合给蒙牛做广告了！强壮的中国人！把我鞋踩掉了，还把我人推一边去！他妹的,2
12976,最不喜欢的企业就是蒙牛，蒙人不？,0
12977,我是一个无肉不欢的人，如果每天不吃点肉就会觉得自己过得兔子一般的生活，当然，如果吃多了也会觉得恶心，所以怎样保证蔬菜与肉合理搭配，保证天天可以吃肉有不腻的慌，就成了我经常考虑的问题。所以，我就买了这本书，呵呵，不错哦。图文并茂，还有温馨提示，让人产生无限味觉联想。不过，值得警惕的是，睡觉前尤其不要看此书，我尝试过两次，腹中空空的感觉不好受。,2
12978, ，最近我心神不定，先满足我小小的愿望。来桌满汉全席就好了，睡前给我一杯热牛奶，不喝伊利不喝不要蒙牛，雀巢就行。然后我俩开始吐槽到天亮,0
12979,系统难搞，用了一天时间，把xp装好，后来又装成vista了，因为不大需要玩游戏什么,0
12980,"待机太短了吧哪有三四天呀我的夜里关了,电话也不多才三天,别胡说呀",0
12981,没办法看下去！太现实了！没办法理解。呵呵,0
12982,唯美的人物，唯美的故事接触过多个此时代背景下的故事，不过作者文笔细腻，恰如齿间淡淡留香，让人品味伴我度过两个孤单夜晚，无限惆怅不过人物描写不够深刻，让人看完也没有大概的人物轮廓私事杂事显得太多，衔接不够，结局更是莫名其妙，让我怀疑自己的理解能力有问题，翻来覆去仔细研究，也没看出端倪哪位高人指点一下,2
12983,翻开这本书的时候，就让我沉浸在回忆之中，幼时的点点滴滴，有时看完一篇，自己躺在床上静静地想，静静地回忆，默默地流泪，默默地笑笑。但是所有的一切都不会回来，只是觉得那时的阳光要比现在的灿烂，那时的小草要比现在显得更加碧绿，一切都过去了 。。。。。。我只能将这些回忆带进自己的坟墓。书中的有些章节我觉得写的有些做作，但是我想这本书的主要成功之处是勾起我们的回忆，所以其它的也就无所谓了。,1
12984,不错的酒店。就是早餐水果太单调。宽带直接连电信网的，速度很快。,2
12985,"这个酒店整体素质非常差,房间里面有很浓的油烟味道.",0
12986,买这套书的时候正好是嘟嘟3岁。喜欢《汤姆走丢了》，嘟嘟真的很同情汤姆，他的眼睛会紧盯着画面，脸会随着故事情节变换表情，而且读过之后去超市自律多了，离我远一点他自己就会说：小兔走丢了，多可怜，我要跟着妈妈。《汤姆做哥哥》也很有趣，嘟嘟读过后在幼儿园会照顾后来的小朋友。印刷质量很好，颜色温和，每个故事情节不是很复杂，孩子看着不累。当当送书的速度很快，3天即收到，很满意。,2
12987,这本是依晨的求学日记，安排得非常紧凑的纽约客生活却充实至极通读完，会觉得这个女孩子比电视中、比想象中更真实，更贴近我们的生活。依晨对新知识的渴望和对新生活的期待，让我也觉得读书真的是一件非常快乐、非常带劲的事情呢！果然，要经常看一些可以鞭策自己的书籍啊~虽然很多人说明星的书很多都是代笔的，但是，我觉得那么真实的感受，怎么可能是代笔的呢！支持依晨——因为你的文字！,1
12988,我是个带有强烈的主观色彩的人，说的很武断，不能从大局出发，不能从文学和时事上看问题。只是一个局外人的想法。因为色戒引起的热潮，再一次把张爱玲的书翻了出来，觉得不够，还是再当当上面买会了今生今世。看了一遍，里面最引人注目的自然是民国女子，其实，除了这篇，还有蛮多值得一读的，比如写母亲，写童年，故乡。但是，凡是涉及到他写的其他女子的，我就不能看下去。关键在于，他不是多情，而是觉得自己很无辜。他不明白为什么他不能和爱玲说小周呢，为什么爱玲要吃醋，为什么范先生他们也吃醋，呵呵，他爱的人真不少，可是但凡离开了，身边有了新的女子，他马上就可以接着去爱上。不打算批驳，因为很容易被人冠以“女权主义”，我向来都觉得这个词很古怪，人，就是要互相尊重的，什么权都无所谓的。但是，我已经把这本书置之高楼了。文采是有文采，但是这世上有文采的男人也不只他一个，独独因为是爱玲不能忘却的，我才关注而已。,1
12989,"我在当当购卖<<求医不如求己1>>和<<求医不如求己2>>各一本,结果只寄给我一本正文缺少12页的书来.去电咨询才跟我说无货!如果无货在客户订货时电脑系统早就会反映,订单不生效.哪会到寄货时才说无货?既然能说“全球最大的网上商城”，电脑系统会如此不完善吗？只是见商品订单增多，就趁机说缺货，然后提价!订单成立，就是买卖双方签订的一张契约。双方都应履行承诺，哪能见利忘义？盈利靠的是真本事，而不是如此不光彩的小手断！",0
12990,宝宝一岁两个月买了这套书，他非常喜欢，因为书的内容浅显易懂，最重要的是几乎每一页上都有可以让宝宝翻动折起的地方，小小的马桶盖，五颜六色的泡泡，内容丰富的冰箱...激发宝宝探索的欲望，值得推荐！提醒一点要注意，最好大人拿着书给宝宝讲，同时引导鼓励宝宝翻动书中的活动部分，不要让宝宝自己拿着书自由翻看，否则宝宝自己容易把书中活动的地方撕下来。,2
12991,"豪华双人间的床很大,一张单人床已经有我在香港住的双人大床那么大,一些细节也挺有意思的,象放在床头的小信封会有一颗糖果和会告诉你明天的天气.就是毛巾有点旧.浴室里也没有可以晾衣服的线.补充点评 2007年2月28日 ： 外面有点旧和脏,我们刚到的时候还犹豫着要不要换一家呢,后来看到里面还是不错的,是时候该装修一下外面了",2
12992,酒店自诩准五星，入住后，让人大跌眼球。原本订的6日13至15日二晚住宿，由于飞机晚点，到达酒店已经是凌晨二时，没有门童，行李是自己提上台阶进大堂的。大堂的层面很低很压抑，装修陈旧而俗气，总台服务员自始至终没有微笑。问现在这个时候入住是否有优惠，她爱理不理以摇头代答。订的是毫华大床间，令人不可思议的是，这个所谓的豪华居然是这样的——电视机最多只有19寸，灯光昏暗，床硬硬的，没有供客人使用的纸袋，地毯很脏。特别是最多只有19寸的电视机，说准五星简直是一种欺诈了。于是决定天亮后就换到泰达美爵。退房时，居然又浪费了我近二十分钟。办完手续，也没有任何一个门童帮我推行李。看发票，盖的是部队招待所的章。原来这个所谓的准五星，居然是招待所！我百思不得其解，这种档次的酒店，怎么会得到一些客人这么高的评价。补充点评 2008年6月25日 ： “1、您到店的时间已经超出您的预订时间，酒店仍然给您保留了房间，并且按照您预订的网络价格给予了优惠，而且免费为您升级到了豪华房间； 2、您入住房间的电视机是21寸的液晶电视； 3、客人需要购物袋可以向房务部或前台索取，我们会提供给客人......”————一、我预订的是商务房，价格为558元，因为不喜欢商务房的装修风格，要求降格到豪华房。我这里保存着携程的订单，以及降格到豪华房后我支付的豪华房488元房价发票。我不知道贵酒店所称的“免费为您升级到了豪华房间”是什么意思。希望能看到解释。二、即便真如您所称，“电视机是21寸的液晶电视”，请告诉我，如此小屏的电视机，放在一家自称准五星标准的酒店的豪华房，是否合适？三、您提到“客人需要购物袋可以向房务部或前台索取”，这显然牵强了，若按照这种逻辑，是否可以延伸到客人需要卫浴用品可以向房务部或前台索取？若酒店真有“客人需要购物袋可以向房务部或前台索取”的惯例，那至少应该用文字的方式在床柜之类的地方明示吧？宾馆反馈 2008年6月23日 ： 尊敬的宾客： 您好！非常感谢您把金海大酒店作为您大连之行的驿站，也非常感谢您对酒店提出的意见，对于您此行的不愉快我们深表歉意！在以后的工作中我们将加强酒店员工的培训，提高服务意识及服务质量！对于您以上提出的问题我们做略加解释，希望您能够理解！ 1、您到店的时间已经超出您的预订时间，酒店仍然给您保留了房间，并且按照您预订的网络价格给予了优惠，而且免费为您升级到了豪华房间； 2、您入住房间的电视机是21寸的液晶电视； 3、客人需要购物袋可以向房务部或前台索取，我们会提供给客人； 4、酒店员工服务的不到位说明我们的管理还需要进一步加强。 再一次感谢您所提出的意见，欢迎您能够再一次入住我们酒店！,0
12993,价格贵了一点；还有装xp超级麻烦，官方网站都没提供xp的驱动，到现在还没搞定驱动的问题，老蓝屏，建议要装xp的兄弟慎重考虑。,0
12994,我觉得一本好书，是文字好、故事好兼顾的，这个系列书用诙谐的文字写出了生动的故事，配合充满童趣的画。让孩子和大人都非常喜欢，孩子认字前我给他念，他听得开心，我讲得也高兴，真是好书。送给不爱看中文书的小“海龟“，他们的妈妈说让他们也很喜欢看呢，够吸引人。感谢原作者同时也要感谢译者的努力，通过好的翻译让我们得以欣赏到这样好的书。,2
12995,用一种调侃的方式解读历史，也许会赚得大家伙儿的掌声，但过后认真地思考一下，好像留下的东西不多。作序的专家未必认真地读了此书。。。。书中的语言不够严谨，逻辑有些混乱。。。。我已经读不下去了，（二）（三）还静静的躺在一边。。。。（四）恐怕不会买了。。。。。。,1
12996,不可因倦而鲜终。今儿性情有点暴躁真是感到倦了想一走了之 我知道过了今天一切又会好起来。 难道是因为今天吃了蒙牛冰淇淋的缘故 哎 我知错了 不该姑息养奸买蒙牛 不可乘喜而轻诺 不可因倦而鲜终 要缩小自己 勇于承担,0
12997,太牛了，蒙牛坐不住了，官微比真正的赞助商伊利反应还快。伊利，看你的了,2
12998,老式的三星级酒店，单人间240元，还没窗的房间，谁让我们遇上糖酒会时往成都跑，酒店门口出租车站半小时打不到不说，纯粹是叫人去受罪。对于酒店的感觉：走廊破的像招待所。到9点半的早餐，我9点钟过去，饭已经没有，菜到我吃饭早餐也不见再供应，就看见服务员拿几个馒头应付一下。与餐厅一位煎蛋的先生沟通，其曰早餐9点半结束，我说好像还没有到9点半吧。这样的酒店估计也就是在什么展销会期间做做生意了，永远不会有第二次的光临。,0
12999,第二次购买了，整体非常满意。首先物流非常快，热水器质量也不错，爸爸说很好用。而且而且，客服态度很好哦！,2
13000,今天又买了一套送给女儿的班主任，希望班里所有的同学都能得到正确的引导！,2
13001,2.2 英寸的 26 万色的显示屏，带手写功能， 30 万相素的 CMOS 摄象头，支持 JAVA 程序， 64 和弦的铃声的 N620 给人感觉落落大方，拿在手中的感觉也十分舒适，机身流线感十 足。右上角的 7 色指示灯令整个烤漆机身更显华丽。屏幕色彩显示十分细腻，层次分明，文字显示也清晰锐利，在阳光下也能有良好的可视力。铃声十分悦耳，穿透 力强到不会漏接任何来电及短信。,2
13002,当当网的服务非常差，连同它们的客服也是敷衍了事，简直就是一种无人管理的地步，在他家买东西，出了事就别想解决，这种公司，离关门不远啦！虽然是个黄金VIP买家，以后也再也不会来了！,0
13003,缺点肯定是有的，开机关机光驱有异响，装xp不知道怎么不好装，老是蓝屏，技术问题。。。。。。。。汗~~~~~~~~~~~，再有就是Vista启动后内存占用70左右，怎么不预装xp呢？,0
13004,我是因为巴菲特的缘故才去看了这本书，看完后感觉的确名副其实--实在是很值啊。作者虽然阐述的是艰深的价值投资理念，但文字却并不艰深，可以说行文相当流畅（比巴菲特要好得多...），还辅以各种实例（虽然那个年代的资产远没有现在丰富、但基本原理是不变的），讲解得清楚易懂。另外，翻译也比较令人满意。相信价值投资的人都应该看一看这本书，反正也不是很贵~~,1
13005,"风扇声音大.3g网速太一般了.100元2G的流量,不知道移动是怎么想了.打开一个网页就得几M了,能打开几个网页,太贵了.速度太普通了.",0
13006,性价比超高 结实 稳定 安静 嘿嘿 最关键的是我是5488块大洋入手的（6.11限时限量抢购） 没人比我低了吧 哈哈 超值 可惜现在没货了 本来想加个1G三星内存的 奶奶的 从199块涨到269块咯 唉。。。后悔当时没出手,2
13007,以前女儿就与邻居家的小姐姐玩过“老狼老狼几点钟”的游戏，这次见了故事书，喜欢得不得了。在幼儿园回家的路上，边走边看，回家顾不得吃饭捧卷细读，即使下楼散步，也舍不得丢下她的宝贝书。一晚上就攻克了拼音关，自己读完了一本书。我认为这书特别适合大班的幼儿阅读，故事生动有趣，图美字大且带拼音，孩子可以独立拼读，而且书页不多，吓不着孩子，不知不觉间轻松掌握了拼读和故事。,2
13008,内容和以往的亦舒小说很不一样，悬疑重重，女主角的命运也太惨了，无父母可依傍，原来的良人一遇上经济打击就退化成魔鬼，伸出援手的友人另有所图，又和朋友的丈夫扯上暧昧，等到觉察出危机已遭灭顶之灾。看得人冷汗都要出来了，觉得女主角某种程度上缺乏决断，性情比较软弱，还未看得透彻就想托付未来以过安定的日子，可惜往往慢了一拍，事情就大不相同。可怜的福在。,2
13009,炒得很火，买来看后，印刷精美，但觉得深度不够。不值得收藏。不过可以考虑给孩子读书后看看，倒是由浅入深的接触传统文化的一种选择。,1
13010,没遇到前面说的装驱动遇到的麻烦，一切都很顺利，只要先进BOIS把硬盘读取方式改成IDE就能装XP了,2
13011,一向以为滑盖机是三星的专利，现在看到这款夏新手机后，还知道我们国产也有滑盖机，而且质量不比别人差；搭配的2.0寸QVGA彩屏效果特别出色，无论是浏览图片，还是看移动视频都觉得效果不错，画面惊喜度很高；而且附带的200万像素摄像头，让我走到哪里就拍哪里，而且支持存储卡扩容，再也不用担心拍照收到容量的限制啦，可玩性相当高；另外支持丰富的JAVA程序，让这款手机可以满足我悠闲时打发时间的要求,2
13012,房间卫浴水准太差，面盆的下水是坏的，居然要用手去把下水给抠出来。。。衣橱的灯的开关是坏的，把门关上灯还亮着。卫生间里粘两个灭蟑螂的盒子，让人看了很不舒服。,0
13013,"硬件设施太旧,和房价不相符,价格还是贵了补充点评 2008年7月29日 ： 大床房的床太小,两人睡感觉不舒服",0
13014,机器背面似乎被撕了张什么标签，残胶还在。但是又看不出是什么标签不见了，该有的都在，怪,1
13015,书的快递速度和服务都非常棒！书的包装也很不错，是用塑料薄膜封装的精装书，感谢当当的工作人员！本书以章回体的形式记录了一个又一个诡异的案件，实际上在诡异的案件背后隐藏着的其实都是人性的丑陋与邪恶，非常好看的一本书，看完之后真的是意犹未尽，如果有续集，我还会购买的！极力推荐，喜欢悬疑惊悚与刑事案件结合在一起的氛围！,2
13016,整机显得做工很精致，外观也很漂亮。led冷光屏感觉更舒服，显卡很好，加2G内存以后，最高质量情况下实况2009完美运行，流畅无比。带的液晶屏幕擦布很贴心，不愧是大厂出品。另外散热也很好，没有传说中的那么差，看来需要亲自体验才知道。带的鼠标是罗技的，手感很好。,2
13017,用了一个多月，显示屏就坏了，还老自动关机,0
13018,我觉的不错，线上做的不错，几乎没坏的，测试也没坏的，,2
13019,书是基本阅读了一遍。这已经是第二遍了。尽管内容相对杂些，但读起来较容易，语言温和，吸引人，内容生动，基本上养生治病的经验总结，同时辅之以基本理论的支撑，较容易上手，总体感觉不错。1、只是真正做起来可能难度比较大，需要改变个人的生活习惯；2、中医太深奥，经络部分，我是基本读不懂，需要花费一定时间学习；3、同时我已经在马老师的个人网站上诊病了，非常满意。,1
13020,以前没有读过毕老师的书，因为对心理比较感兴趣，所以先选择了这本书，看了之后较失望，都没兴趣再买她其他的书了。我认为这本书写得不到位，一个心理师的成长有这么简单吗？难道真是啥水平的都可以，只要有一颗心？看了之后你还敢去找这些中国的所谓的心理咨询师吗？老实说我不敢！,0
13021,很乖巧、轻薄，做工细致，2099元时买的，没有赶上特价1999元的好日子，但是同事还是感觉性价比不错。买回来帮同事重新装了xp系统、分了区。,1
13022,屏幕靠右边有一道高亮线，形状如长刀。 在京东买了多次东西，第一次碰到麻烦，应该是质量问题。,0
13023,"大家都说这本书写了很多心理案例,但我觉得什么案例呀，不就是作者编的故事么，而且欠分析。说什么是心理学的辅读读物，我看就是把一些故事串起来，再打乱一下顺序而已。推荐那些喜欢看小说的人看，但真想学到点心理学知识，那就免谈了。",1
13024,外壳塑料感太强了！一看就觉得是低档货，为什么不把外壳稍微弄的好点舒服点呢 用不了多少成本吧,0
13025,"我住的是豪华套房,折后价是2990,但是入住后发现性价比极低,套房是在前面一幢楼,最高是9楼,完全看到不前面人民广场的风景,而且房间比较小,是我住过的五星级套房中最小的,以后绝对不会再选择这个酒店了.",1
13026,书的装订 很不好 一打开就开始掉页了从文学的角度看 胡很有文采从情感出发  想砸鸡蛋,0
13027,这本书有它的局限，因为国情不同背景各异，而且作者也不能完全称之为育儿专家，很多还是自身经验之谈，不够科学严谨的论证。但是对于一般父母来说，它还是能够起到启发指引甚至启蒙的作用。尤其是中国目前的很多家长，由于自己小时候家庭教育就比较缺失，因而在自己要担负起家庭教育的重责时无从下手或默不在乎，这本书会告诉家长，爱孩子 重视孩子 教育孩子是每个父母天赋并必须履行好的权利和义务。,1
13028,女人爱漂亮！衣服也越穿也少，越穿越没有季节了！没到夏天就脱下厚衣换上夏装，还在冬天就露胳膊露腿的，即使冻得瑟瑟发抖也在所不不惜，却不想寒气和湿气已经侵入了身体，埋下了祸根，日复一日，年复一年，当我们身体被越来越多的寒气和湿气占领，我们感到不舒服，这里疼那里痛，最后无法忍受，看病求医就成了家常便饭，最后已以医院为家。可见，保暖是多么重要啊，特别对于我么女性来讲尤其重要！,2
13029,显示屏仰角太大时，电脑放桌子上会容易仰过去，一点设计上的小问题 摄像头需要光亮很强时才好用，晚上如果灯光暗就会显示不清楚,0
13030,vista配合2G的内存，速度还是有点跟不上，但是还在可接受范围，其他暂时还没发现有问题。。。,1
13031,外观漂亮且是金属的，噪音也在可以接受的范围之内，基本上感觉不到，锁触摸屏的设计很人性化。,2
13032,"没见过这么差的四星酒店!建议大家以后千万别住,离银滩很远很远!环境也很一般,服务就差得没法提了!",0
13033,1.机身重量偏大； 2.转轴略显生硬； 3.仅内置了一种图案背景； 4.彩信发送速度稍慢；5、有时接不到电话！6、当有一个以上短信没看时后面的短信就会把前面的冲掉！ 7、一卡双号切换速度太慢！,0
13034,原来我爱的优益C是蒙牛的、内蒙古老酸奶是蒙牛的、特仑苏是蒙牛的、真果粒是蒙牛的，还有最爱的小布丁也是蒙牛的，蒙牛啊，原来我爱了你那么多年……@蒙牛微客服,2
13035,就只一个电脑，包、鼠标....什么都没送，鼠标也没有一个，太小气了！ 发票说好了电脑和其他东西分开开具，京东也不惹！,0
13036,若能在孕期就看到这本书该多好呀！当然现在还不晚，只要能看到这本书的年轻父母们对很好的教育孩子来说，都不晚。本书不但说了如何教育孩子学习，更重要的是教孩子如何做人做事！怎样玩好，和谁玩好，都做了很好的例子。全面发展的孩子才更优秀！美中不足的是我又开始怀疑这本书是否是正版的？若是正版的，那出版商的校稿团队也太差劲了些，不但错字常出，连排行都能出错！真是有愧“（珍藏本）”的说法！！,1
13037,小时候在《故事会》杂志的后封上经常看到《父与子》，印象非常深刻。看到这本书后就立即买了送给了孩子，不想上一年级的女儿一看到这本书就爱不释手，连睡觉也放在枕头旁边，生怕被人拿走了。看着孩子看《父与子》专注的样子，听着她不时发出的笑声，真是让人开心。《父与子》的确是一本好书，书中那些生活场景让每一个人都觉得似曾相识，书中蕴含的质朴的道理又让人受益匪浅，但愿它给所有的读者以快乐幸福。,1
13038,换系统太麻烦，我花了9头牛两只老虎的力气才弄好，建议以后都帮我们装好XP，大家更愿意买,0
13039,一般般，不知道为什么会卖的这么好？和＜人性的弱点＞相比，这书差的远了｀｀,0
13040,看了1/3的内容了，感觉都是摘抄别书内容，没有什么自身美容经验之谈，凑字赚钱的嫌疑较大。,0
13041,屏幕效果比较清晰。铃声音色不错，破音现象不是很明显。还有一个可以连拍和30秒摄像的摄像头。支持来电防火墙，可以拒绝不想听的电话。,2
13042,"不错的酒店,据说比重新装修前好很多.可惜酒店隔音很差,正好遇上那天有几个无赖没拿到房间一直闹,给安排了工作人员房后半夜还在闹,很烦人.虽然不关酒店的事,可是却凸现了隔音问题.服务就一般,",2
13043,一：未接来电无法快捷显示电话号码（就是说只有一项一项找到未接来电才可以看到刚才没有接到的电话号码）。二：开始我以为是西门子的功能设置的不人性化，后来给客服打了电话才发现是我的机器出了毛病，他们让我第二天去客服检测。三：第二天走之前我玩机器时打开了录音机，新的错误疯狂的发生了，开始录音永远停不下来，无论是按暂停还是停止，无论是按推出还是OK，永无反应，无奈之下我拔出了电池......当再次开机时我惊奇的发现，无来电显示的错误神奇的好了。不过录音机还是无法停止。,0
13044,书买了很长时间，但是一直都没有读过，偶尔读一段发现根本没有读下去的毅力，可能是我对明史还是有一定的理解，我无法认同作者运用网络化、通俗化的语言来对明史的解读。尤其是今天早晨看到CCTV对当年明月的专访。我想主持人对此也存保留意见。,1
13045,"父母对孩子富有感情色彩的评价性语言,在孩子的一生中往往成为判断对错的原始依据.虽然孩子在成长中还会被外在的环境有所修改,但这种修改决不会触及他儿时的核心观点.所以,从某种程度上说,父母说话的态度、内容和品质，将成为孩子一生的自我意象和思维定式，是乐观、自信、富有想想和气概，还是消极、自卑或得过且过、自暴自弃。可见，父母对孩子的态度和话语，对孩子的影响有多大！",1
13046, 便宜 继续喝…… 象拒绝毒品一样拒绝蒙牛！ +1 不知道为什么还要买，我都告诉我爸别买了，他说无所谓~然后继续喝…… 为什么没人管的了蒙牛？,0
13047,10月去的。感觉不是很好。房间和如家的差不多，但感觉差的好大。最让人受不了的是窗户离别人家的阳台那个近啊。都能看见别人家的里面了！！半夜楼道里还有人在吵闹，服务员应该制止一下啦。还有那个中央空调，开了等于没开。洗好澡后还是热的出了身汗。退房的速度也不快！！,1
13048,最恨VISTA，宽带连接不上，里面给我装了个office2007，还要激活，不激活只能用24次，激活了也才用60天，我的天，别这么小气啊。,0
13049,很喜欢蒙牛的新包装，感觉高档了很多，简洁，主要表达的要素也很明确！不感惊叹&quot;设计要经得起时代变迁&quot;！,2
13050,存储电话本1000组.方便比同类照相效果好.可靠性非常的高.,2
13051,关于这款手机的优点，这里已经介绍的很详细了，也不再重复了。,2
13052,性价比较高的酒店，服务态度和房间的配套都不错，被褥都是特别的干净~就是地毯比较脏，有待提高,2
13053,沈阳市政府的酒店，比较大气，交通便利，出门往左就是北陵公园，环境好。,2
13054,界面大方，颜色饱满。功能在同价位是很不错！,2
13055,这家酒店太烂了。特别是服务差的很，简直让人火大。我通过携程预定了早餐，结果被告知从七点钟才开始，那我说我退掉吧，结果告诉我携程订了就不能退。早晨在房间打电话告诉前台查房，结果我到前台后，前台还没打，等到再次说退房时，才磨磨蹭蹭的打电话，结果等了几分钟还是没人查。等签单时才发现自己名字的两个字竟然被搞反了，真搞不懂，我实在是不敢恭维，而且莫名其妙的在我的名字后面竟然出现了另一个人名。建议各位不要入住。至所以给服务打两分，是因为其餐厅给我送了碗姜汤，比较感动，要不然服务肯定的一分。,0
13056,外观漂亮，做工精致，键盘用起来舒服，没有太大的拘束感．女孩子用还是很不错的．它的尺寸个人认为并不影响使用．反倒是携带方便．同类商品中做工最好的一个，不过价格也是最贵的．,2
13057,特别的小豆豆~善良、理解她的妈妈~了不起的校长~~这是我最喜欢的三个人~·战后日本发展特别迅速，当然这是和他们的教育是密不可分的，虽然我特别不喜欢日本，但是不得不承认日本的教育实在是让人肃然起敬。作为一个在校师范生，小林宗作先生就是我的榜样，我想我以后就业之后，一定要尽自己的最大能力发扬小林先生的教育理念，甚至亲自开一所“巴学园”。,1
13058,环境很好，花园很大，服务生态度也很好，距离机场很近很方便，不错，下次考虑再次入住,2
13059,很小巧轻薄~~是我一直所希望拥有的笔记本类型~~现在已经不喜欢玩什么游戏了~~所以上网或者看电影非常好~~qq游戏~~哈哈,2
13060,还不错，设施稍微有点旧但是可以接收，但是606的价格还不含早餐有点高了。楼下的商场和超市很方便。下次来还会选择这家。,1
13061,大体感觉外观设计比较粗糙，快捷键的位置手感不好，右侧的插鼠标的U口偏下（在光驱以下）使用起来困难，由于是新品改装XP系统比较困难，需从宏?香港主页下载驱动,0
13062,入住感想如下、共大家参考:1、典型的国营招待所、除了有个很小的小卖部外什么都没有。2、房间设施陈旧、毫无住宾馆的感觉。3、谈不上服务、电视遥控器不管用、打电话给前台后、直至离店也未送来。4、浴室没有垫地的毛巾。建议后来的朋友、千万不要住这里。另外、希望携程应对酒店进行评比、不符合要求的店不要推荐、否则给客人造成不便。,0
13063,酒店别具一格，很有一些园林风尚。服务非常到位，无论是门童还是前台乃至清洁女工，处处体现热情、周到和体贴，一家非常温馨的酒店。位置不错，交通便利，距机场18元（可能其他酒店也是这么多吧）。酒店略感有些旧，但一点也影响入住的心情。顺便说一下，因离店仓促，退房时将一项链遗忘房中，事隔一日，想起联系询问，已经由客房部为我保管，并快递与我，很是令人兴奋。,1
13064,伊利逆天神作， 蒙蒙以后我不买蒙牛了！！！ 又一个逆天的广告！！好有爱好有爱 ~中国广告有救了！不看完你根本不可能猜出它是什么广告,0
13065,休息室只有蒙牛酸奶，我是不喝呐，还是不喝呐，还是不喝呐。,0
13066,读了这本书觉得很受用。这本是一本关于心理方面的书，其中讲到的很多问题都是贴近生活的，比如自己曾经经历过的或者是身边人也经历过的。感觉在某种程度上受到了心灵的感召，或者说，像是一个经验丰富的长者向你娓娓道来人生的道理，揭示出在人生路上遇到的某种不知所措的困难，告诉你解决的办法。比如书中提到推迟满足感，就很受用，让我在学习方法遇到瓶颈的时候提供了一种新的动力。,2
13067,情书给我这个初中生的感觉就像是闻到了淡淡的花香那般温馨但并不腻~他没有网络小说般爱的死去活来.也没有都市言情那般直接..书中通过博子和藤井树（女）的通信慢慢揭开了一段被埋藏的可贵的爱情..看到博子知道藤井树（男）喜欢藤井树（女）所流露的伤感时我不禁也被她的伤感而触动~《情书》里描写的同名同姓的误会所展开的故事是我以前从未接触过的.我以为是像《恋空》那般让人心疼看了之后.觉得岩井俊二的文字给我的感觉《恋空》真的截然不同呢!!可能是因为才初二.一开始不太懂里面的感情但后来.通过慢慢的品味后.发现这本书真的很不错!!,1
13068,屏幕显示超级棒，色彩很鲜艳，看着就舒服，没有花钱的不是啊，呵呵，信号也好，运行稳定，待机也长,2
13069,这家店比市里的莫泰态度上稍微好点，不过房间也很小，住在里面不是特别舒服。服务员多数是生手，明显就不是很熟练的员工。我想也许压缩成本吧，莫泰也只能这样了。一夜情专用的旅馆，为的就是图个方便，快，他们也不指望多少回头客的。,0
13070,看了五颗星才买的，结果很失望，书中有一些语言不适合小孩子，象什么“滚开”之类，小孩子很容易模仿，建议大家看好再决定，我个人意见不好。,0
13071,再次抱歉，我的意思是的第一条评论有错别字，晕,2
13072,e398视频不能放，售后说是软件版本的事，已有好多用户放映了,0
13073,蒙牛吃傻你啊~ make ???.. 蛋挞做不做？..??? =吃货们继续收福利啦！,0
13074,性价比很高，配置还算可以，没有太高要求的普通家用够了，办公用不错，样子长的很好看，简洁大方,2
13075,蒙牛是有多黑心。。。蒙牛又沦陷了,0
13076,印刷质量极差 缺页 重复页 活像盗版书,0
13077,鼠标太难用了，华硕这点不厚道。笔记本包比较粗糙。因该加个蓝牙哦,0
13078,蒙牛，不要买了,0
13079,样式很喜欢，比我以前那个a8漂亮多了，哎字数字数字数字数字数,2
13080,有些大男子主义，看起来，心里很不舒服，人应该是独立的，为了维持婚姻关系，而总是以对方为中心的生活，早晚会迷失了自我。,0
13081,这本书也是被铺天盖地的评论所诱惑而买的（太跟风了，这个毛病不好），读的时候，脑中老是浮现这是张爱玲的自传性质的小说，所以把书中每个人物去对号入座，满足了窥私欲，对文章的语言等本应该注意的东西倒没有欣赏，这样的读书心态很不好很不好！！！总的来说，这还是一本很好的小说“这是一个热情的故事，我想表达出爱情的万转千回，完全幻灭了之后还有点什么东西在。”,2
13082,内存是2条，若升级，必须废除至少一条，有点浪费，该为用户着想一点。USB接口有点紧，内存藏盖板偏紧，硬压才能盖平。,0
13083,大家都喜欢吃随便，蒙牛公司怎么做的来……,2
13084,东西装修好了，也不知道好不好，可是售后太黑了！买了两个400多的配件费！都无语了！本来在网上买就是为了便宜。。。可现在。。。。哎！后悔！,0
13085,好。。。房间的梳子非常好，现在家里一直用。。下次还得入住，把免费的梳子拿回家。。哈哈哈哈哈。。。地理位置不好，很安静，还算比较好叫出租车，但是周边餐饮基本没有，在一楼餐厅吃了碗西红柿鸡蛋面。。。还不错。。,1
13086,电池待机时间没有说明书上写的那么长：我的手机二块电池一个是60小时，另一个是50小时。速度反应好慢的。,0
13087,抱着很大兴趣买的，买来粗粗一翻排版很不错，姐姐还说快看吧，如果好我也买一本。可是真的看了，实在不怎么样。就是中文里夹英文单词说话，才翻了2页实在不想勉强自己了。我想说的是，练习英文单词，靠这本书肯定没有效果，其它好的方法比这强多了。,0
13088,手机不带收音机，那娱乐个鸟。该有的功能没有，没用的功能它到上赶着网上添，商人脑子有问题，设计人员脑子也有问题。,0
13089,一般般而已没看出有什么哲理呀?失望ING...............,0
13090,160G的硬盘容量，实际查看分区只有140G多一点，打电话问华硕销售，解释说什么还有隐藏分区……搞不拎清~ 黑色的表面容易沾指纹,0
13091,就是霸王条款，送的200元东券要再消费5000元才能使用，感觉被套了。,0
13092,这本书是我买的最糟糕的书之一，我觉得它有以下几个问题：第一，图画太小而且图画布局拥挤，不适合我的幼儿园托班阶段的女儿看，甚至连我自己看都觉得不舒服。第二，有文化差异，书里面的人物场景和图画风格都是西方的，我觉得并不适合中国的孩子认知，因为他们很难将书里的物体与现实周围的物体对应。对幼小的孩子来说，可能无法理解一些西式幽默的内涵。第三，我觉得它缺少鲜明的主题，比如其中一本讲故事的书，明显是一些故事的简单集合，故事之间没有联系，故事的主题也没有分工（比如可以分工为大自然、爱、智慧、运动等等），所以看完之后，我想不起来看了什么。,0
13093,酒店房间没有桌子 第一次遇到 竟然还有蜘蛛 吓了我一跳房间设备比较老,0
13094,故事都太长了～～而且有的有点不可理解～～不太喜欢～～读了两本就读不下去了～,0
13095,"广大携程会员请注意:此酒店旁边在造地铁之类的施工,有噪音和灰尘.等完工还有一段日期.出门叫出租车也不方便.入住请考虑这些方面因素.客房里的茶叶不是免费的,是要收钱啦,也要注意.",0
13096,质量和服务都不错。我也是听朋友介绍来这里买东西的，总体感觉不错。这也是我第一次网上购物。我的第一次献给我京东。哈哈。,2
13097,我好喜欢这个广告。还有蒙牛那个广告我也好喜欢。 陈欧真是年轻帅气啊，这广告是自己想出来的吗？,2
13098," 智能手机，我以前也用过很多，从最开始的treo180到treo270,再到ET180，和现在的P505，也算是用了很多，早在去年看到P505的一些介绍之后，就一直很心痒，现在有幸得手，经过几天的试用，现在写一些心得，也给朋友们一个参考。",2
13099,"先生在8/29入住时,收银台人员竟然可以将入住刷卡时的预授权800元当做消费来给客人刷信用卡,还打算撕走一张凭证,当时没注意到,但幸好三张凭证都要回来了.9/5,发现问题后,先生给酒店的收银台打了电话,在现在9/7号,都没人回复.真是素质与服务都不是一般的差!幸好另外找了信用卡银行在跟进了,真不知这800元最后会怎么样呢.补充点评 2007年9月7日 ： 在离开酒店结帐时,又说原来预授权(实际是消费)的卡用不了,要提供另一张信用卡,先生也不知就里,就用了另一张卡结帐离开了,仔细想想,这会不会是个局啊?稍不小心,800元就不知贡献给谁了?",1
13100,孙瑞雪老师的书读过肯定不止一遍，王树作为孙瑞雪教育机构的讲师，我也听过很多次她的课。应该说这本书是她多年对儿童心理学研究的成果，而且语言也通俗易懂，很容易理解，同时具有可操作性。书中的其它家长的教子例子尤其对我有启发，可以说是一面镜子，通过其它家长的教子行为，让我看到自己的不足，还有许多方面需要改进呀。,2
13101,是一个入门的方法，作者通过一定的，特别是资金管理的方法强制自我操作纪律，从而克服人性的弱点，把交易进行，记住是长期进行下去，我认为是必要的，方法也是有效果的对于资金的管理。书中对一些买卖点没有说明的很系统，但是可以说是领大家入门而已，特别第一部分的内容是市场参与必须的基本知识。买卖的系统还要靠大家慢慢探索。提高进场的胜算几率。回到问题的实质提出资金的管理是重要的。,1
13102,对照上配置来说，很低价的一款笔记本。 放个通用键盘膜以后很合适，也不怕进灰尘。,2
13103,好朋友推荐的，本来是给了网上链接，但本人还是比较习惯传统的阅读模式。所以就买了很感人，尤其是看到，阮正东对佳期那么好，那么懂她，悄悄地帮她把家找回来的时候，哭得唏哩哗啦的……虽然，结局并不完美，但他们对待爱情的态度，那么全心全意地爱一个人，是对真爱最伟大的诠释。最近身边有很多朋友莫名其妙地分手，也让我不禁有几分迷惑。看过之后，坚定了对爱情的信心，决定要好好地去珍惜自己的身边的人。,1
13104,蒙牛纯牛奶加麦斯威尔咖啡。。。味道不错。,2
13105,本书另外的闪光点是在每个知识点后面还有相应的习题解析，并且针对知识点的不同设置了习题解析、错误提示、要点剖析等细节，图文并茂，是目前市场上一本不可多得的好参考书。,2
13106,江苏常州的用户，12月5日下的订单，12月12日尚未收到。,0
13107,桃红色的看起来好Cute，屏幕色彩绚丽细腻，拍照效果很棒.我买了之后很多人都夸,2
13108,个人觉得这本书是目前为止的《鲤》系列中最值得看到一本。每个人都有嫉妒之心，嫉妒别人有而自己没有的：亲情 爱情 友情。。书里的每一个字，好像都是在说自己，很贴切嫉妒是一湾黑色的水，大部分人都把水控制在可以容纳的范围你；而如果黑色的水一旦溢出，就会污染周围，并且将这个湾完全覆盖。毁灭了别人，也毁灭了自己。这也许就是过度的嫉妒所导致的必然结果吧。,2
13109,"1G内存慢了一点;反面感觉少一个螺丝,不知本身就没有的,vista不会用,明天就换成XP",2
13110,充不满电，（虚电）不知是电池质量不好，还是手机质量不好。电话薄无法分组，看起来很别扭，500条再大，实际意义也不大。这个价格，居然是4096色的显示屏幕！效果不好，怎么说也是上了千元的手机啊。南方高科令人失望。,0
13111,没我想像的那么好，还行吧，我儿子看着还行,0
13112,质量太差，我用了也就三个月屏幕就不显了，气死我了，被售货员害死了,0
13113,这是一本非常值得推荐的一本书，我读后收益颇多，并且已推荐给我的朋友，希望也能对别人有所帮助。生活在纷繁复杂的世界中，要做到不抱怨是何等的不容易，但是《不抱怨的世界》它运用简单的方法可以帮助你控制自己的语言，以至于将思想调整到正向，进而你将在无意识中改变自己的生命。让我们共同进入不抱怨的世界，那一定是个不一样的世界！,1
13114,当当送货速度奇慢无比，希望大家不要在这个网站购买！,0
13115,书还没有收到价格就变了，而且我发现在选书地方的价格和下定单上的价格不一样，有时选时价高，有时就会低。这次购书有些失望。我还没有看到书，所以就没有对书有什么评价。,0
13116,本人属于看到英语就头疼的，这本书也没能提起对英语的兴趣，大体看了几页就送同事了，放在同事的桌上也落了不少灰尘了！,0
13117, 蒙牛只祸害内地人的做事真缺德 转发微博,0
13118,能把英文写成这样子，也真难为作者了虽然有些搞笑，可惜不喜欢这种风格而且，中英混杂的读，是能记住一些词汇的，倒是把阅读能力搞坏了。,0
13119,货到手很慢  9号下的单付完款 16号下午才拿到货  EMS才三天  只能说货发的慢了还有就是降价真的太快了吧   哎，小郁闷,0
13120,"KTV在25楼,整个晚上房间都在震根本就休息不好,上网居然还要接电话线拨号.这个酒店实在太差了",0
13121,其实就是桐城的会所，位置在桐城的最里面，从北苑路走进去要将近十分钟，不好找，不好打车。这样的条件300多元太贵了。补充点评 2007年4月14日 ： 说明：不知道现在价格如何，我的客人是三月十一号入住的。,0
13122,"定位是网本, Linux系统是绝对够用了. 特别是Moblin的这个发布版本, 简直就是为这种只用来上网冲浪量身订造的. 界面设计, 还有功能键都十分方便贴心.",2
13123,内存小，才1G，不是独立显卡，无摄像头，硬盘不是320G。接口布局不是很方便，不过要像普普那么布置的话，估计散热不好。要追求独立显卡、摄像头的，又不是这个价格了。VISTA系统用着很不爽。,0
13124,与现实脱节，白领YY的产物，读起来像是一本流水帐，真不知道这本书是怎么火起来的。,0
13125,前期和周围用本的朋友了解了很多，最后买了G430M，总体很好，各项指标数据都合适，喜欢它的触摸式调音键，整个外形和做工比我想象中要好，在芯片快速更新的情况下，这款目前是最优选择。赞???,2
13126,【荐书】大概很多中学生乃至大学生、成人都会对我们所处的这个世界、这个宇宙充满了好奇的吧。那么这本书就是您不错的选择。立足于高中的基础知识，深入浅出，让您在满足好奇感的同时却不会觉得很多知识自己不了解的自卑感与烦躁感。同时，又让我们能够扩大知识面，于是在朋友面前又多了一个话题——让你不至于在提及这一类问题时成为局外人。,2
13127,我看这本书的时候就是本着买一本励志书的想法买的。因为我那段时间一直提不起任何兴致做任何事情，很颓废，觉得生活的目标很不明确，很迷茫，作为一个毕业不久的大学生，没有实践经验，学校学的东西又不能用上多少，除了年轻没有什么优势。然而在我们单位，年轻说明你没有经验，工程专业经验很重要。看了这本书后我淡定了好多，虽然仍迷茫，不过已经知道该如何养精蓄锐，等待机会了,2
13128,终于发现挑剔有挑剔的好！当年就觉得蒙牛的牛奶喝上去有股味道十分排斥，从来不买蒙牛的（除了特仑苏啊啊啊！），不然像我这么爱喝牛奶的人可怎么办诶！另：公关什么的倒还是其次，产品上下功夫才是王道！不过看这副滕头水估计是不行了,0
13129,房间比中州皇冠之类的大多了，服务也还可以；早餐太次，品种太少。此外，房间装修在细节性方面有待改进，尤其是门框等木质装饰，实在不像5星级别。,2
13130,磨砂外壳最实用，比SL的钢琴烤漆朴素多了，而且不会有脏脏的手印，总之外形是我非常满意的。独显DVD刻录250G硬盘也都是我满意的配置。,2
13131,说实在的我很失望，之前看了其他人的点评后觉得还可以才去的，结果让我们大跌眼镜。我想这家酒店以后无论如何我都不会再去了。,0
13132,喇叭没低音刺耳，电源线接变压器部分只能插进2/3，不知其他人会不会。不影响使用,0
13133,哎，蒙牛伊利坚决不喝好久了，继续坚持 牛逼,0
13134,1.性价比较高；2.散热不错；3.噪音还行；4.触摸多媒体键时尚，但没有旋钮式的好用；5.本本做工不错，外观还行。,1
13135,内容比较空洞，况且这只能是娱乐，不能在英语方面帮助我们.,0
13136,可能是我太霉，新本本竟然原装系统就有问题，无法启动，好在客服服务很好，当天就给我快递来原装恢复盘，现在已经正常使用了，希望以后不要再出现这种问题,0
13137,短信息容量小，只有15条，平常不得不删除一些有用的短信息！不支持短信群发功能！内置游戏没有意思！没有最常用的GPRS功能！没有JAVA或数据传真功能，无法下载和传输任何音乐和游戏！,0
13138,每个孩子，单纯，如精灵。《绝对小孩》，呵呵，热爱的一本书。也许是和年龄有关，现在看到这样的一些文字与画面，会轻松，愉悦。会让自己的心突然回到小时候，那个场景当中。那些人，那些事，悄然浮现。这是一种很奇妙的感觉。也许。童真的乐趣未必定要和年龄有关。但，作为我们自己来说，保持乐观的态度面对一切。倒是难得的。我想。只要我们愿意。在任何时候，都可以只做孩子。,1
13139,"很多啊,比如MP3截取做铃声,省了下载的钱.配件全啊.价格便宜.输入法好用,发短信快.照相模式很多,可以照任何场景的照片.照片质量清晰.来电设置还有电话簿功能很人性化.非常精彩!!!",2
13140,蒙牛伊利的耻辱。 国内食品行业的耻辱。,0
13141,这点是这机器的最弱之处，就是广大网友反应的安装XP系统非常困难，我也是试了很多XP系统盘，但是都以失败告终，郁闷啊，HP的好多机器都是个样子，看样子只能装个vITSA了，毕竟VISTA是大趋势啊，,1
13142,书是好书，但就是封面不太温文尔雅，让人觉得很惊悚，恐怕晚上放在枕边会梦魇。而且最糟糕的是季老写的序，纯是在瞎掰、凑字数，没话找话说。哎，名人就是有胡说胡些的资本。高中时看过蒙田的精选篇，那时太小，完全不懂。现在却当宝贝一样，爱不释卷，时间真是奇妙的武器，人长大有了些许阅历后，开始不断地追求内心的自由，开始寻找本心，开始懂得生活的智慧...因此也开始把蒙田随笔当宝贝了。,1
13143,這是一個偉大的人，絕對可以用這個詞來形容他：葛瑞格.摩頓森我覺得他完全有資格得諾貝爾和平獎。平凡的他卻做著不平凡的事，且十年如一日的堅持，很難不被他的這種執著打動。他讓我們知道了人性的另一個閃光點！敬上第一杯茶，你是一個陌生人；再奉第二杯，你是我們的朋友；第三杯茶，你是我的家人，我將用生命來保護你。在這個另人感動的友情世界里，陣陣茶香撲面而來，清香襲人,2
13144,服务还不错，但是客房装修过于陈旧，隔音效果确实不好。另外想要对客房部替个意见，你们能不能在客人没有要求清理的情况下，于顾客离店后在进行清理客房呢？最后说一句“真的不要对早餐抱有太大的希望！”,1
13145,又喝到燕麦黄桃味的酸奶 真挺好喝的燕麦咯吱咯吱的 可惜是蒙牛的 不能买来喝多了,0
13146,若能在孕期就看到这本书该多好呀！当然现在还不晚，只要能看到这本书的年轻父母们对很好的教育孩子来说，都不晚。本书不但说了如何教育孩子学习，更重要的是教孩子如何做人做事！怎样玩好，和谁玩好，都做了很好的例子。全面发展的孩子才更优秀！美中不足的是我又开始怀疑这本书是否是正版的？若是正版的，那出版商的校稿团队也太差劲了些，不但错字常出，连排行都能出错！真是有愧“（珍藏本）”的说法！！,1
13147,真不知道受众是针对怎样的人群。这种文笔与内容具空洞无聊的小说究竟是满足了500强圈子外仰望小职员的YY癖还是蒙骗从未踏入社会搞不清状况的职场新鲜人才得以如此大受欢迎？看了几十页实在翻不下去，充满矫揉造作气息的情节设置与对话，看久了会变白痴的一本书。拿电视剧做比方的话也就曹颖版的《律政俏佳人》可与之比肩了八~ I feel sooooo sick.....,0
13148,简直就是垃圾我用了不到一年毛病一大堆.我现在都准备去换一台了!真是气人啊,0
13149,我住的行政房是全新的，有五星级标准*v*。只可惜楼顶的中餐厅在停业装修，我挺喜欢这个餐厅的，正宗广东菜，希望下次来时复业了。似乎酒店花了很多精力在装修更新。,2
13150," 我和同事都定了一晚""雾都宾馆"",8月1日下午6点入主,8月2日外出11点回房已不能用房卡开门,要服务员开门就先要查看我们的身份证件,我表示我入主时已提交证件,现在我有房卡不能进门,是宾馆服务有问题,凭什么查我的身份再开门.大堂经理先狡辩说是没有电池了,我是我们两个房间房卡同时没电的可能性不大,进而又说是奥运期间的保卫需要,我说我们合法入主,按时结帐没有任何违法行为,再讲违法有国家公安部门,那么凭什么限制我在有效入住时间内自由出入.希望携程给我满意的答复,该宾馆态度,服务很成问题!",0
13151,N280性能比N270有微弱提升；Wifi网卡支持802.11N，300M带宽可以共享看其他机器里面的720P片子不卡；实际应用电池虽然不能到9.5小时，但是足够一整天的日常使用了；92%键盘舒服。,1
13152,"N280明显比N270速度要快,播放720P的电影也不卡,CPU占用率在50-60%左右,模具做工比较精致,烤漆虽然容易收集指纹,但质感确实比一般的朔料要好的多.电池确实比较强,不开无线网卡,蓝牙和扬声器,看PDF文档,亮度调4格,可以用8小时左右.键盘表面的发热量相当小,",1
13153,拿到书就超级喜欢外包装，一切都是淡淡的，淡淡的绿色，薄薄的包装，放在包里不占地方，拿在手里不觉得重。看了开始的部分，觉得女孩的生活波澜不惊，一切都是淡淡的，那么的贴近生活，那么清新自然。看完全部内容，更是喜欢。喜欢那种真实感，喜欢那种不做作。生活不就是如此吗？最终，一切都会归于平淡。这本书最终被我捐给了无锡一个书吧，让更多的人来阅读这本书，感受那种清醒吧。,2
13154,信号、质量不过硬。,0
13155,蒙牛纯牛奶。。的包装～～～～好漂亮。。。不知道味道有没有变。....刚刚搞到我以为是芦荟味道的。。,2
13156,作为香格里拉的金环行政级会员， 每次入住香格里拉都有回家的感觉，但是中山香格里拉出现的一连串低级服务给我留下的及其恶劣的印象：1、订了到珠海机场接机服务，到达了机场出口没有看到接机人（第一次遇到这种情况），打电话到酒店催问，20分钟后车才到。2、订了豪华阁，在西楼16层豪华阁行政酒廊办理入住，却把房间安排在东楼的6楼，之间要走10多分钟。 入住豪华阁就是要使用酒廊方便，为什么安排到很远的楼层，而且并没有征求我的意见。而且入住手续是所有香格里拉酒店耗时最长的一次（当时就是我一个人办理手续，应该有20分钟）。 房间也是老旧，烟味浓重。 对我说是升级到套房，但是如果事先说明，我绝对不会接受。而且订的另外一间豪华阁没有升级的也是安排到东楼六楼了，到底是为了什么？3、早餐在中餐厅有88元的双人套餐。我先到叫了几个点心，并且嘱咐服务员，等会我的客人到了将按照套餐单再点几个点心，这样就应该按照88元的套餐结帐。结果我的客人到了，服务员却又递给他一张零点的菜单，另外点的几个点心另外结帐。结果结帐付了150元。这点小钱也要赚？香格里拉堕落了！4、退房时要求开发票，事先不说明，就给两种发票：一种是手开的，一种是定额撕票。为什么不事先向客人说明一下再动手呢？一路不顺利！ 一向美好的香格里拉，在中山怎么堕落到这么差的地步了呢？严重不爽！,1
13157,外观设计时尚，键盘手感良好；屏幕效果很好，色彩饱满鲜艳；铃声效果不错；自带闪光灯，拍摄功能强大；功能齐全丰富；电池待机时间长；内存容量较大。,2
13158,"携程这次不错，订的行政房给我免费升级到了8号楼的山景房。对于酒店，总结一下：超5星的环境4星的房间3星的设施和服务酒店分栋依山而建，酒店里有专门的散步路线图，要把整个酒店的山景从容走完至少1小时，期间山水桥路，鸟叫虫鸣，空气清新，心旷神怡！8号楼是酒店最好的一栋楼了（价格最贵），进入房间，房间宽大，落地窗外就是山景翠色。但其大床一看就知不会很舒服，床很低，床垫质量不好，床上用品虽然干净但明显成色已经旧了灰扑扑的颜色，摸上去硬邦邦的，家具电器以及卫生间用品都很一般。68一位早餐品种还是比较丰富，吃饱没问题，精致美味就谈不上了。各处的服务员态度还是很好但服务意识和服务质量应提高，酒店有宽阔的停车场，不过无论住店客人均收费。宾馆反馈 2008年7月10日 ： 您好!感谢您对红珠山宾馆提出的宝贵意见,我宾馆现已经将布草全部更换,您的意见我们已经交给相关部门进行处理,我们诚恳地期待您的下次光临!",1
13159,可能才2岁，还不喜欢看。一点都不喜欢,0
13160,不知道‘秘密’的作者有没有采访过本书的作者，从时间来看本书作者应该是更早了解了宇宙的秘密：‘万物皆为一物。当你想要某种东西时，整个宇宙会合力助你实现愿望。’初读会以为是一本像‘壹千零一夜’的某个神话寻宝故事，其实书中的故事寓意深刻，非常耐人寻味，对于想了解人生意义和追求自由快乐人生的读者，本书不会让你失望。读罢本书，我有一个冲动，很想立刻去做我想了两年也没做的事。,2
13161,酒店房间太脏了，我刷牙的时候差点没吐了，，他们的水龙头上都是污垢，浴缸里有的地方都生锈了，唉，我睡觉的时候看到他们的被罩没有套紧，里面的东西都露出来了。地毯也不清洁，屋子里有股味道。,0
13162,我11月21日订的书，连同这本一共定了9本书，到今天为止11天了还没收到货！中途打电话到客服去问，令人恶心得客服卷着舌头以为很好听的“京腔”：“那我也没办法”，都没说跟我查一下，这服务，你早晚要亡！当当：你的客户会越来越少！你等着瞧吧！你接着忽悠吧你！,0
13163,这是一本捡别人漏沟水的书，非常后悔买了这么一本毫无看头的书，请大家别再上当了！！！！,0
13164,新机死机白屏经销商不给退换公司不给答复,0
13165,书的内容刚看好象还挺好看，但看下去发现基本全本书都是说同一个道理，反复地说,1
13166,圆明园最初的样子还有人记得 还有人去寻找吗 我并不热爱已成万园之园的她 也不赞叹于万顷千亩的她 只是恋上了还是亲王别院的她喜欢胤禛 这样的喜欢了圆明园算不算是爱屋及乌呢书不错 图片清晰 文字明了可信 还看到了几处庭院的汤样不知道当年赫赫的雷氏家族现在已流落在时间的哪个角落 和他们的图纸、汤样散落了多远突然想到 是否他们也像是一个无助的孩子在委屈的寻找被打散的玩具 倔强的抱在怀里呢,2
13167,价格便宜4699，配置高，2.16的cpu，2g内存，1g显存，比较无敌，个大，屏幕大，造型稳重，还带摄像头，同等价位配置无敌，同等配置，价格无敌,2
13168,房间真是好小，而且有股霉味，床单没洗干净，有不明的污渍，打到客房部要求换没人接电话，只能打到前台，送来条床单，我要求铺上，服务员说自己是前台的不负责铺床，客房部的人下班了，我只能自己铺。看上面几位评价数字电视比较吸引人，我觉得真是没什么可看的，存储的电影少得可怜，连续剧根本打不开。下次不会去住了。,0
13169,在课堂上，孩子们伴着悠扬的音乐，流着感动的泪水，听我朗读，我们一起踏上爱德华的奇妙之旅。一只搪瓷兔子，在被不断“丢失”的旅途中颠沛流离，历尽千辛万苦，从失宠到再次获得爱并学会爱人。爱德华一路上的见闻令我们惊愕不已，感动不已——即使是一颗极易破碎的心也可以失去爱、学会爱而重新得到爱。怀着一颗尊重、关爱别人的心，对爱我们的人，陪伴我们童年时光的每一件心爱的玩具……“如果没有爱，一个故事怎么会有幸福的结局？”,2
13170,小巫的书读了觉得很贴近生活，理论和实践结合，很容易悟到教育孩子的真谛。让人看了很感慨，觉得中国的教育体制使得我们这些父母都不知道如何去了解孩子，如何去更好的帮助孩子成长。惯性思维是我们在教育孩子时遇到的最大问题，这个问题不但使我们不能更好的帮助孩子成长，还成为他们成长道路上的最大障碍，真是汗颜哪！谢谢小巫给了我们重新审视自己的机会。,1
13171,我的几个同事在用南方高科的机子，反应还行，我就选这部，感觉不错，双屏机子，1500买的，不算贵，功能方面，最喜欢这个机子的日历，带阴历的，要查什么日子很方便，这机子配有摄像头的，本来没什么用，最近宝宝降生，给他人生第一张照片就是用这机子照的，我要永久收藏，一来电话，那小家伙眼睛就会找声音，这机子说明书上说是40和弦的，很好听,2
13172,我刚开始以为是真的，因为当时我失恋导致脑残。异地恋的思念会毒死一个人的热爱。我知道。我知道放弃。知道一些不得已。没有景致没有文采没有著作的痕迹没有大师的精美。有的只是心情。纯粹的记录 。这种记录难免空洞，虚构也显得薄弱。但对异地恋失败的人，是一杯温水，可以灌溉貌似枯死的爱的能力。该小说的确没有艺术可言，对于追求精致阅读的人，看网络版足够了。,1
13173,以前在《女人我最大》节目中最爱看KEVIN老师参予的节目，每次看他对彩妆的讲解，自己总有收获。而且听他对彩妆的介绍，总是浅显易懂，而他给人的感觉是那么热心地要把自己所知道的护肤和彩妆的知识毫不吝啬地教给大家。昨天一拿到书我就迫不及待地开始了新一轮的学习，呵呵又收获了一些护肤的小知识。而且我非常喜欢整本书的编排，当然要是KEVIN老师再出一个DVD特辑跟书一起卖就更好了。,2
13174,"起初买了九型人格看到大家推荐这本书,抱着好奇买来看看!这本书是以小说的形式来提现心灵修行的,从故事开始就把人们内心脆弱的一面展现给读者让我们都在想自己身上的一些表现随后又从小说里主人公在生活,工作,感情等方面深入浅出的方式让读者们自己去认知.恩,读过以后我又去把书中提到一些书也买了下来现在正在看,在合上这本书的时候让人很回味,确实有收获不易言表,我推荐大家也来看看,更适合女性朋友! ^_^",2
13175,机器不错。。。比想象中的，好，本来以为没有鼠标，没想到还带个，很好很强大,2
13176,蒙牛新出的香蕉有机奶很好喝啊～,2
13177,蒙牛现在越来越剽悍了，我实在是想不出来自己哪一年过过2月30号。现在，连这样简单的东西都不愿意敷衍顾客了？虽然说“一次不忠，百次不用”这样的做法太过极端，但是，蒙牛也太过份了吧。我勒个去，以后都不敢喝牛奶了。,1
13178,话说历届标王中秦池、爱多已倒闭，步步高垂危，蒙牛拼爹应对品牌危机，标王还是彪王呃?,0
13179,经典的HP外观，比较好看，配置在这个价位也是相当不错了，45NM的CPU加独显,2
13180,模具不精细，放硬盘位置的塑料盖一直嘎吱嘎吱响。刚好那里又是个垫脚。非常不爽。自己往里面垫了个纸片才搞定。,0
13181,小熊宝宝我觉得孩子不喜欢，能换别的吗,0
13182,明明缺货却不显示，没货了也不通知一声，收货时才知道没有这个！当当就喜欢骗人！,0
13183,书买了很长时间，但是一直都没有读过，偶尔读一段发现根本没有读下去的毅力，可能是我对明史还是有一定的理解，我无法认同作者运用网络化、通俗化的语言来对明史的解读。尤其是今天早晨看到CCTV对当年明月的专访。我想主持人对此也存保留意见。,1
13184,性能　不错哈，回来就分区了，分了5个区，慢慢享用啦，，白色再配个绿色的内胆包，酷死了，总体来说不错哈，电池时间超长，我最喜欢,2
13185,书里面的文字都是现世最流行最有名的词句；画都是现存的传世珍宝。合在一起使得整本书格调和档次都不言而喻了。而且书的制作也算是精良。喜欢诗词歌赋的都可以收藏下。最主要的是价格也很讨巧，在我看来真的是物有所值。至于内容方面，词句不用多说了，都是流传下来的经典名句，跟名著没区别。本人文学造诣有限，不好对出书人的注释乱作评价。只能说物有所值是对这本书最恰当的评价了。,2
13186,性价比超高，帮朋友买的，最重要是看重它7个多小时的续航能力，超值，超棒！,2
13187,价格便宜，质量很好，屏幕很好，够我用了。买东西还是别追求高配置，这个本子用起来很不错,2
13188,京东的客服专业知识有待提高的。笔记本的配置说不清楚，一会儿说有HDMI，一会说没有。送的原装包很垃圾，只能是一般的电脑包，请不要说是原装包，误导消费者，我们这里麦德龙都卖3699了。价格可以再便宜点。,0
13189,以为这一本都是色戒的详细描述，没有想到大部分是张的其他小说，很失望，因为之前张的大部分作品自己都看过了。,0
13190,价格太优惠了，其他品牌上网本同样配置，同样外观，就是价格不一样，这个居然了比其他品牌便宜了1000-1500元，太超值了。就是山寨本的价格，品牌机的质量。,2
13191,说送礼卷也不送！我在也不来当当买东西了,0
13192,屏幕显示字体过小，看起来费眼睛！拍摄的照片不能做为彩信发送，只能设置为壁纸！视频更无法当彩信发送！可以录制半分钟声音，但无法通话时录音！选择图片和预览彩信速度慢！无法区分彩信和短信提示音，只能一并设置！缺少日程安排！没有关机闹钟！输入短信时没有“清除”功能，输错一个字母或笔划，前面已经输好的字母或笔划只好作费！痛苦不堪！和三星的同门机型比较，外观不够新颖；单色外屏的材质和字形让外人感觉拿着一款低端机！,1
13193,唯有不买蒙牛以表敬意乳业第一打假人遇害，悲愤@王小山,0
13194,最喜欢里面兔子招惹外星人 还有兔子摞起来和貌似一武侠比武的那篇 太有意思了 我把它拿给室友看 她居然说画这本书的人思想有问题 不禁让我想起前几天在手机报中看到的 关于心理抑郁症的说法：如果看完《找死的兔子》笑的前仰后合说明我们的心理是健康的 我很同意 哈哈 因为我的确看得很过瘾 很开心！佩服作者的奇思妙想...衷心希望心情总是不好的人们能够笑对人生 其实真没什么过不去的坎儿~,2
13195,“生活中肯定还有比睡觉更好玩的事情！”大小卡梅拉们一直都抱有这样的信念。他们执著地追求那些种群中认为不可想象的事情。去看大海、去摘星星、去追回逃逸的太阳……一路上处处坎坷、历经艰难，但总是逢凶化吉、化险为夷。最后还能收获超乎想象的回报和异乎寻常的果实。我们可以把卡梅拉当作一种象征，一种成长路上必不可少的“伴侣”。读不一样的卡梅拉，成就与众不同的你！——儿童阅读推广人,1
13196,非常不错啊 美的的东西质量一直都很好 还有全国联保 售后非常快 打了电话 第二天就来安装了 客服大浪非常热情啊,2
13197,我喜欢它的造型，手感也不错，还有闹钟设置。。。,2
13198,配置还可以，性能算是稳定。游戏没问题，运行很安静，但是散热不好。质量还不知道好不好，因为没用多长时间，路遥知马力，呵呵！！！！,1
13199,The position of this hotel is very bad.补充点评 2008年4月6日 ： 1。没有暖气2。有人评论“房间有窗打不开，窗户有玻璃不透明，房间显得非常闷”，试过打开窗户，看到很多坟墓,0
13200,相比1000H，电池不突出。 待机时间更长。 上网本的基本功能都有了。,2
13201,"提醒大家每年10月份最好不要去香港,比平时贵太多拉!",2
13202,这是第二本，说实话，第1本看得挺勉强，第二本稍微好一点了。但是，对这本书，想了解明朝历史的，这本书不是一本能让你得到历史的书。应该更多的，以小说的形式看待。作者没有把一条历史的主线鲜明地表现，但是，也许，依托历史本身，就是个吸引人的地方。比第一本稍好一些，希望再下去，能更让人动心一些。这书，就像看连续剧，不能说很好，但看上了，也就愿意往下继续了。仅此而已。,1
13203,商品本身没什么问题，不过京东商城的配送服务要提高质量了，原本用EMS的，商城疏忽给我改成快递了。好在交易结束后退还了邮费。,0
13204,说实话，不一样的卡梅拉我和女儿都不喜欢，后悔了，5555555,0
13205,写的一般吧，并不像推荐的那样好，如果实在书店可以先翻看一些的话，我想是不会去买的。,0
13206, 所以蒙牛的奶，要多给点信心要多喝！,2
13207,我的398接电话时声音特别小，有时简直听不见，你们的怎么样是我的机器不好还是都这样，知道的请回个话。谢谢,0
13208,我共买了7本，大多书的纸质很差，很轻，像盗版，希望管理员能标明纸的质量，如果下次再发现这个问题退货。。,0
13209,酒店外观环境还好！进去后，一切都变得很杂！可能是娱乐场所太方便了，进进出出都是小姐与妈咪之类的（晚上七八点钟），后面的发廊液态夸张了点吧？绝对不能让太太们以为我们常住这种酒店！酒店中午和早上的时间环境还可以！酒店房间楼层还算可以吧？但是开着门打牌的房客使到整个走廊烟味很重！而且进出房间楼层的人也很多，感觉有点不很安全。,1
13210,"就是感觉有点厚实,哈,还有就是系统太烦人了,呵呵,重新分区还有一个扩展区没法用PQ分出来,现在还不知道怎么弄!郁闷!",0
13211,"1.待机时间太短，总要充电不烦啊2.反映慢，总要我等它3.输入法不好用,按键也不舒服4.这机子的屏是26W的吗？怎么感觉跟三星的6W5的差不多5.机子后盖做的有点糙，感觉",0
13212,"我在晚上6点30左右入住的,当时是一位男服务员为我登记,我问他可不可以作信用卡预授权，他说不可以但建议我可以用现金作为押金到退房时可以用信用卡消费．房间很大但很旧，电视机只能收到４个台的节目，在第三天我退房时要求用信用卡消费，当时一位女服务员说我之前是用现金作为押金是不可以再用信用卡消费的，还反问我说如果我要消费的话在入住时为什么不做预授权，当时我就把之前那位男服务员说的话跟他说一次后又反口说是因为现在机器坏了不能用，我跟她说我在３０分钟之前见到有一位客人才用信用卡消费过，为什么会这么快就坏了，她见我态度那么强硬就帮我用卡消费了，事实上证明了刷卡机并没有坏，当时因为我们赶着到机场坐飞机就没有再跟她理论了，但一直觉得心中有气．",1
13213,就是老了点，个别房间窗户小，隔音差，其他很好，毕竟是老牌三星级吗！,2
13214,但是，书比网上有删节，例如删掉网络版中轻寒轻轻吻了一下阿离等情节。不知编辑怎么想的，这有必要吗？,1
13215,1、房间里过于奢华的家具不实用，且没有家的温馨2、睡到凌晨发现有老鼠在放家里爬，打电话给前台要求换房，前台让我自己下楼换房卡，理由是服务员睡觉了3、调到价位低的房间后，第二天结账还要按照高价位结算，并且对房间发现老鼠一事没有意思的道歉4、over,0
13216,从携程网上看到大家对海景花园的服务评价很高.我们于7月下旬到青岛避暑，特意入住该店。入住5天感同身受，果然名不虚传。可以说在我们住过的宾馆里服务是一流的。有几处尤其让我很感动。比如，西餐厅主管王杰和服务员金玉盛听说我有胃病，除了在进餐时照顾我，还给我拿来一些生花生米，说每天吃几个可以保护胃黏膜。我爱吃青菜，每次都单独给我炒一小盘。我们到青岛的那天下着雨，客户关系主任直接送我们进房间，在房间里办了入住手续。他在登记时看到我脚面上贴着膏药，很快让楼层服务员给我送来几张云南白药膏。后来蓝吧服务员也注意到我走路一瘸一拐，又给了一盒膏药。我贴后基本痊愈。我有慢性咽炎，进了空调房就咳嗽。大堂服务员马上给我取来金嗓子喉宝，蓝吧服务员又拿来咳嗽糖浆。我服用后很快见效。楼层服务员总是在我们外出后收拾房间，每次回来房间总是整整齐齐的，晚上还送来牛奶。这可是我们在外旅行从没有接受过的待遇。我们走进酒店，见到的员工都微笑打招呼，让人感到很亲切。我还注意到，酒店提供的早餐食品，给房间送的水果和小礼品，质量都比较好。所有这一切都说明酒店总经理管理有方，把这么多的员工培养得如此之好，让他们树立顾客至上理念，提供人性化服务，殷勤，热情，细致，周到，这是很不容易的。其实，作为五星级酒店，该店硬件并不很理想。但是。他们超一流的服务的确吸引了顾客。我们明年避暑还是首选青岛，到青岛住店当然还是首选海景花园.,1
13217,轻便、小巧、做工优秀、运算速度较快，符合大品牌的形像，细节考虑十分周到。,2
13218,蒙牛喝多了。,0
13219,公平定律好像就是说什么时候都要做到公平，否则就要遭报应！但到最后也没弄明白什么是公平。书中讲了好多作者的亲身经历，感觉就是在写自己多么多么牛，没多大意思！,1
13220,宾馆内的环境不错，早上起来我都要逛一圈然后在去吃早饭，入住的人也很多，车场都停满了，服务也可以，总的来说不错，但是没有通过携程预订该酒店，在入住时即可享受该酒店提供的额外优惠，问总台小姐，人家说根本就没有这个，有疑问请自己去找携程问，汗！打携程的电话又总是打不通，只有算了！,1
13221,回复 我觉得似鸡蛋广告多D：认住呢只鸡，本质有保证！！！蒙牛NULL-1 请饮用蒙牛牌纯牛奶,0
13222,散热不足！！ 系统男装！不懂得建议买个装好了系统的！ 把ROOT HUB 卸载掉，再进BIOS，restore SET UP !就OK了，不然USB全部没用！,0
13223,不稳定：长时间通话后，不仅机子背后很热，而且再开机后，屏幕颜色开始失真；关机一段时间过后又恢复正常！内置无游戏。内置墙纸少，而且不好看；内置铃声也一样。下载的铃声无法做为短信铃声。数字键用得时间长了，明显感到不够灵敏，输起短信极不方便。,0
13224,除大堂像一个挂牌五星级酒店外，其他真的没找到可以达标的。设施陈旧，比如地毯差，而且脏！床和被子跟一般的小酒店差不多，卫生间也一般，总之在大堂感觉很好，到了房间就发现被大堂忽悠了！,0
13225,为喵不喝蒙牛，瞧不起中国企业么,0
13226,《菲菲生气了》告诉孩子，生气是一种很正常的情绪反应，常常是由于自己感到受到了冒犯才引起的。书里有一个很好的比喻来说明生气时的状态：里面好像有一个大火山要爆发。有一次，我快满四岁的女儿发脾气，我就跟她讲，我觉得你里面好像有一个大火山，让我感到很不舒服，我很想躲开你，离得远远的......她听了以后，沉思了一会儿，也许是想到了书中的有关情节，明白了什么，很快就平静下来了......,2
13227,可是买了之后真是有点后悔，我发短信很多的，可是这款手机短信接受比其他手机多了一个程序，简直就象乌龟爬一样。再看看大家的评论，我现在很担心我的手机什么时候就坏掉了。,0
13228,蒙牛真让人失望。,0
13229,容易粘灰   系统非常不好装   现在流行的带备份的系统盘无法直接进入引导安装 毕竟不是所有人对这种情况都轻车熟路,0
13230,"书的质量很差,味道也很大.看一会就眼睛疼",0
13231,无系统、无驱动光盘、官方网站无全驱动下载，而且部分硬件（显卡和声卡）为定制型号，不能安装公版驱动，安装特别麻烦，需要一定的电脑基础。,0
13232,蒙牛正在变得安全更好，中粮和欧洲最大乳企爱氏晨曦已入主蒙牛，奶源和品控会进一步加强，希望能恢复您对国产奶和蒙牛的信心。,2
13233,家里停了快一星期水，每天下班得从单位往回拎自来水，卫生间都发酵出松花蛋味儿了。终于深刻理解了蒙牛那句广告语的含义——只为点滴幸福,2
13234,为了达到那些令人羡慕的拥有， 而在区别彼此的不同，忘了做真正的自己，也许正是因为太多的惯性和常识才让自己更孤单，这套书很好，可惜一直都无法买全，它的另外几本至今也买不到：爱你本来的样子，你所需要的，你很特别……你是特别的，并不需要具有所谓的成就、才能、性格，而是，你本来就是特别的，在这个宇宙 我是独一不二，没人能取代，梦在手里，我可以。,2
13235,很多例如:经常在发送短信的过程中出现“搜索”的情况，结果就是所编辑的短信没有了，需要重新编辑，很郁闷！,0
13236,我喜欢喝，蒙牛酸牛奶，啊哈哈,2
13237,晕死，发表的评论竟然无法编辑？？？我想改几个错别字就不行吗？？？“于己，是一泄郁闷的痛苦”应该是“于己，是一泄郁闷的痛快”一字之差，意思大变！！！,2
13238,我对中医方面的书很感兴趣，看到这本书如此畅销，很多读者对它的评论也很好，就满心欢心的买了这本书。结果，非常的失望，十二分的失望。书中的观点缺乏科学根据就不说了，连自圆其说也不能。比喻新奇但无道理，每篇或每段提出一个观点之后，后面的东西却很多是与观点无关的，完全是乱七八糟，牛头不对马嘴。这样的书，居然有那么多人喜欢，除了一声长叹，别无选择。,1
13239,键盘左边真的很热。。。。 音箱因为在键盘下边，声音很小。。 LED屏幕好像有拖尾现象，不过静态图片很清晰 哦， 我一直没找到在哪个软件里面能设置指纹。,0
13240,书到之后，我先粗略看了大概，然后告诉读六年级的儿子，我没时间读，请他一天“帮我”读两三则。读后让他告诉我：这些孩子生活在什么样的地方，过着怎样的生活；再评论哪个孩子介绍得比较好，哪个孩子介绍得不够到位；最后让他说说，如果是他介绍，他会怎样介绍我们生活的地方，会告诉人们他的生活是怎样的......呵呵，还真达到了我的初衷——孩子“既......又......”，挺好的。,2
13241,我在3月24日订购了图书室内设计，可是你们给我寄来的却是景观设计。我与3月26日之后打了N个电话，要求退款，买次你们总是说可以，2个工作日给我办理，我等阿等啊，过了好几个2个工作日，盼星星，盼月亮，终于在4月1日，盼来了，可是是换，不是退。我于是又接着打电话，你们又说2个工作日，我又等了好几个2个工作日，依然没有消息，我只好投诉。很快接到一个电话，告诉我1个工作日给我确切时间退，说的真好啊。，没有一丝犹豫。可是这一个工作日又过去了，人呢，电话呢？你们逗我玩呢。就86.2元，至于让你们这样吗，不烦啊？,0
13242,"超无聊,棒子国的人写的无聊的书,看来跟风买畅销书十分不明智.",0
13243,明明买了6本书，只到了3本，也没有说是什么原因，以后怎么信的过？？？？？？？？？？？,0
13244,真不可思意，一周后再次入住该酒店还是给我上次入住的1017房（单人间），因房间靠近酒店内部的风道控制系统，噪声实在太大，第二天在强烈要求更换房间，酒店答应了我的要求，当晚才得以安睡。,0
13245,总体来说还可以，门口的车不是很多，但是金门路上车很多，游5等都可以直接到火车站，离寒山寺 留园 虎丘 定园都很近！,1
13246,模具感觉不好，顶盖软软的，真担心哪天压坏了，和商用机没法比,0
13247,第二次入住，感觉还行。但3个老外都反映床太硬。另外外面正在施工，机器声音很吵，在我们的要求下给换了房间。早餐和自助晚餐都一般。如果嫌5星酒店的价格太贵的话，可以考虑中油。,1
13248,套房面积挺大。最吃惊的是案头上放了文房四宝，差点动了留下到此一游的墨宝的念头，最后还是罢了。床很大，但被单不是太舒服。景观餐厅东西太贵，强烈不推荐。住房客人素质不高，感觉到了乡镇企业家聚会场。下次还是选择4星的吧。,1
13249,我的小2一般能用3到4天，最近休假在家，电话都坐机打了，只是发发信息，居然用了一周，感觉这机子好省电，我每天晚上会关机的，但是屏幕一直是最高亮度，键盘灯也开着，有时也会用振动的，但是我从不玩机子上的游戏，我用机方式基本没变过，比前也是折叠机，但是几乎2天一充，呵呵，现在感觉很方便,1
13250,"看看书的封面,就猜到儿子肯定喜欢,果然不出所料,书来的时候是婆婆收的,第二天要送儿子上学的时候才看到的,儿子就吵着要讲,我说要上学了,晚上再讲吧.到了晚上一讲就讲两遍,还要讲……，但是太迟了已经快十一点了，所以不能再讲了。前一段时间去池塘抓小蝌蚪,还叫我们养它,可是我们去越养越瘦,越养越少,他很喜欢那些小蝌蚪，我就是冲着那些密密麻麻的可爱的蝌蚪买的，就像我们在池塘看到的一样。",1
13251,一个人要出名也简单，但是君子爱财要取之有道，一本只有十万字的书要卖二十元。也太黑了点，再加上书很大，空页多，字不够还拿画来凑，这算是什么事？口口声声要学孔子，也是一个叶公好龙者。,1
13252,蒙牛换包装了 真郁闷 好丑,0
13253,这个宾馆太差了，我一辈子都不会再住了，电梯坏，设施陈旧，电视差，洗澡的液体质量差，和星级完全不符呀。,0
13254,对蒙牛彻底失望！,0
13255,因为有批露，他们都是些冒牌的医学家，让我感到很失望，本来想好好学点什么可以自己用，没有想到买完了却发现是假的，也不想退了，但想想还是希望那么无良的作者或是出版社少干点这些缺德事,1
13256,绝对是炒作，这本书无聊得很，浪费钱,0
13257,有点失望！ 一点也不好笑， 所谓的笑话，都是些低级的拼写错误而导致的。 虽然室折扣书，还是觉得有些不值。,0
13258,对于我来说，12月10日是我最难熬的一天。一个四星级的酒店在温度只有13度的夜晚竟然不开空调，而且还是酒店的规定（内部文件规定），真是闻所未闻。我不知道是因为没有客人所以不开空调，还是因为不开空调就没有了客人，希望酒店多多反省。我只想建议携程尽快将该酒店的协议废除，以免其他客人受苦，影响携程的信誉。冻了一夜的白金贵宾,0
13259,本本比我想象的要好，装的是win7，没有遇到暴风影音黑屏的现象。运行速度很快，散热也不错，第一次在网上买本本，到货也很快，感觉很满意。而且这个价格买这个配置，算是超值了。,2
13260,建议对心理学感兴趣的还是买专业的书看吧,0
13261,我家宝宝快两岁了，这套书对于她来说太简单了，没有吸引力，我是看了大家的评论才买的，不太理想。,0
13262,看了一段时间，翻了一些些。掌握一些相关的精髓，就是要积极地面对每一天，报怨是没有用的。反而伤人伤已。。。要改变这样一个不好的习惯，书中提到一个紫手环的做法，不错。其实有时候想的与做的不一样，若有一个外界的督促一下会更好一些。。这本书不是用来读的，是用来实践的，若培养一个成功的习惯，那不是以金钱能衡量的。。。,2
13263,终于等来了结束，一切的迷题也都解开了。无论是他，或是他？这篇是增加了许多玄幻在里面的。话说虐了这么久也该结束了，不然实在对不起观众。“知错能改，善莫大焉” 是这样的意思么？呼呼，就让一切重新开始，承着彼此心中的眷念去展开新的历程……从此，我的眼前只有你，你的背后总后我。,2
13264,一共买了全套，共六本，第一本就根本看不下去，很失望,0
13265,"简直太差了,劝大家千万别去上这个当！！！我住的是豪华标间5503和6603都住过，主要是为了能上网，奇了怪了，商务酒店上网还要10块钱/天，交了10块钱，那网速快得简直像拔号，太刺激了！房间里不是中央空调，挂了一个海尔的空调，一口凉气根本没作用，还不停的发出怪怪动静。洗手间是那种独立的淋浴房，可居然在两块玻璃中间没有一个隔的东西，一洗澡就水漫金山，整个卫生间地上到处是水（好像招待所都是这样的）。我发现手纸用完了，给客房中心找了N个电话让他们送，他们说很快就给送来，送了一晚上也没送来。他们好像从不给客人房卡外面的欢迎卡，只给一张IC卡，可能很多客人记不清自已的房间号，另外房间号排得也很弱智，有503房间，还有5503房间，导致我的房间每天都被别人用IC卡捅N次，不管你是早中晚还是你睡得迷迷糊糊。最可怕的是我离开前的那天晚上，有客人用IC卡捅我的门捅不开，就敲门，用脚踹。服务员在半夜三点钟的时候挨着门的开，居然打开了我的门，我大喝：干什么！才说了一句：对不起先生，打搅了！",0
13266,"先借用老徐在这本书封面上的话说:?读聪明女人的书是种享受,会心,不累...?看过第一部后,才想买的第二本,虽然是本小说,却凝聚了职场的风云冷暖,看过的关于职场的书很多,但却只有这两本印象深刻.感觉读过之后很过瘾,从人际关系到专业知识,统统恶补了一遍,最关键的是,它可以给城外的人窥探高墙里面的故事,并时刻准备跻身其中...",1
13267,没有太多的衍生，感觉一般，没什么特别的感觉,0
13268,"早上八点多到酒店,预先订了房的,却被告知十二点",0
13269,读过了，觉得很一般。但还没有一般到需要那么多人批评于丹的水平。哲学是“仁者见仁，智者见智”的学问，每个人都有自己的看法，所以有批评是正常的。于丹成名太快，国人有一种“气人有，笑人无”的劣习，所以有批评是正常的。古来知识分子讲究“安贫乐道，宠辱不惊，淡泊名志，宁静致远”，利用圣贤的学说布道可以，搞售书，谋利益可能就不太符合作学问人的价值观了，所以有批评也是正常的。不过，我能理解。,1
13270,不喝蒙牛,0
13271,安装费花了150、我不知道是贵还是不贵。反正我觉得是被人家骗了。还是建议以后去实体店买。,0
13272,总的来说很不错，环境很好，特别是早餐，很好，很有竞争力。我过年这几天综合比较几个四星级酒店的早餐，还是他家的最好。,2
13273,配置不错，性价比还可以，屏幕比我另一部Y430还好，尽管都是LED的,2
13274,"坚持一直看,开始学会察觉,现在的生活和感情非常好",2
13275,两只颜色分明的兔子用他们清澈的眼眸，告诉我们挚爱的情思，传递着他们内心最纯真的情感和愿望，无私的奉献，欢愉的玩耍，让成年人为他们的真诚情意感动，让无忧无虑本就幸福感很强的孩子的内心更加深了对爱的依恋。女儿替小黑兔所的一句话“唉，要是我能和小白兔永远在一起该多好啊！”，女儿的话让我明白了孩子对爱的渴望和依恋！爱可以让心灵温暖，可以让生命更加坚强和阳光！,2
13276,拆开里面包装的居然是PP袋，比一般的塑料袋感觉好了好多，这个价位能有触摸开关，16：9的LED屏，105 512M的显卡，我觉得真的好超值！ 系统也很好装，不像HP，这款BIOS里面有硬盘模式选项，改成IDE 就可以装了。驱动网上都有。,2
13277,我第一次用携程订房，在长安酒店住得很舒适，餐饮很令人满意。价格仅比前台价格低不多，不是太有竞争优势。,2
13278,"首先受到携程的误导,以为是四星级的酒店,没想到是四星级里面的无星级(或被他们自称的2星级)的客房,如果提前标明肯定不会预定这个房间.住进去之后发现先是枕套是发霉的,投诉后,服务员说不是发霉,只是没洗干净!!!!!!岂有此理!不过还是给换了.接着是毛巾叠起来在里面的一面居然有大块的黄斑?!恶心!第二天早上居然要收?",0
13279,我现在想想好心疼啊，跳跳龙的袋子，可口可乐的瓶子，蒙牛绿色心情雪糕的袋子，酸酸乳的盒子拿回家全让家人给我扔了，还有我05年买的那么多海报同求！海报啥的也可以，可以现金转，也可以换专辑或玉米基金,2
13280,很多!,2
13281,好几年前偶然读到落仔的《我只想做你们的百万富翁》，当时感动得眼泪哗啦啦地流，心里很欣赏这个女生，居然可以把这样的感情写得这么细腻这么温暖，于是，狠狠地喜欢上了落仔的文字。看到不朽里有曾经感动过我的文章，于是毫不犹豫地买下了。不失所望，还是很温暖。比落仔小6岁，我也是80后的女孩子，对她文章里所描述的情感和故事很是熟悉，很窝心。喜欢落仔，喜欢那种温暖。,2
13282,经典就是经典，相当不错，每天女儿都会拿出来看，也学会了许多生字，第一遍是我读给她听的，我当时很有感情的读给她，她现在又很有感情的念给我听！真希望所有孩子的科普类的书都能像这套书一样把知识讲得这么有趣，适合孩子的心理！超赞！！！,2
13283,".""数码单反摄影圣经""看完了,受益匪浅,希望作者写""圣经2""进一步把理论深化,把专家技法传授给百姓,让人们共享摄影之魅力.",2
13284,《不一样的卡梅拉》的确不一样！家里那么多图书，儿子偏偏对它情有独钟。没事就把它从书架上拿下来一个人静静地翻阅。要不就问我：“我是卡梅拉，妈妈你是谁？”让我和他一起扮演书中的故事，一遍又一遍的，不厌其烦。可见，这本书已深深地印刻在他幼小的心灵中了。这就是一本不一样的好书！,0
13285,刚尝了一下蒙牛家的这种奶也很好喝耶今天是和蒙牛奶干上了，买了一大包各种各样的哈哈,2
13286,呵呵，虽然表皮看上去不错很精致，但是我还是能看得出来是盗的。但是里面的内容真的不错，我妈爱看，我自己也学着找一些穴位。,1
13287,这是到目前为止我看过的穿越小说里最烂的，言情小说里极差的，宫廷故事里排倒数的两本书。完全是浪费银子~~~唉~~~~,0
13288,收到后，包装完好。笔记本封条完好。 性价比很高，DVD驱动盘包含VISTA所有必备的驱动，方便。,2
13289,1、这本书的印刷有问题，有几页的印花了，根本不能给小孩看，会伤小孩眼睛的2、内容也不怎么样，非常不好给小孩讲，思路很乱3、还有一本会读的单词书，非常不实用总之，这本书很不行，建议大家不要看推荐，多看评论，这才是真的,0
13290,拿着太厚重，一点不小巧.说话声音质量不好，按键也不好用，不能下载铃声，用来用去只是那几个，虽说铃声还算不错，但是总听也会腻,1
13291,容易粘指印，触摸板周围会发热，内存条是DDR2的，显卡是3400的，与京东所标的不符,0
13292,大俗即大雅！这是看郑振铎先生三部书后最由衷的感想，看过中国文学史，看过中国木刻画史略和这部中国俗文学史～～一直以来觉得史论述最难读，内容多，源流长，一般感著此类书者必为大学问家，语言表达上把咱普通人落下一段～～但是郑先生的书，虽是说史，读之却酣畅淋漓，丝毫不觉晦涩，以普通人最能接受之文字传达着中国古老的经典～～～推荐收藏！！！貌似有郑先生全集啊～～可惜银子不多啊～～～,1
13293,对这种丧尽天良的企业，比如六和，KFC，蒙牛等，不会又是一个道歉就能解决问题了吧？应该把其负责人绳之以法，对企业课以重罚。,0
13294,1、开机时读取SIM卡资料的时间还是比较长，整机运行速度不是很流畅特别是短信存储过多之后有明显的停顿感。2、和弦铃声不够大如果把阴凉调到最大则会出现破音。3、继承了OKWAP一些手机容易死机的传统，而且按键的反应也比较迟缓。,0
13295,大爱蒙牛酸酸乳！！！！特别喜欢原味儿的！每次喝了它我都觉得世界真美好！！以前是飞轮海代言的，我还能看到亚纶，结果现在变成了韩庚，郁闷！,2
13296,1. 价格便宜，比有些上网本贵不了多少； 2. 配置不错，T6400的CPU，250G硬盘，DVD刻录，摄像头；,2
13297,购物较方便，上外滩也近，但房间太小。没有早餐不方便，较为嘈杂，装修较老,1
13298,我用了三个月（可惜掉了），感觉还可以，声音比一般很好。,2
13299,"轻,速度还可以,电池续航能力强,正常使用8个小时没问题.键盘够大,大字的时候感觉不错,随机配的软件功能很好.各种功能都有.",2
13300,看到网上好评如潮，才去买的，书到了后感觉挺失望。没什么意思。2岁半的儿子也不太喜欢。,0
13301,肯定配不上4星级酒店的称号（携程注明可是4颗星）1.大堂太小气，跟汉庭客栈差不多。2.check in时间太长，永远只有一个接待，一边登记，一边肆无忌惮的接电话，手忙脚乱，才不理会有多少人在排队。3.客房的电话没有快捷键，用起来太麻烦，还得去找分机号。4.卫生间的淋浴不能调节方向，居然还正对着门。5.上次IT告知不能用VPN，有没有搞错，很多大公司要用VPN收邮件啊，要工作啊！6.本想预订回上海的火车票，被告知只能预定飞机票，不能订火车票，岂有此理！哪有四星级酒店不能预定火车票的，没辙，只有自己打的去趟火车站。,0
13302,从爱生忧患，从爱生怖畏；离爱无忧患，何处有怖畏？是故莫爱着，爱别离为苦。若无爱与憎，彼即无羁缚。,2
13303,我的手机是cectt590直板超薄的，液晶屏太差，看不清。不能上网发彩信，但在说明书上有此项功能，找销售又说此机型不能上网，电池只能用一天，真差,1
13304,机器总体来说非常快，SSD的速度简直是飞速。本来还想再加1G内存，现在看来完全无必要。装上xp，用office 2007，打开文件啥的，比我的T61速度还要快。,2
13305,说实话，我是看到这个标题决定买下它的！因为在大家眼里我是个不折不扣的“愤青”~到真正读的时候才知道，原来被社会主义化的愤青也有这样不平凡的青春岁月……从西德到东德再到苏联，最后定居中国~主人翁的大半生时间冲破了那道高耸的柏林墙，也冲破了心中对社会主义的认识跟理解~我想现在作者想起以前的“愤青”时光一定觉得很可笑~但正是这些最单纯的信仰成就了作者现在的美丽人生！,1
13306,这是一个闹中取静的酒店，环境幽雅，交通方便，房间设施处处体现了环保、简约的理念。整体来说，应该是麻雀虽小，五脏俱全！很喜欢！携程的价格给的很公道，个人认为物超所值！比我以往住过的价格高的酒店，更适合游者！如果下次去，还要住那里！补充点评 2008年7月25日 ： 我知道很多人一般都不相信文字的点评。不过没关系，我在我的空间一篇关于“苏州住宿样板”的文章中，上传了一张实地的照片。看看就知道，值不值得住这样的酒店了！地址是：,2
13307,第一次入住这里，觉得整体上像是住在花园里面。不过感觉苏州的整体风格也是如此。免费升级到了一个稍大的房间。很干净。260包括一个早餐的确是不贵。就是早餐的种类少了点，不过这个价位也就不挑什么了。觉得美中不足的就是宾馆居然没有免费的矿泉水送。。。补充点评 2008年8月3日 ： 在这里补充说明一下，260包括一份早餐是房费232+早餐28。提前5天不能取消订单不能修改订单才有232这个价位。现在好像Ctrip没有了。。。宾馆反馈 2008年8月6日 ： 感谢两位尊贵的客户给予我们的点评，我们会继续努力并按照您提出的意见积极改进。在此，提醒大家，我店参加携程提前5天预订，打9折的活动，截止日是2008年8月31日。我们真诚的欢迎您们的下次光临!,2
13308,在这个价位上基本没有什么硬伤 不过触摸板的按键太软了，没手感,0
13309,缺少随机的帮助文档，各个硬件接口只能靠猜的。机器里预装的软件比较杂乱无章，也没有找到解释的地方。,0
13310,拿到书就超级喜欢外包装，一切都是淡淡的，淡淡的绿色，薄薄的包装，放在包里不占地方，拿在手里不觉得重。看了开始的部分，觉得女孩的生活波澜不惊，一切都是淡淡的，那么的贴近生活，那么清新自然。看完全部内容，更是喜欢。喜欢那种真实感，喜欢那种不做作。生活不就是如此吗？最终，一切都会归于平淡。这本书最终被我捐给了无锡一个书吧，让更多的人来阅读这本书，感受那种清醒吧。,2
13311,设计漂亮，质量很好，配置很牛，电池显示设计很正点，不像别的厂家到15%就自动关机了。,2
13312,同等配置的本本中价位最低，运行速度不错，本本接口丰富。替代我的台式机是够了。,2
13313,摄像头不知道怎么用。系统里面没有太多的介绍。另，分区时候跑着跑着就死机了，不明原因，也不能重启。后来卸下电池再启动才成功。2G跑Vista怎么感觉好慢啊，有点反应不灵敏，点击后至少5秒才反映。都这样吗,0
13314,"大年初一入住的，是西楼的海景标房，酒店比较陈旧了，房间很小，奇怪的是不开空调都热得不行。西楼是一期，东楼是二期，但西楼更靠海。海景标房都是在楼的两面，所以看海景都需要侧头的，有点累哦。但到底是老五星了，服务效率很高，送什么都很快，酒店柜台的服务生都很殷勤和礼貌。我把携程的预订单带着为了可以看飞机时刻，结果在check in时忘柜台了，当晚打到柜台让留着会去拿，结果转身就忘了。四天后要飞的那天才想起，打到柜台居然还在，大概五分钟后就有小弟给我送来了，很开心。另有一点,我们在酒店的咖啡厅用过一顿早餐，小姐很可爱，但是苦心等待等来的黑椒牛肉却咸涩异常，不晓得是当地人口味如此还是我们的运气不好。",1
13315,1、自配2G内存，自己安，汗，拧不开螺丝啊 2、VISTA系统开机启动项太多，也不敢乱删，OFFEC只有60天，电脑上能用的瑞星，在笔记本里没法用 3、360软件每次开机都弹出来要允许才能使用，汗,0
13316,自己贱，蒙牛出那么多事了，你还敢买不是自己贱吗？我现在不喝也不会买蒙牛的东西了，对不良企业，不能惯着 可怕。。。。 谁喝谁倒霉。二三线小城的孩子净被坑了！ 今晚电视台曝光。蒙牛高钙奶，谁喝谁倒霉！,0
13317,"后悔买这本书,有些幼稚,没让我笑起来!",0
13318,散热口设计在左侧是个败笔  全速运算的时候热量惊人 音效被哈曼卡顿奥特蓝星等上品甩出了数个街区 显卡若为4500 屏幕改成LED将大大提升整体效果  钢琴面板是个指纹搜集器  忌讳者慎,0
13319,前前后后买齐了这套书，儿子喜欢！我也翻看过，觉得非常适合学龄孩子看。首先，书本不大恨适合携带，字体适中，行间距宽松，一点不费眼睛。如果外出玩或者上学作为课外读物都是个很不错的选择。其次，内容很丰富。每位科学家的介绍都是从孩童时代开始：成长的经历，经历的磨难，付出的努力，直至成功。另外，内有彩色插图，考虑到孩子的特点，避免了通篇文字枯燥的问题。其实，孩子喜爱看是最大的购买理由！,2
13320,已经贴完了，又给小区的妈妈买了一套。最值得推荐,2
13321,以前刚有了孩子看过一本卡尔威特的教育，感觉要比这本书好多了，我翻了个大概，就扔到一边去了。,0
13322,"也许是珠玉在前，我已买了另外一人写的**经络按摩，回头再来看此书觉得失望很大？越看越头晕，不知所云，废话太多。我相信作者是位优秀的医者但绝对不是一位合格的作者。 不过如果有时间,大家可以一手拿笔一手拿纸来摘选,也会有几点启发. 但是这本书实在是一本注水量及炒作程度巨强的书!",1
13323,电池较弱，特别是在MAFEE的运行下，看1280*720的电影竟然支持不了两小时,0
13324,"升级到4G内存,又把系统从初级版升级到旗舰版.现在系统跑的刷刷的",2
13325,"我觉得迪比特5688这款手机价钱又经济,外观又不会落伍,画面又清晰",2
13326,地处闹市但却非常的幽静，离衡山路很近，地铁也很方便，下次还住！,1
13327,今天到商店一看，说厂家搞活动，价格也确实挺低的，并且两电两冲，数据线光盘耳机都带,2
13328,使用N721个月整，好处就不说了，地球人都知道，认为需要改进的地方如下……1、屏幕和键盘容易进灰，虽然这是直板机的通病，但72似乎更明显一些，或者是因为72是我用的第一款直板机（以前都是翻盖的），所以感觉特别明显；2、自带闹钟功能太少，不支持多日闹钟，必须下载第三方软件，但是目前好像真的没有特别合适的闹钟，或多或少都存在缺陷；3、后滑盖容易松，一按上去还嘎吱嘎吱响，有些提心吊胆。。。4、摄像时，1个G的卡比较卡，虽然播放时不卡，但还是有点不爽。。。5、电池续航能力似乎弱了点，也就2到3天；6、短信提示不重复，就是说，如果来短信了，它只提示一次，我以前的波导V70是如果你没看，它就每隔2分钟提醒一次，这个功能N72没有，实在说不过去；7、背景灯的自动熄灭时间太长，还不能调整。。。8、键盘锁不尽如人意，也得通过第三方软件；9、通话声音比较小，用扬声器话质不好；10、原配的HS－31耳塞没法调整音量；11、每次把卡取出后，主题会自动变成自带默认主题，这个比较麻烦；12、后滑盖由于中间部位有突起，容易磨花（贴块透明胶或者小饰品可以解决）13、照相时从拍照到成像的时间长了点，慢了0.5秒多点吧，以前的LG8280时即时成像的；14、电话号码查看不方便，比如你的朋友“小王”几分钟前给你来过电话，现在你想通过通讯记录中的“已接电话”查询他的号码，就无法直接查询，必须是选择拨打，趁那1秒钟左右的时间记下号码，然后赶紧按掉，很麻烦；15、名片查询比较弱智，只能通过名字查询，竟然不能通过电话号码查询？！就想到这么多，其他的还有待补充，新手言论，纯属个人意见，并非恶意中伤，希望大家多担待。^_^,1
13329,读陶老就是读教育！他高举的：“生活即教育”使我倍受教育，让我感受到什么是教育，更让我的眼界一下开阔起来，让我把曾经的教育从书本，唯书本到生活处处是教育延伸！让我读到了他的胸怀，更让我心胸也一下开阔了起来。真是一本好书！,2
13330,"外表还算过得去，一出电梯就是一股浓重的发霉味；在房间时服务员不敲门不按门铃就进入我的房间，吓出一身冷汗；结账时居然不会刷卡，由于我的信用卡没有密码,居然连刷2次，刷了2倍房费；12点就没有热水，正月初8空调只能达到15度;这样的酒店早就应该降级！",0
13331,"MP3不错,我喜欢,价位还可以接受。",2
13332,怎么总觉得作者的书总是充满了悲情色彩的呢？我以为《迷魂记》就够灰的了，可这本居然还从头到尾都是压抑......每每以为有新人物要出场时却发现怎么又是已身亡的状态...但从气氛的营造上来说真的非常到位，心情一直徘徊在紧张害怕与同情之前游走可惜故事一副还有续集的样子，也没有提到结果，一些决定性人物个性摇摆不定......特别让人气愤的是对《迷魂记》中人物的后续提及得太少了！,1
13333,看到那么多热评才买的，同时一起买了《不生病的智慧》，后看的这个，觉得二本比起来，这本实在是不推荐。说的话都模棱两可、拐弯抹角的，一会感慨中医与西医，一会批判现在中医，一会说自己怎么怎么样，很不喜欢这种作者，没有大爱精神，只在乎展示自己，只想丢掉这本书！,0
13334,"昨天买了MO8,居然发短信发不出去，通话质量也很一般，搞不清啊",0
13335,看她的文章，是看得见人每一刻的思绪发酵的，里面的人或婉约、或自私、或高藐、或卑怯，个个不同，但走到短文的最后，总有给人觉得叹息又惊异的结局，这是人事无常，也是人生自造化么？看那古代女子的愚昧和计较，我叹息加悲哀；看那感情犹如落花春去，我感慨加欣慰；看那命运弄人的伤聚离合，我无奈加思忖，多样的感情，让我不能一时间看完这本书，一小篇一小篇地来看，总有心得。,1
13336,"不想看,不想看,买来无用也.刚看觉着有点意思,可是看多一次就感到内涵不深.不想看.",0
13337,1.铃声不支持下载和自编； 2.屏幕背景灯亮度不够； 3.内置游戏可玩性低；,0
13338,用了几天才来评价！东西超好用！物美价廉！大品牌就是好！送的礼品也收到了！很好谢谢！客服态度也很好,2
13339,贾平凹于传统的散文写作中，取了个大突破—凡对社会、人生的独特体察、个人内心情绪(爱与恨)，或偶尔感悟到的某些哲理等，都呈现文中。那份坦诚、不摆架子、不高调等性格，亦是他赢得读者的方法之一。在他文中，不难发现贾平凹的赤子之心，于现今复杂的社会里的确难寻。而且，贾平凹对美感的追求，于字里行间清晰易见。他不单只在乎自我领略，亦愿把这审美路径向读者介绍及实践。,2
13340,其实每对父母都不想离婚，谁愿意不开心不愉快，谁又愿意背负着沉重的责任！而每个失败婚姻的后面是内心的孤独，与无赖。我们要学会的是宽容，和忍耐。我也面临这样的困难，在诸多的伤害面前，我更学会了宽容、忍耐，这并不表示我妥协、懦弱，而是我知道在婚姻中自己需要什么。本书中的男主人公不就是这样成长的吗？他的责任、宽容与忍耐，让他有了美满的结局，虽然现实中并不都是这样令人满意。,2
13341,我们在天津玩三天，就这家酒店最差。首先管理混乱，到达酒店各种原因解释没有你想订的房间，入住房间通风极差，控制开关老化失灵，晚上睡觉想关灯只能拧灯泡，前台服务态度糟糕透了，一家严重影响天津形象的酒店。,0
13342,隔音太差，稍微大点声，三和板的传音效果较好。黄金周的价格是平时的一倍，明显有上当的感觉。特别是结帐时听到别人才260，我的居然是370！！！！！！！！！！！！,0
13343,"性能不错，驱动盘不支持xp，用驱动精灵加手动找的驱动，装的xp,挺费劲的，不过机器满快的，屏幕也大，玩游戏很爽。",2
13344,酒店地理位置方便，服务也不错，而且我们订的房间含接送车服务，很实惠。缺点是房间偏小，而且下面就是香港殡仪馆,2
13345,外观时尚，配置感觉比较高.但无调制解调器，虽然用的机会不多，但是偶尔需要传真时很好用。虽然是LED背光屏，但看不出色彩有比较好。提货处的工作人员中，居然没有技术人员，自己拆机验机没人过问，问个简单的问题也没人可以回答 。,1
13346,很遗憾，昨天送来的这本书被我退回，原因是这本书我接收的时候发现书从中间折断，我订了三本书，这本书夹在中间却破损严重，显然是邮寄前就已经损坏。,0
13347,看到网上好评如潮，才去买的，书到了后感觉挺失望。没什么意思。2岁半的儿子也不太喜欢。,0
13348,一边说蒙牛不好一边又不断的买他们产品，蒙牛在乎你的说法才怪。PS.我早都开始抵制蒙牛了。 这事出在蒙牛身上也不稀奇,0
13349,"爱德华的礼物看过后，真的觉得受益匪浅,原来在生活中、工作中遇到的人与事，是可以用那么有意思的语言来说明，并且总结出观点、看法、还可以用各种不同的方式去运用。对个人在以后的职来生涯中可以用到那些看似在生活中微不足道的事情，却影响事业发展的工作方式与方法得运用，使其达到那样完美的职场天地.非常棒的书,一本?一语惊醒梦中人?的好书.",2
13350,书是很好的，但是当当网怎么搞的，一直很信任你们，这次把很旧的一本书给送过来，你们不会觉得不好意思吗？,1
13351,里面的内容都是作为家长在教育孩子的过程中都要要经历的，可看性很强。很有道理，现在我按照里面讲的模仿了些，结果孩子喜欢。特别是阅读这方面，我孩子本来就喜欢听我讲故事，阅读基础是有的。现在增加了点字读书，几天功夫，她也喜欢上点字读书。我不点牢读故事书，她还会觉得奇怪。呵呵！非常实用有值得每个妈妈思考的好书、,2
13352,基本应有的都有,2
13353,总的来说，印象很好，房间干净整洁时尚，网络速度很快。对有些要求较高的客户，需要注意的是：洗浴用的花洒是固定的，不像一般淋浴头可以拿在手上冲洗。,2
13354,最大的缺点就是电话薄里设置的对应照片，如果不小心删除了，那么拨出电话会出现死机现象，不知道这是什么毛病！,0
13355,"买书都这么长的时间了.怎么还没有到啊我通过支付宝买的书比这个迟买了一个星期都到了,真不知道是怎么回事啊?我是不是被你们给骗了啊！",0
13356,顺丰快递服务就是好,2
13357,"看了网上那多的对它好的评价因此才决定购买.没有想到大失所望!只是把一些常用的英语单词归类而已.对我来说没有任何帮助,也没有别人说的开心搞笑!以前我上初中时,我的英语老师就已经让我们学着将英语单词归类了.非常一般......",0
13358,VISTA系统可以凑合用着，office2007没激活的，换了2003的，键盘比较生硬！最大的诟病就是内置的摄像头了~简直就是垃圾！而且整机较别的品牌的要大一圈，便携性稍差！,0
13359,指纹收集器，外壳工艺较差、偏软，发热量较大。人品不好，发现1个暗点，都没地哭去。。。你索性3个点吧，我倒是能换机器啦，郁闷ing,0
13360,看到有人评论这本书恐怖，觉得言重了，其实这只是训练人正面思维的一种方法，有人评论在公司受到不公正对待也能不抱怨？试想，如果你的思维够积极，对人对正的想法都足够正面，你的思想就会对别人产生一定的影响，任何人都需要别人用正确的态度对待自已，包括你的上司，老板，他们也是人。,2
13361,打开书就被吸引了，一口气看完，而且越看越觉得发展之复杂，初入社会，很难想象公司内部之复杂。当然，作为女性读者，拉拉的恋情也始终牵动着我的心情，最终是个不错的结局。已经准备买第二部了，书评没有第一部好，但还是想看，也许是我们对拉拉的期望太高了。,1
13362,宜宾这个城市给人感觉脏、乱、小，但是宜宾大酒店却给人相对豪华的享受，比起同城的另外两家4星酒店条件要好很多，不过还是有不足，例如电梯运行慢，停车不方便，进酒店的通道太隐蔽（没去过的不容易找到）。,1
13363,"我在两家500强跨国公司工作过,翻了翻这本书大致可以还原出作者的真实品行和生活状态,土包子就是土包子,在精神层面上永远变不成白领的这本书骗骗2-3线城市没见过外企世面的人大概还可以,在上海会被完全无视.",0
13364,"估计是中外文化的差异吧,反正没感觉有什么特别好的,而且动物造型也不可爱,离卡米拉系列差远了! 大家慎重考虑吧.",0
13365,一般THINKPAD的优点大部分都有，就价格来说已经没什么好挑剔的了,2
13366,情倾天下这3本看完后前两本还不错，不过结局却不理想。尤其是看完两篇翻外后，不知道四阿哥是喜欢穿越前的年玉莹，还是穿越后的年玉莹，而且本书中的感情部分很是不明，总体来说，作者的文笔还不错，语言幽默十足，但可能就是幽默感多于人物感情塑造，使言情蜕变为说事体小说。并且我也不喜欢里面的男女主角，看不出他们是相互喜欢的，欲望大于爱情。读完之后竟没什么可回味的地方。,1
13367,收音机功能效果很好,2
13368,京东的发货员是不是几个月没休息了，为朋友买的东西，收货地址是潍坊诸城，他居然发到我这里，而且写的是：中国海洋大学（诸城市 ）。,0
13369,"一本教女人怎么做一个完全物质的流水线商品一样东西的书,韩国人真的非常物质这本书就是很好的反映.一个正常的人是有思想有感情的,并且由于这样社会才会非常多姿多彩.",0
13370,该酒店内的桑那中心的从业人员，用欺骗的方式，赚取客人的钱。,2
13371,最真实的蒙牛广告语。,2
13372,白色似乎不耐脏，但，欣喜的是：这种特别的外壳资材，却是非常特殊，有点脏一抹就掉了，特别干净，非常出乎我的意料！！！,1
13373,我表示没信心'倒闭了更好！特别是蒙牛'伊利。,0
13374,位置还比较好找，交通、娱乐、购物都比较方便，服务一般化，进门都没人理，房间太小了，隔音很差，早餐品种太少又不好吃，弄脏了一块小毛巾又不是洗不掉就让我陪10块钱，房费已经预付了，结帐时只需要退我押金就好了，结果等了将近半个小时，前台就一个人，对这个酒店很失望！,0
13375,當當網作為全國知名網店，怎么能銷售如此質量的書呢？書的封面已經撕開了，而且聯繫退貨遲遲不給辦理，真是讓我失望，大家從我的這次買書中吸取教訓，得重新審視當當了！！,0
13376,轻，非常轻，很好，比期待中好很多，这次发货也很快隔天就收到了！,2
13377,最具市场活力的品牌 蒙牛 给钱就发奖啊真是。,2
13378,不错哦，材料费只花了50呢,2
13379,觉得很不错，推荐给许多有小孩子的家长，自己又买了一本，送给朋友了，希望她的宝宝能够健康快乐，远离医院！,2
13380,好评，装上了用着挺好，售后也不错。配件是自己从网上买的，装下来比较划算,2
13381,12月在金泉订了个豪华商务小套房，房间内部环境不错，酒店位于市中心边缘，周边交通还算方便，打车到昆明有名的金马碧鸡刚好起步价。缺点是碰上昆明柴油紧张，没有空调，晚上较冷，还好向酒店要了个空调扇，可以吹热风，否则晚上睡觉一定会感到冷。,2
13382,为什么货到付款的已经收货但是不能完成订单？ 就是为了省几个优惠券吗？,1
13383,"字太小,躺着看时太累.关于吃的篇幅很多.我也一个人住,才不愿意花那么多时间自己在家折腾吃的.",0
13384,房间太旧，卫生间是很多锈迹，房间比较大，大床不错，我喜欢。价格还可以，就是太旧了，不舒服，服务员水平差不多二十年前老国营的水平。下次会换一家住。不过据说小姐不错，俺没试。,0
13385,这本书从我买来到现在我已经看了3/4，觉得还是很好的，发现原来只是自我感觉良好。本来这书是买给我妹妹看的，觉得她经常抱怨，想让她看看，改变一下，我在给她之前自己看了一下，现在才发觉我对她的一切作为也是一种抱怨，我也要改变自己的做法。细细品味，世界其实很美好，只是我们看的角度。。。很好的一本书，因为是外国人写的，很多逻辑和国人不一样，不过里面有很多话确实很对。,2
13386,酒店的位置偏了一点，但其实还是挺好找的。乘地铁在铜锣湾站下，再换乘到跑马地的电车，在总站下（约15分钟），酒店就位于总站的养和医院旁。（注：香港的电车与国内的不一样，是没有号数的，只在车头标志总站地名）。若乘出租车，从铜锣湾过去也是5-10分钟。酒店的设施较新，室内环境也不错，但是房间好小，床位小得可怜，标间的单床就真的只能睡一个人，稍胖一点的人都睡不下。服务还可以。,1
13387,#抵制日货#还不如抵制蒙牛来的实际。自己人打自己人最厉害了，有本事全上岛呀！,0
13388,不明白偌大的一个当当网为什么会卖盗版书。已经对比过图书大厦的正版，拿到的这本杜拉拉1纸质粗糙，字迹颜色明显浅与正版。路边书摊8块钱能买到的盗版书，在当当网多花一倍的价钱买来，还暗自欣喜，认可网上购书的优质与便利。真是失望之极。,0
13389,看了这本书感慨良久，或许书中的点点滴滴就发生在我们祖辈的历史当中，家族史是我们没有个人都不能够忘记的，父辈的一言一行对后代都有着深刻的影响，不能够不说我的祖辈的原型就在该书里面有所凸显。在一个风云变幻的年代里面，怎么才能够走的更好，怎么样才能够让家族兴旺发达，这值得我们每一个人深思，思考家族的命运，思考自己的命运。怎么样的人生之旅才是我们想要的。,2
13390,记得刚给她买回来时，是和《我爸爸》一起拿回来的，当时问她听哪本时，她就要听《我妈妈》，讲完了要给她讲《我爸爸》时，她说“讲《我妈妈》吧”，第一天就听了四遍。我给她讲时都会加进一些能和生活中联系起来的内容，这样她更愿听，讲到最后孩子爱妈妈，妈妈爱孩子时，我都会告诉她“就像妈妈爱你一样”，然后宝宝就会说“妈妈，我爱你”，听了以后，心里特甜蜜。,2
13391,"配置很不错.用起来还算顺畅,散热还OK吧,硬盘分区挺容易的,厦门自提点的工作人员态度不错.",2
13392,刚拿到手就有一个亮点还在屏幕中间，很刺眼。。。还不是PUMA 平台。 发热也挺大,0
13393,这家酒店实在不敢恭维房间差，服务差，就是地方还可以，价格便宜。入住后给的第一间房噪音巨大（前台肯定知道，故意给的），换第二间，外面大雨房间小雨（前台肯定也知道这个房间漏雨，故意的），换到第三间才能安稳睡个觉，这个酒店实在太烂了，服务不是一般的差。,0
13394,刚开始看这本书，心情很轻松，兰心与小猪是一对无敌可爱的搭档，虽然各自都有着家国天下的重担，但是为人处事却不乏夸张诙谐，总是这一对配对很难对的家伙。尤其是看似女强的搭配，却更衬托了小猪为人的宽厚儒雅，风度翩翩~后半部分开始进入坚持的情节旋律当中啦，看得俺蛮捏一把汗的，对荧惑的结局其实有点小伤心啊……他真是个让人心疼的伏师啊。。。,1
13395,刚拿到的时候，下巴颏都要掉了：这哪里是本书啊，分明就是个小册子嘛。作者也忒不厚道了吧。可是看了内容，觉得这样的价格还是很便宜很便宜的。如果是从消费的角度，只把它买来当小说看看，会很后悔的，劝你还是买别的书。如果是从投资的角度，想学到超短线操盘的技巧，那么这本小册子可就绝对超值的。就相当于五毛钱买到了武功秘籍《如来神掌》，不带忽悠的，是真的《如来神掌》哦。,2
13396,这机子用起来基本上还算稳定，运行软件基本正常，不过我也就看看电子书，没事的时候听听MP3，没什么特殊的用途配的数码摄相头一般，照片效果马马虎虎，一般用也够了，操作方式和索爱的K750一样都是横向拍摄的，不过屏幕够大，取景的时候真的看起来很夸张,2
13397,买完就降，哎 郁闷不，还可以咯，三星屏，反正感觉还行，能用就OK  QQ339546 有使用的朋友一起交流交流，基本没出啥问题,2
13398,。。。。里面很多专业东西，看了几页没兴趣看，直接送人了......,0
13399,一年前我们给孩子6岁的儿子买了卡梅拉的第一部，孩子非常喜欢，一便又一便的看，今年听说出版了第二辑就到赶快买给儿子，对儿子来说其中的每一个故事都深深的打动这他，他爱卡梅拉中的每一个人物，每一个故事。那是真正属于孩子的故事。儿子有一个每当遇到感觉乏味的事情就会说：一定有比这更好玩的事。不一样的卡梅拉给我们的孩子特别是中国式教育环境下的孩子一个新的思维。我们爱卡梅拉！,2
13400, 蒙牛拥有史上最烂公关团队的公司，没有之一！,0
13401,知道酒店房间小，但没想到这么小，转身都困难；知道酒店房间吵，但没想到这么吵，除了自己的呼噜声，什么声音都能听到；知道酒店服务差，但没想到这么差，服务员说话的感觉和吵架没啥区别；总之，相同价格的酒店还有很多，其他同类酒店的设备和服务比汉普顿好的多了，以后实在不会选择这汉普顿了。。。。。。国内的很多招待所的质量估计都要比它好很多。。。。。。,1
13402,风扇确实够响的，尤其是到晚上周围安静下来。风扇频频开启，发热量有些惊人,0
13403,"1，显卡容量虽是1G,但位宽只有128位，有商家玩噱头之感； 2，右侧和后侧的两对usb接口靠得太近，若连接线的接口比较大，是不能同时插入两个的 。",1
13404,让我最不爽的是没有ＸＰ的驱动盘，我上官网下载花了我一下午时间！,0
13405,"用长了机器发热还是比较大的,另外电源适配器用1-2小时也很烫手,硬盘分区不够人性化",0
13406,看了觉得没劲，不好笑，觉得这个老外挺古板的，不知道是不是因为文化差异！,0
13407,"早餐很一般.房间里还算干净,就是噪音太大,价格相对来说还是贵的",0
13408,挺好的卖家，全5分,2
13409,刚买的，才一个星期，还没完全熟悉，但是使用过的功能还是非常不错了，各种功能齐备也很好用，这个价格，应该是物超所值了。,1
13410,"服务不错,房间也很好,叫车比较方便,就是周边没有超市.另外,就是早餐实在是不与酒店成正比.一是品种太少,二是比较难吃.",2
13411,十分轻。和我的x61差不多，显示区域却大了很多  除了字体稍微小了，处理文件很合适。摄像头效果不错,2
13412,纵然是再娇艳的花朵，作为和亲公主的皖雅，也逃脱不了所谓“贡物”的命运，绚烂一时的爱情，到头来终究抵不上江山一角。爱情，如此完美却又失落，皖雅的结局，苦涩却又实际地描绘了宫廷女子悲婉的一生。看尽世间无限遗憾，只因爱情如此脆弱。三个男人用不同的方式爱着这位花神，她本可换种选择使自己轻松，可她还是执着于她的爱，终究她的爱害了她，爱情总是这么威力无限！,2
13413,希望当当在发货前能够仔细检查每本书的质量。虽然拿到手此书是塑封的，也很新，可没有翻阅几页就发现书里有好几页居然是空白的，具体的有第12-13页，第16-17页，第20-21页，第24-25页，迅速检查了下书的后几页，总算没有缺损的现象。哎，蛮好的一本书，被糟蹋了。,0
13414,本次入住的是商务大床房，房间不错，很大，灯光协调，落地玻璃窗视野宽广，地理位置也很方便，服务人员非常周到（不小心把裤子的扣子绷掉了，呵呵，太胖了，服务员很快就替我钉好了），笑容也非常可爱，价钱在5星里面也算合适。大堂的装修设计应该有些年限了，显得有点过时和俗气，不过这到不影响居住质量,2
13415,看过该书，感觉中医暂时不会消亡，尚有一、二十株老树活着，还有毛以林、黄煌、刘力红等一批有一定临床经验的博士在，还可以延缓其生命，但是不改变目前中医院校的办学模式，改变教育方式，提高学生临床水平，废医存药，迟早都会消亡。目前的中医临床水平，包括我所在城市中医药大学的教授们的水平实在不敢恭维，如此的教授会教育出什么水平的学生可想而知。,1
13416,看过很多改编成电视剧的书，都感觉书比电视好，这次是个例外呢。书和电视几乎是一模一样的，写得不够细致，有点令人失望了。而且关于许三多的变化大得有点让人接受不了，以前在各方面都表现那么差的人，怎么会翻单杠以后就忽然变得什么都是“遥遥领先”的了？如果说他通过努力赶上了其他人还差不多，怎么可能突然之间就超过了曾经比他强许多的史今等人，难道别人都落后了，还是他自己变成了天才？我本人也当过兵，见过很多刻苦的，这么进步神速的倒还没见过。,0
13417,住了一晚，感觉还不错。服务员的态度很热情，房间虽然不大，但是很整洁卫生。最好的一点是位置不错，步行不到5分钟就是机场大巴的上清寺车站，到重庆火车站步行也只需要10分钟左右。特别推荐酒店附近一家齐齐火锅，非常价廉物美。,1
13418,1.新机器拿到手的时候，滑盖就很松动，不知道是不是个体差异，我同事一拿到手上，就说了句：“真水！”（我是在移动营业厅买的大陆行货！）；2.128X128的屏幕，颗粒感比较重，比起X88的屏幕来要差远了，色彩上我个人感觉也不如X88，还有一点就是屏幕背光灯关掉后，屏幕是全黑的，完全看不见屏幕上的内容，不像X88还会是有点亮的；3.按键非常小，男生用起来会觉得很不爽，还有那个五维导航键，用起来有点费劲，还容易误操作，经常在玩那个动物方块游戏的时候，一不小心就按到向上的键了，方块一下掉到底（向上键是方块快速下降），就想骂娘；4.30万像素的摄像头，效果很一般，比我朋友NEC708的11万的还不如（在手机屏幕上看），清晰度很差，不知道是不是跟软件版本有关；5.机器比较费电，稍微玩玩游戏和摄像，就只能支撑一天多点；6.X88有的好多功能X500都没有了，比如“复制”“粘贴”；X500还有好多缺点，如浏览图片时不能按方向键直接看下一张，非要返回预览菜单，选中图片后一张一张来看，等等。,0
13419,自带VISTA系统太臭了，开机10分钟，关机20分钟，巨慢，郁闷，我现在已经重新装了XP，刚买不到10天。哎。。。。无语,0
13420,原本在网上订了两个套房，入住后，携程还给我打电话问是否只入住了一间，要扣我信用卡里的钱。真不知道酒店与携程是如何衔接的？宾馆反馈 2007年12月7日 ： 我们非常感谢您的留言，非常抱歉由于一些小误会给您带来的困惑。根据我们的担保订房要求，对于确认担保的房间未入住的会收取当天房费。当然，我们也会进一步加强与携程的沟通与协调，让您今后的入住感觉更加舒适与愉快。,2
13421,很不错的宝贝，已经是第二次购买了，掌柜的人很好，服务周到，这次还是顺丰寄送的，很给力,2
13422,书什么时候才到？定了10天了，还没见货，以前货到付款都没这么久，真是的，收了钱就不紧张了，烦烦烦！！！！！,0
13423,看到电脑的那一刻挺激动 用了一下午也觉得还好 挺喜欢 外观很是可爱???可是晚上再一看到京东价~傻眼了 昨天的6488变成了5866???真的很郁闷???不过喜欢就好啦 有些事情是始料未及的 呵呵：）,2
13424,据说是青岛最贵的酒店之一，房间很温馨，但卫生间感觉好像有些旧。其他都还好。,1
13425,每天又是蒙牛高钙奶 真果粒 金典 生活太满意了,2
13426,支持SD/MMC卡，可扩充内存，最大优点；mp3播放效果还可以；更换铃声和背景可直接使用内存卡里的，比较方便；屏幕比较大，看起来舒服；26万色确实比6.5万色的好；滑盖使用方便，有质感。,2
13427,没有我期待中的好看，或许喜欢看小说的人可以尝试看一下。,0
13428,"这书我是被迫买的,没法子啊.我家老师命令的.东西是满有用的.内容枯燥是任何练习曲的书都无可避免的,台上一分钟,台下十年功啊.整本书都是各种指法练习.条条都是该练的.会对提高基本功有很大帮助.书是按指法分类的.每种都有若干条,大家可以慢慢练.没有好的基本功,只想追求速度,到真正高难度的曲子就会力不从心的.PS:书每条练习曲都是简铺和五线谱对照的.对各个程度都是满方便的.",2
13429,"总体来说还不错，就是卫生间设施差了点,要什么没什么.还有就是办理会员卡好象要价太贵了.至少我所知的格林豪泰是免费办理的.",2
13430,到京第一天买了3袋三元酸奶，2袋蒙牛红枣酸奶，谁叫它便宜呢，在南京喝不起啊，喝不起。吃了一个冰糖葫芦。。哈哈， 第二天，今天，吃呷哺了，哈哈哈，开心啦，又了了一桩心愿。,2
13431,很羡慕女主人公，虽然从小在孤儿院长大，但正如她自己所说，正是因为她从小就在孤儿院长大，才能体会到上了大学以后能享受到的种种乐趣，不像那些家庭条件优越的女孩子，感到一切都发生的理所当然，新衣服，舞会，旅游，没有一样能让他们跟她一样兴奋，最重要的是，她最爱的人在一直默默的注视着她，关爱着她，并最终与她走到了一起，试问还有什么比这更让女孩子羡慕了呢？,1
13432,这是一本好书。仅仅是因为至少它发出的是一种自由的声音。今天刚刚收到，已迫不及待的开始阅读了。读完了第一篇：宋强著的《必须正视的内政“愤懑”》，知道还有这些负责人的编辑和电视制作人，感到很安慰。同样安慰的时，现在不再听到电视新闻中动不动就是“盛事”的赞歌；看到政协会议上，国家领导人的列席；了解到各项表决中终于有了反对的声音，而不总是全票通过。,2
13433,1.全银色设计很时尚，刚买的时候感觉很有面子，不过现在都兴没天线的了，呵呵2.双屏的，外屏也是带彩的，很漂亮，但是双屏也是费电的根本原因3.语音报号不错，来电话不用看也知道谁是谁了，不想接的直接按了，省事4.铃声好听，音色不错，目前调到最大声，也还行，以前用的那只最大音量就要有爆音了,1
13434,1、最大的优点是有mp3播放器。2、还可以当u盘用。3、又可以当数码相机。真是，手机，相机，u盘、mp3一个都不能少。,2
13435,熟悉的酒店都住满了，迫不得已又住了一次。发现更垃圾了。总之，如果不是迫不得已，千万不要住次酒店。枕头发黑，床单发黄，房间超级小，卫生间异味和公共厕所差不多，房间异味更不用说了。,0
13436,因为今天在电视上看蒙牛风云榜，主持有奖回答问题，奖品居然是昌珉亲笔签名catch me 专辑，我能不激动吗？是新专还带签名！果断去下载手机客户端，还没找到问题在哪，我手机的流量就像疯了似的，最后还是没找到！流量也没了，我真不甘心！！！ 最后是谁拿到那张专辑呢！！！,2
13437,"怎么十来天了书还不到呀,快！快！快！快！",0
13438,"以现代商业性的语言调侃历史,看了第一页就放下不想再看.以历史内容来说,做到类似于罗贯中的<三国演义>或是二月河的<雍正皇帝>等那样的演绎也就算到了极至.程度再进一步的调侃,给人以歪批戏噱之感,是对历史的不尊重,让人对其内容的真实性有很大的疑问.如果是普通的小说,诙谐幽默是可以的.在历史问题上如此铺陈,让人难以接受.凡此总让人感觉,时下读书的氛围愈发的浮躁.肯静下来潜心读书的人,实在是越来越少,也无怪出版机构和作者们在其他要素上顺应这种趋势,而在书籍本身的内容要素上,偏偏越来越忽视了.",0
13439,这本书是我无意中从网上发现的，看了简介觉得不错就继续把整个故事看完。里面的情节让人觉得伤感，特别是后半段。因为以前没有看过师生恋的故事，觉得觉得作者写得不错。但唯一觉得不好的是那个结局。就像香港的连续剧那样留下一个悬念让你自己去发挥想象。其实这样是最让读者讨厌的。因此，个人认为虎头蛇尾的结局是这本的书的败笔。另外，我有点奇怪为什么当当的书的纸质有点怪怪的。究竟是不是真货啊？,1
13440,“好聪明的‘小妮子’”老兄！怎么自己设了个陷阱，而又不放诱饵，别人不屑一顾、嗤之以鼻。最后反倒是自己踩进去了？？“我这一身灰……你们的鲜红和洁白”。恩恩恩，不错不错，孔子就是灰的，而你们就是鲜艳的。“在你们这些美女的心目中，孔子是什么样子的？”唉，真是美女心中之仁啊！难怪易老在书前一再提醒大家，此书“不能以人之心，而以妇之心！”而读之。,0
13441,1、OK210手机机体表面以经典的银白色与具有神秘特点的黑色有机相结合，配合外壳烤漆工艺的加工，使得整机外表的金属光泽更加强烈。2、OK210手机在数字按键的设计方面并没有采用过多的创新元素，但是简洁的设计适度的排列以及键与键之间合适的距离却显示出OK210手机所具有的简约、自然之美，同时这样的设计也可以有效的避免按错键现象的发生。而且各个按键都采用了镀膜的技术。3、OK210两侧采用了上厚下窄的设计思路，更好的展现出了这款手机机身的曲线之美。4、手机支持名片式电话簿管理功能以及联系人电话号码分组管理功能，同时在联系人电话号码复制与删除功能方面OK210确实表现出其优势所在，OK210具有逐个删除（复制）、全部删除（复制）、分类删除（复制）三种方式。用户可以更加便捷的管理OK210手机的电话簿功能。5、OK210手机具有来电警卫功能类，利用这项功能用户就可以将自己平时不愿意接到的来电“拒之门外”，以避免骚扰。而且该项功能操作较为简便，易于广大用户掌握。6、OK210设有30万像素的摄像头。具有静态景物的拍照功能同时手机支持拍摄标准模式和夜间模式两种，提供了相关的照片品质、镜像、快门音效等参数的设置功能供用户选择。7、OK210手机内建15首40和弦铃声，听觉效果出色，高音、底音区分明显，具有较为强烈的动感，节奏感极强。而且当手机音量调节到最大程度是也基本上没有爆音现象发生。8、这款手机支持GPRS无线上网下载功能铃声和图片功能，OK210手机内存采用了弹性管理方式，下载图片、铃声的数量是要根据实际内存量而定的，最多时用户可以下载并存储20组不同图片、20手铃音。,1
13442,看了一点&#183;&#183;就没看了&#183;&#183;,0
13443,"我看了评论买了一套, 但是宝宝一点也不喜欢.",1
13444,经济学，本身就是一种思维方式。本书反复强调经济研究的出发点是人的个体行为，并且是相对的，既要有行为的相对对象，又具有环境条件的相对变化性。目前才看了一部分，但是深感收益，这种洗脑的思维重构，永远不会太迟。举例：书中说，实际上所有的选择都是个体行为，不是组织行为。这句话就令我我深受启发。果然是思维方式的启蒙。,1
13445,第一次买烤漆的本，比想象中好看，朋友也说好 thinkpad也是第一买，和想象中一样 ，质量好，现在用一段时间了，确实很好。 发热少，也没什么噪音，我觉得很值,2
13446,挺粗制滥造的一本书，读了之后觉得都是太浅显简单的东西，稍微有点智慧的女孩，就不用选这本书了！,0
13447,写的确实很朴实，建议大家认真阅读一下，肯定会有不一样的收货！,2
13448,买来后2个月就坏了拿去修，修好后待机时间超短，现在又添了毛病，自动关机，质量太差了，给中国手机丢人,0
13449,"硬件和软件都一般.打出请勿打扰的提示,还有服务员早晨来敲门.枕头和床都不舒服.下次不会再订",0
13450,好久没看到这么合我品味的书了，真后悔自已刚入职时没有这样的书做为指导，通过对这本书的研究，回想自己的职场表现，很多东西以后可以做得更好，起码不至于把人得罪了，还不知是怎么回事，现在，我会对许多事情有更全面的分析。以前只经常听说情商、智商，没太在意，看了《杜拉拉拉》之后，才知道原来处事上情商的高低和职场的前途有很大的关系。知已短，才能补其短，很感谢《杜拉拉》给我的人生指导。,2
13451,质量好，一流产品，一流服务，十分满意，武安五星评价。,2
13452,还行吧,2
13453,外壳材质略粗糙；外壳厚度较薄；单声道的喇叭很不人性化；但对这样的价格而言还算可以。,1
13454,肉肉这个高级玩意'不喝蒙牛不喝伊利喝特伦苏！你丫的！,0
13455,语言空洞，情节太离谱，没有感觉到震撼，只觉得这个人太倒霉了，也没有什么可以发掘的内涵，觉得整本书写得精彩点的部分的可能就是序了,0
13456,MP3效果好，,2
13457,《台北故宫》一书是纪录片的文字化，分为几部分，如果你是先看纪录片再看书的话，会觉得前两三个部分的内容很熟悉，因为大部分在纪录片中已经看过。个人认为书中后面部分很好看，介绍了台北故宫的最有名的文物的一些小故事和一些与台北故宫有渊源的人物，比较有看头。看书介绍文物的同时，还可以配合纪录片一起看，是视觉与感受得很好的结合。如果先看书再看纪录片的话，应该会知道哪些是纪录片中重点看得内容。,2
13458, 珍爱生命，远离蒙牛。 唉 曾经的骄傲 如今的耻辱…… 不买了 我周围的很多朋友同事已不买蒙X品牌很久了。 珍爱生命，远离蒙牛,0
13459,书又不是博客，如果要看博客，我也就不用买书了，一点写书的概念都没有，纯粹把自己的博客搬过来了,0
13460,"什么书?不喜欢.我不明白,为什么都要死掉,如果说儿子死还可以理解,那女儿死就牵强了,最后女婿和外孙死简直是不可思义,所有的亲人都一个个离开,难道这样活着就是很有意义?",0
13461,拿到房间钥匙，打开门竟然发现了别人的东东，如果房间中有别人，或者是一位异性，如何处理？可怕？后来自己下楼又换了一个房间才好。结帐时竟然没有发现我预授权时的签单？让前台处理掉预授权的单据，竟然说找不到了!!可怕？好象速8酒店都不当面处理预授权的单据，为什么？让人没有信任感!!!!!!,0
13462,房间比较差，尤其是洗手间，房间隔音和餐饮服务都不好。,0
13463,帮同事订过很多次，酒店位置很好，很方便。房间也不错。,2
13464,蒙牛真的很牛,2
13465,软件的反应速度偏慢，唉，想想BenQ做硬件出身的，软件方面不擅长。语音留言还有BenQ部落都的功能都有具体到专键，不能自定义。。这个不太合我的使用习惯,0
13466,位置好，早餐丰富，上网很快。只是不再是万豪管理的了，希望服务水平不会下降,2
13467,1屏幕效果非常好，鲜亮，饱和度高；2键盘比较特别，我很喜欢，摸起来很舒服；3外观很时尚，商务特点浓；4整机性能非常均衡，办公、游戏、上网均宜。,2
13468,这个酒店啊，不务正业!奉劝该管理层，心思用到正地方。,0
13469,thinkpad的品质还是有一贯保证的，不过和原来ibm相比真是有差距了。京东的价格还是比较实惠的。物流速度也比较理想。,2
13470,嗯嗯，写过了，除了部分材料不太好买，真的是本不错的书。,2
13471,这本书装订得很差，拿到书没看一天，就裂成好几份了。仔细一看，这书是立面贴了一长条胶状，所有的书页都靠这层胶粘着，很容易就分裂了。,0
13472,彭年酒店太处于闹市停车不方便，房间有异味，尤其脱离希尔顿后感觉差很多。,2
13473,蒙牛就是没错，是专家和外籍人士没理解到位！,0
13474,1、屏幕采用古怪的240*240像素分辨率，如果全屏播放视频则会导致图象变形，非常难看，浏览很多3:2比例的图片也存在问题。2、拥有强大的功能却不支持WIFI无线上网，难以满足用户高速浏览网络的需要。3、130万像素摄像头没有拍照快捷键，拍摄很不方便（如果采用更改菜单设置的方式占用一个键位，其他操作又不方便了），而且画质很糟糕，连2000元手机的效果都不如，相同价位的手机还没有像它的镜头这么烂的（以前Palm 600的30万像素摄像头都比它强）。4、价格可以用离谱来形容，6000元？在PPC领域还轮不到Palm称王，更别说那个失败的240*240屏幕，首先就制约了很多性能的发挥、很多软件的支持。,0
13475,"4999买的,来咬我啊4999买的,来咬我啊4999买的,来咬我啊4999买的,来咬我啊 还送包和鼠标!!!哇哈哈哈哈~!!!",2
13476,这本书没有想象中好，书的中心意思用两句话就可以概括“只要孩子愿意，父母每天都要陪孩子亲子阅读，而且亲子阅读越早越好”“父母要给孩子树立阅读的榜样！”。,0
13477,光驱就像发动机，声音很大，系统很难装，xp根本找不到驱动，发热量很大，,0
13478,买这本书有一个月的时间了，因为之前有一个mbti的课程，因为时间关系没有去上。后来想在网上收集一些这方面的资料先看看吧，也是先看了其他人的评语才选了它。和同样的写MBTI的另一本【天资差异】相比，专业性低点，实用性较强，涉及工作方面的运用多一些。想实际应用MBTI的人可以买来参考看的。建议和【天资差异】结合一起看，会收益更多。,2
13479,"感觉很好,外观时尚,低端新军.照相效果很清晰.",2
13480,优点就是便宜这款机器不带操作系统是在是麻烦，还好自己懂点电脑知识要是个不懂电脑的这个非要被气死为止，首先好像这个机器使用的南桥芯片，还有什么sata接口锁什么来着一般盗版盘放进去压根不能直接安装每次选择安装都是报错，只能下载支持南桥的版本装，可是本人比较喜欢WINPE所以还是用我的pe来装但是进入居然认不到 C 盘超级郁闷，后来发现这个要另外一个集成版的pe才能显示出c盘马上下载安,1
13481,两只颜色分明的兔子用他们清澈的眼眸，告诉我们挚爱的情思，传递着他们内心最纯真的情感和愿望，无私的奉献，欢愉的玩耍，让成年人为他们的真诚情意感动，让无忧无虑本就幸福感很强的孩子的内心更加深了对爱的依恋。女儿替小黑兔所的一句话“唉，要是我能和小白兔永远在一起该多好啊！”，女儿的话让我明白了孩子对爱的渴望和依恋！爱可以让心灵温暖，可以让生命更加坚强和阳光！,2
13482,我们都是某种综合体。之所以给自己贴上A型啊B型啊之类的标签，也只是觉得自己身上那种类型的特质占的比例更重一些而已。而且，不同的时期里不同类型特质的比例或许还会变化。“喂喂，我今年可是打算当一回A型人了啊，请大家注意，按说明书上说的那些来理解我的行为。”或者，到了明年，“呃，那个。最近我身上B型人的特质有所抬头了呢，请大家多给我一些B型人的空间。。。。。。”,2
13483,速度不错，测试魔兽单机，一点都不卡。功能齐全，4K以下我想应该是性价比相当高的了。XP很好装，两个小时系统搞顶，开始看有人留言，说XP难装，这种话不要说来误解别人。开始看中3款，HP541，THINKPADSL400，ACER422G32，ACER421G25。结果排除THINKPAD，HP541缺货，422g32和421g25性能差不错，价格却差几百，最后购买了这款。,2
13484,第一次在当当买书，就遇到缺N页的情况，郁闷之极~~~~本想着换购，但手续实在麻烦，只能先退，以后再考虑重新订购了,1
13485,送货上门后发现电脑显示器的两边有缝隙；成型塑料表面凹凸不平。做工很差，，，，，,0
13486,蒙牛优益C 还在保质期内就坏了！！3瓶全扔了！蒙牛你也太垃圾了吧！我们家牛奶已经不喝蒙牛的了，想想乳酸菌不会在那么次了吧！结果，太失望了！蒙牛,0
13487,服务很差！！！服务员的态度很不好！环境也一般,0
13488,书是给我两岁三个月的宝贝女儿买的，她对此书没有一点兴趣。九岁的儿子也就随便翻了翻。他平时很喜欢看不同的书的。,0
13489,位置非常好，就在西街的街口，但是却闹中取静，环境很清新优雅。只是前台太窄，前台接待总是手忙脚乱，客人都一排站着，大家都不排队，谁脸皮厚多叫就能给先办。入住和离住手续均办了半个小时以上。酒店房间还比较干净，没有中央空调，手动空调，呵呵。该酒店胜在环境和位置。,1
13490,还有，早餐稍晚点，就没什么可吃的了，做的也很一般,0
13491,最后一章是专门解读儿童经络的，温馨实用，之前买的那本送给了新得了宝宝的亲戚，自己再藏一本继续学习：）P。S。：看到有不少人在车上看书，毕竟颠簸，还是避免吧。祝愿大家都受益。,2
13492,此酒店地理位置不错，旁边的太湖广场相对比较热闹，对于爱购物的朋友是个好住处，大院里空气相对较好，不愧为花园酒店，不过房间空间感觉不够，我们住的大床宽度也只有1.5M，总体感觉还是不错。,2
13493,1.机身厚度稍大，屏幕稍小； 2. 屏幕在亮度和鲜艳程度上表现稍逊色 3 拍摄的照片显示效果差强人意，有明显的颗粒感； 4. 不支持Java、红外和蓝牙；,0
13494,做工一般，和预期有一定差距；本有点厚，再薄一点就好了；键盘比较小；16：9的屏用着有点不习惯；重装系统是比较难，不过还好，一晚上 系统 软件 全部搞定。,0
13495,爱迪是一个普通的游乐园维修工人，可是一次事故为了救一个小女孩而失去了自己的生命，当他升入天堂时（其实不是天堂，而是他在自己的一生中所去过的地方），在不同的地方遇见了五个人，这里面有些甚至自己不认识，可是却于自己或多或少的有些联系，从这些人中他发现了自己人生中许多秘密以及这一生的意义......同时我也很佩服作者的写作功力，不时的进行转换却不会使文章烦乱复杂~是一本使灵魂洗礼的书！,2
13496,"1，买的是中国移动定制的750，所以不知道应该叫他行货还是水货，反正可以在正规的维修点维修。但是原装的电池看起就不正宗，有点像水货。2，实在不喜欢移动定制的那些键 ，本来是发短信的快捷键变成了mo,上移动梦网的快捷键了。3，关机画面也是移动的，实在不喜欢，我想可以把他的文件名改了替换成我喜欢的图片，不过还没有试验。4，听音乐的时候如果有来电，铃声还是从手机里发出来的，音乐倒是中断了，但是我想应该在耳机里也能听得到铃声。5，介绍上讲可以把收音机作为闹钟，的确也可以，但是要将耳机插入，你想想看，我睡觉的时候怎么会把耳机一直放在耳朵里呢？6，如果放音乐的时候，你是用外放的，这时候你把耳机插入，然后按手机左侧的音乐按钮想关闭的话是无效的。反之也是一样。7，发短信的时候每次选字的时候都要用到遥杆，方是方便，但是肯定容易坏，不像有些网友说的还可以用数字健。",1
13497,1）重量再控制一下； 2）周末说是一天2送，我在上海，周五17点之后下单，周日中午11点多才送到。慢。,0
13498,书中的内容随处可见……让人不得不承认的是，它的包装，纸张很好。给人很干净的感觉～～,0
13499,碰巧我的专业和健康保健非常接近，也就对于这本热销图书投入了更多的关注，购买了包括这本在内的数本同类热点图书。认真看过之后，觉得大家身体出现状况还是该去医院进行临床诊疗，虽然过程艰难、花费不菲，但可靠啊，至少比这本书可靠多了。评分应该低于50分。,1
13500,书的名字绝对讨好人，我相信很多人和我一样，因为书名而买了这本书。书里的内容没有什么新意，是你我小时候爸妈，老师教导的那套。可以当立志的读本。,0
13501,经师哥推荐阅读此书，读到每一个关键词都会有感而发，细嚼慢咽，韵味十足，受益匪浅。此书的整体框架是以“人权”开头，独具匠心，自然地体现了作为公民权利的价值优先性，书中大体贯穿自由主义精神，有很多观点能认同，亦能体会政治学人的拳拳赤子之心，颇受鼓舞。作者是南京大学的教授，以一眼窥全豹，可知彼处之学术氛围理应饱具活力，实则令人向往！,2
13502,酒店的服务简直不好程度排第一！我第一天住1702，房间漏风。第二天调整到1710房间！这个房间的空调是坏的！半夜给冻醒了。第三天调整到1107房间，明显比1702和1710房间小的很多，而且房间不能够上网，我已经被折磨的没有力气在调整房间了。想躺在床上看看电视，我的天啊！看不了！总之我对这次携程的服务比较满意，对该辽宁省沈阳市新湖城市酒店提供的客房服务是特别特别特别的不满意！我希望携程能够好好考虑一下自己的加盟酒店，总是这样我们还怎么相信携程这样的品牌。总体来说我很郁闷！也特别的伤心！,0
13503,作者在少年时即喜阅读，能看出他精读了无数经典，因而他有一个庞大的内心世界。他的作品最难能可贵的有两点，一是他的理科知识不错，虽不能媲及罗素，但与理科知识很差的作家相比，他的文章可读性要强；其二是他人格和文风的朴实，不造作，不买弄，让人喜欢。读他的作品，犹如听一个好友和你谈心，常常唤起心中的强烈的共鸣。他的作品90年后的更好些。衷心祝愿周国平健康快乐，为世人写出更多好作品。,1
13504,对安顿的情感实录的书都很喜欢，从《绝对隐私》到《回家》、《悲欢情缘》，这些书里的故事有种让我无以言表的感动，原来就在这个社会，或许就在自己身边有着这样那样的人生故事，有着这样那样的人，这些事，这些人其实都在身边，自己没有去发现。人说经历的多了，人就成熟了，他们经历的也在让我成熟！谢谢安顿！,2
13505,我觉得译者的水平一般，如不是阿加莎的推理很好，这样的书写出来不会很好卖的。可能是语言的关系，在买的一系列阿加莎的推理里我最喜欢的就是在这本。这本的叙事性计较强，少了很多英译中生硬对话（译者翻译的怪怪的，可能是直接把英文翻成中文的原因。既不符合中文的说话习惯，也没有英文的精髓。我相信阿加莎的英文不会写的那么幼稚！）所以我看起来可以很投入！故事情节真的好棒！,2
13506,都说国货不好，我就不觉得，我家的电视也是TCL的，我的手机还是TCL的用着都挺好的嘛，而且这只机子手写功能做的也很实用，比按键输入强多了，而且E787还可以做名片扫描输入，用着很方便啊，所以说，我是坚决支持国货的,2
13507,蒙牛你是好样的！岂止全年无休啊,2
13508,浪得虚名，一点都不实用。我们平时说细胞基因这些词吗？？,0
13509,好久不买蒙牛了！,0
13510,IBM 以前的笔记本非常的好，但现在的外观改动太大，性能方面先不说。我觉得有一个我非常不能接受的是外盖变成了钢琴烤漆，一不小心就划一道，手一摸就是一个印子。,1
13511,这套书是手绘书，很可爱的笔线，纸质非常好。每本都薄薄的，讲一个故事情节，但足以教会小朋友一些好日常习惯、让小朋友们更自信、更有礼貌、更能表达自己的意愿。这套薯是每晚囡囡睡觉前必读的书之一，她百读不厌，每次听都是津津有味，她甚至会提前跟我说：“妈咪，下来小熊会怎样怎样，小白兔会怎样怎样......那样不乖，要这样做才对......”这套书也是推荐给家有一岁半宝宝的妈咪,1
13512,贝贝熊1-30我和女儿都很喜欢，我也通过它们间接的对孩子进行了教育，我本不喜欢给孩子买开本较小的书，但这50本书让我感受到了它的精彩，有些时候家长的说教真的很空洞，书中形象、可爱的形象，让女儿一下就喜欢上了它，接受它，感知它，之后我再适时适度的引导，很有成效，而且对于现在的孩子，它们可以成为她的玩伴，这种潜移默化的影响真是了不得，值得收藏，可以说第二辑与第一辑同样精彩！！！,1
13513,来到拉萨才发觉这家饭店的价格的确是偏高，同样水准的饭店在北京路上都只需200元以下。最大的问题是环境杂吵，睡不好。,0
13514,下调四块钱一碗豆浆一根油条加一茶鸡蛋....降五毛钱的票我就没啥说的了 - -我脑海里显现不出有啥是五毛钱的现在....啊 不 还有 蒙牛小布丁还没涨价..身为国民我幸福我骄傲,2
13515,抵制！！！ 从来不喝的 打死不喝蒙牛，耶耶耶/ 油，真真触眉头，哈晦气，清明节一定要骚锡箔。,0
13516,我以前一直喝蒙牛！谁有我更不怕死？,2
13517,感觉这本书并不像想象的那么好，有点太神了，并且实用性的东西并不是很多，反而写大家怎么夸奖怎么神之类的太多了,0
13518,房间很小，装修太差，电线全部裸露在外面，脏，不是一般的脏,0
13519,总的来说这本书还不错，就是内容好像少了点，看完整本书就一个中心思想，中医方面内容具多，象我们这样没有中医基础的，不会操作也不敢操作；当然，对一些简单的操作可以做，比如现在我每晚都给孩子按脚，刺激眼的位置，主要是俺两口子都是近视，前几天孩子眼皮长了个小白点，就按了两晚上，没有了，也不知是不是按的原因，希望是吧，看看还是有好处的！,2
13520,很久没有读过爱不释手的书了，虽然《草房子》是一本儿童文学的书籍，但《草房子》里叙述的是每一个鲜活的生命。童趣般的故事让我回到了儿时的记忆中，回到了他们之间，一起嬉戏，起生活，这本书正适合儿童与大人之间的桥梁作用。虽然生活是如此平凡，但是美的地方却无处不在，让我们学会在生活中寻找美，给予爱！,1
13521,读过她的《茶人三部曲》，一口气读完的。一直在搜寻她的文字，所有的。感谢当当，如我所愿！她真的长的很普通，但她的文字、她的思想真的很不普通！之前读过十几本茶书，可是与她的文字一比大多应当烧掉！有的人懂茶，但写出来的文字粗粗拉拉，不配！有的人不懂茶但也敢写！难得的是她能写出茶的美妙而又不失于浅薄，有研究而又不洋洋自得！一样的意思让她来表达就字字句句带了茶香！,1
13522,如果你是负面想法很多的人。那么看这个可能有帮助。如果你本身就知道这个世界看开了就好那一种，那么这本书甚至有点弱。。。。,0
13523,不喝蒙牛，不喝伊利！#热门微博# http:t.cn/zj6VPob,0
13524,"W800使用了一年多了,感觉非常好,音质效果不用说,通话质量很好，SONY的影像技术更不用怀疑,选W800没错. ",2
13525,真是太缺心眼儿了。。。 意思是蒙牛比切糕还黑，比切糕还重，比切糕还贵,0
13526,材质的感觉不错，自己弄个螺丝刀都没打开后盖，最后是到成都Thinkad服务站让他们帮忙装的内存。还免费把分区做了，一键恢复也没破坏，很满意。 加上1G速度还行，看高清电影效果很不错，游戏还没怎么跑过。,2
13527,散热做得很好……我处理过的本本中这个散热做得很好，用一两个小时都不觉得烫。性能也不错。感觉操作还是挺爽的。,2
13528,"房价非常贵,几乎没有房间可以看到对岸的象鼻山.送的水果饼干又少又不好吃.装修很低档的,离市区很远,附近没有吃的地方,吃个米粉都要打的去市区!(附带的说超难打)!!!!谁想烧钱谁去住这个号称桂林第一第二老旧的酒店",0
13529,刚拿过来就发现屏幕有个肉眼能看到的亮点，不知道京东管不管换。,0
13530,男生果然是男生，笨手笨脚的。切这么大块，竟然还放沙拉酱，又酸又腻。切成小块块，浇上酸奶，再加上一只蒙牛酸奶雪糕，那才是美味嘛。下次注意。,2
13531,很多道理我们都知道 很多事情不用那么繁琐好像就是在宣传自己 给自己洗清舆论的嫌疑我觉得并不是真的成功书中的很多内容赘述估计这本书是策划的 肯定不完全是作者亲笔完成的有些内容还是很假这种宣传真是太过分了没有买的 建议不要买了很没意思个人观点,0
13532,订了商务大床间，可惜房间小的可怜！床和写字台之间太紧，基本上不能转身。更无法忍受的是房间卫生间的异味太重！投诉后，没有任何的解决方案，说空气清新用完了，居然让我开窗通通空气，让人哭笑不得！客人来过都表示气味难闻，很尴尬。房价也严重的性价比不值。早餐就不想提了！强烈建议不要入住！,0
13533,"CPU/显卡配置高,适合入门的作图和商务. 比较皮实. 价钱比起其他配置的实惠不少. 预装VISTA HOME BASIC版（总比没有强）",2
13534,"接电话经常没有声音,但对方能听到我的声音,不知道为什么.今天拿去升级了软件,不知道能不能好些.顺便问一下,最新的软件是2005年4月CV610409版的",1
13535,房间隔音真差，隔壁有人鱼水之欢，让我一夜没有睡好！房价也不算低，只比华阳便宜了50来块钱！,0
13536,我是今年刚买的，用到现在已经报废。外屏已坏！内彩屏根本看不见东西。图象完全成花的！待机也就2天。这是我用的多款飞利浦手机里最糟糕的一款。两位同事买了不久也是出现这样那样的问题。PHILIPS已经让我失望。我决定再也不买飞利浦的手机。,0
13537,"闹中取静,虽然设施旧了一点,但对着黄浦江的房间风景很不错,唯一洗澡的水温还是忽冷忽热,请再检查一下,这个问题比较严重的,特别是小孩洗澡的时候.服务挺好的.宾馆反馈 2008年4月16日 ： 首先感谢您对我酒店风景和服务的肯定,酒店的水管会进一步的维护和保养,完善现有硬件设施,谢谢!",1
13538,一下子买了2台，同事一台自己一台。。。总体感觉还不错。。电池耐用，屏幕好，键盘好用。,2
13539,房间一般，隔音感觉不是很好，地理位置不错，就在江边，靠江的房间开穿远眺就能看见大佛。服务态度餐厅的比前台好很多，早餐品种少了点。,2
13540,故事都太长了～～而且有的有点不可理解～～不太喜欢～～读了两本就读不下去了～,0
13541,非常不好，强烈建议不要入住，几乎没什么服务！补充点评 2008年2月23日 ： 1，酒店倒是容易发现，但进去的路面坑坑洼洼地，不方便2，前台漫不经心地，不能使用信用卡3，电梯怀疑是货梯，绿色滴，声音大挺吓人4，客房的空调在酒店所谓的服务员（中年男人，没工作服）近一小时折腾下，又过了一小时才制热，但是出风口不到60度，根本吹不倒床，就在空调下一米见方处热，我事1月份住滴，实在撑不住，要了床被（客房内没备用被），中年男人耷拉着脸，老大不愿意。5，浴室的水，脸盆和淋浴好像患了前列腺，滴啦啦出来，等了半小时都不热！只刷了牙，澡都没法洗！6，周围几乎没吃东西滴。,1
13542,喝蒙牛幸福到死,2
13543,第三次入住该酒店，以前的经历都还可以，所以一直都选择该酒店，不过这次遇到了不能刷卡，感觉是酒店为了节约手续费故意的，幸好现金有结余，不然真的很麻烦，下回不想住了。,0
13544,驱动程序不完备，尤其是硬盘的AHCI无法打开，后来用IBM的驱动解决的问题。 声卡需要装两次驱动在能完成安装，第二次需要对应显卡（HDMI）再装一次驱动程序。,0
13545,见过差的四星，没见过这么差的四星。千万不要住，晚上还有骚扰电话,0
13546,键盘方面：布局较为合理，感觉略显偏硬（大家手感不同）摇杆有些松但使用不错，没有大家提及的帽头脱落及不灵敏现象，听说摇杆易坏所以我尽量用其它键代替。铃音方面：由于扬声器与听筒做在一起又是单声道所以效果一般，即使做成机器所要求的8000、8位的WAV铃音，高音部分沙哑感仍明显，（AMR窄带模式效果不如WAV）所以只有找几首声音不太高的歌。也许换一个高质量的扬声器问题可以解决毕竟有四十和铉嘛。包装做工方面：包装有些粗糙，那个小盒子的确不太像样，说明书也很薄讲得不细致，很多功能要靠自己用机摸索。机器做工还说的过去，后盖松动是通病不过用挂绳就可以绑紧。性能方面：：感觉不错支持红外数据线，内存8M多就价位来讲挺大的了，买了一个红外适配器感觉传输图片音乐性能稳定，没有中断现象。商务助理功能强大，附加功能中也有很多实用功能。通讯录每条名下可存多条有关信息，短信可移动到短信文件夹增加存储量只是不能够有相同名字（机器自动给予编号）要是和收件箱中一样不用打开就显示发信人姓名且滚动显示一段内容就好了。,1
13547,买了5天，送话器坏了，更换手机后，8天后，手机又没有声音了铃声不想了，服务还特别差,0
13548,优点：位置佳，房间大，网速快缺点：不太清洁(卫生间及餐厅地上均发现小强)，整理房间方面有些疏忽(沐浴液用光没补充、热水壶内的水已有一段时间无清理)，外面比较嘈杂但房间隔音差，离开办生续时用了20分钟。,1
13549,惠普这款整机配置均衡，内存稍小，京东送个内存就太好了。本本外观简约，不愧为商用型。键盘设计很有特点。 LED屏显示效果很好，色彩较靓丽。,2
13550,《贝贝熊系列》是我儿子最喜欢的一套书。没上小学时，他每天晚上睡觉前总要我重重复复地讲前面几集给他听。上小学后，我再买了余下所有的故事，每星期学校要求写读书笔记，他就自己读，学着去理解故事的含义，然后抄下好词好句，写下简单的心得。每星期的读书笔记都得到老师的赞扬，他也从中明白了不少生活中的道理，还常常活学活用，搬来与我讲道理。,2
13551,①电池不耐用，只要使用过几次照相功能，电量大大降低；②搜索电话功能不强，每次都要长按#键，才能切换到中文，无默认功能；③手机听筒效果较差，声音小，且有杂音；④用耳机听音乐时，如果拔掉耳机前不停掉音乐，则音乐关不掉，呈死机现像；⑤缺少记忆卡和手机内存的总容量；⑥电话接听键和确认键为同一键，有时会误拨电话。,0
13552,书太小了 拿到手里很是失望本以为会多么精致~~~真的是适合小孩看啊可很小的孩子的又看不懂还不是大人给小孩子讲所以应该精致一点才好价钱还是不太值啊,0
13553,其实在网上我已经看过N遍逃爱记了，但仍忍不住买了纸书来珍藏，非常喜欢逃爱记，顾正荣非常符合我们对爱情的想像，深情，温柔的男主是每个女生都想要的，毫不意外，我也非常喜欢顾正荣。至于凌小萌，很可爱，像个小驼鸟，估计在此文中，不是顾正荣生病住院，小萌肯定还会继续逃避吧！幸好，人海大给他们安排了这样一个美好的，让人回味的结局，很喜欢，是值得珍藏的一本书。,1
13554,屏幕亮度不能手动调节；扩展性较差；,0
13555,在这样的价位上：双核处理器，3470独显，250G硬盘。已经非常可以了。自己加了两条金士顿2G-800，无兼容问题。,2
13556,京东的物流让人抓狂，4号一起下的单，这个已经收货了，另一单还在北京没有发货，效率不是一般的底下。,0
13557,非常差，下次肯定不会入住了，强烈建议各位不要住这个酒店！说是五星级的标准建的，连三星的标准都未到！假五星，未挂牌！问前台，说游泳池改造，所以还不能参与评星。估计是不敢！我入住的是1505房。1、房间设施非常旧，桌椅掉了不少漆；2、洗手间镜子周围锈迹斑斑；3、洗手间的花洒在冲凉时竟然掉下来了；4、空调调到低温时的噪音吵的睡不着；5、前台竟然只有一个男服务员，说下班了，只有他一人值班，服务很一般；5、前台结帐竟然收一块的保险费（携程网上并未注明，服务员也未提前说明）....唯一过的去的是，礼宾部的态度还可以。硬件差，软件再好也没用。第二天一早就转到隔挂四星的波斯特（POST）了。要不是飞机晚点半夜才到，我们当晚就转了。建议携程在这个酒店的前面不要打五星！,0
13558,要不是因为能更熟悉地看张爱玲的书，我不会翻开这个男人的书。要不是为了更加心安理得的了解张爱玲，我不会看这个男人对张爱玲的见解。所以，买了它只为了别人,0
13559,1.重新开机后电话号码查询默认是英文，必须长按#键进入中文后才能查找电话。再关机重启后还是默认是英文。2.听音乐时，如果锁上键盘，手机左侧的播放/暂停钮不起作用提示插入免提装置。3.进入walkman听音乐时打开相机镜头不能进入拍摄画面。4.拍摄时快门速度和取景画面之间有一点时间滞后，发现拍完的照片和取景时的静止画面不同步。5.看电子书只能是Java的，不支持TXT和UMD的，同时看书时打开相机镜头也不能进入拍摄画面。,0
13560,"键盘太小,屏幕显示字更小,键盘保护不能设为自动,容易误按,快捷键不快捷,拼音和通讯录输入设计比较愚蠢,闹铃功能不全,打开镜头盖时手指极易碰到镜头.",0
13561,第一次烧的很快，第二次就开始慢了，总体还不错,0
13562,"通过用优势识别器,真是发现了自己不同之处.未读此书时一直都是重点关注自身的弱点如何改正,这也跟环境有关系的,中国的文化从来都是关注弱势的改正,包括学校的老师\父母\公司,不过这样我反而成长中带着自卑去过活!读完此书,突然有种思想很开阔,我想我开始要去创造新的自我了~~~!有点建议的就是:因为是翻译过来的,所以字句方面有点令我容易昏昏沉沉,当读到有用的地方又很精神了~",2
13563,“细读纳兰词会发现，豪放是外放的风骨，忧伤才是内敛的精魂。”选这本书全因纳兰容若。清代第一词人，权相之子，御前侍卫，这个连名字都如一阙清词的高贵男子看似拥有世间一切，却半生襟抱未开，情路坎坷，偏又是最最重情之人。于是，便有了顾贞观“家家争唱饮水词，纳兰心事几人知？”的感叹。他三十一年短暂人生的本身，就是一首清丽高华又哀伤入骨的绝世艳词。正如作者所评，纳兰容若，一生恰如三月花。,2
13564,许多下围棋的人都会有一个困惑，那就是害怕对手的力量强，趴在战斗中吃亏，以及如何增强自己的战斗力。我也是，一直希望自己的力量增大，希望战斗中下出手筋获得优势，乃至胜利。还是看看战斗至尊坂田先生的棋吧！从他鹰隼般的捕捉战机的嗅觉和快如剃刀般的手法中一定能找到你想要的。我很喜欢这套书，她也是坂田先生毕生著作的精华，值得你拥有！,2
13565,自己在生孩子前后买了好几本育儿书，看下来这本最实用。因为他很体贴，最能消除新妈妈的紧张。新妈妈需要担惊受怕的事情已经很多了。这本书总是说，没关系，这样也是可以的，只要你的孩子常常笑，有活力，不要紧盯着身高体重大便颜色等问题不放。虽然我不喜欢其中有些日本化的语气，但是相比其他的书，他真的很好。日本人做事情真的很体贴的。我们什么时候能做出自己的经典啊～,1
13566,28号定的货物，到今天还没有送到。一直以来都是这样子，除了买高价的那些书，还比较快点，这次只买50块就慢到爆了,0
13567,带电时间短．一天就没电了．还老自动关机．请问一下第一次要冲几个小时的电．,0
13568,上海的商务成本越来越高这样差的酒店，居然也能得到不错的评价吃：早餐不是一般的难吃住：床特别的不舒服行：打的一般，需要走段路提醒：前台的服务特别差。,0
13569,语言空洞，情节太离谱，没有感觉到震撼，只觉得这个人太倒霉了，也没有什么可以发掘的内涵，觉得整本书写得精彩点的部分的可能就是序了,0
13570,农村里这样的事情太多了！哎 可恨又可气，又无可奈何 回复 气着了吧！ 当年，蒙牛是踩着无数供应商的尸首才把全国的生产厂建起来的，自打2003年起，我再也不喝蒙牛奶，这帮人前道貌岸然，背后一肚子坏水的人是没有底线的。以前没有，以后也不会有。,0
13571,"读过一次卡莉,心中总会有记忆,佩服她作为女性,能有这么艰难的优秀的经历,困难磨炼人的意志,激励人的斗志,卡莉经历了好多困难,但每次她都可以迎刃而解,勇敢的面对,让我心中升起自信的旗帜,高高飘扬,在以后的日子里如果有困难,我要学习卡莉,动脑筋想好每一件事,做到最好,我最佩服是卡莉的口才,她可以说服每一个人,这是努力的结果,我们也可以做到,只是做的未必好,未必恰当,这本书激励我努力做的更好,更好.....",1
13572,但今天提货时，总部自提点的服务不是很好，可能人员不多，我问的问题给我回复的不是很满意。,1
13573,性价比高，风扇声音较小，使用office风扇基本不响，第一个本，满意,2
13574,"预装软件过期了,一看居然是2006年的,晕(windows denfine?) 蓝牙开关在哪?",0
13575,机子相当薄，也不重，带出去很在面子！机身为白色，而且可以随光照变化。握在手里，很轻很好看！单手可以打开手机，而且十分流畅，做工应该很好！颜色不错，分辨率达到128*160，字体清晰，画面鲜艳！,2
13576,儿子相当不喜欢这本书，就看了两页，在也不看，对里的某些画面有些恐惧,0
13577,当当网，你们委托的快递服务态度实在太差，让人难以接受！,0
13578,正在刷新BIOS、装XP系统、装驱动，工程没完，不知道长期使用怎么样。听网上说无线网卡有些问题，有点怕！,0
13579,看了两边，第一感觉是--很一般。内容上，真不敢苟同，还号称是学术明星，于丹的同志的见解真让我张了见识！页数大可以压缩到50页，何必浪费纸张呢？难道孔夫子没教育你怎么搞环保？评论到此结束，懒得浪费我得笔墨！,0
13580,最喜欢 ，因为老李的霸气、才气、匪气，成为赢在中国第二届最具实力、个性和饱受争议的传奇选手，冠军实至名归！在外场商业实战中，老李携团队为蒙牛做的推广活动，令人振奋，热泪盈眶，恰似，那在路上！,2
13581,故事无聊，人物无力，描写拖沓，可以伴之入睡。,0
13582,"书非常不错,坐办公室的电脑一族值得一看",0
13583,外观大方，功能比较多，摄像、录音、mp3/mp4、红外均有效果还可以。,2
13584,本来准备过几个月再看，实在是诱惑太大，昨晚用了一夜的时间将大结局全部看完了，看了此集，让我对明朝末年的许多人与事有了重新的认识，对于明朝的灭亡的最终责任人也有了一个了解，说白了崇祯也就是一个生不逢时的皇帝，如果早几年明朝也许还能在延续一百年，皇太极的孙子也打不进山海关。但历史就是历史，有些时候就是命，明朝那些事，现在看来就也那点事而已。,1
13585,"服务比较热情,设施比较完备,遗憾的是房间隔音效果不好,另外上海菜餐厅只是把菜量上海化了,但味道还是很厚重",1
13586,服务比较差，晚上经常有骚扰电话。我最不满意的是，我就打了2分钟长途电话，他们说我电话没挂好，计费系统还是继续计算，结果收了我60块电话费。早餐听说很差，没有去试。,0
13587,我只能找到这个奶了。。天友的。木有蒙牛光明,2
13588,系统运行还比较快，键盘不愧是 IBM的，敲打起来很舒服。加了送的内存后，速度还是比较快。,2
13589,在当当上买了很多书，都懒于评论。但这套书真的很好，3册都非常精彩。我家小一的女儿，认字多，非常喜爱，每天睡前必读。她还告诉我，学校的语文课本中也有相同的文章。我还借给我的同事的女儿，我同事一直头疼她女儿不爱看书，但这套书，她女儿非常喜欢。两周就看完了。建议买。很少写评论，但忍不住为这套书写下。也给别的读者参考下。,1
13590,跟市面上众多的写饮食的书相比，这本书才叫饮食文化。不单纯写饮食，还包括作者对饮食文化的理解和感悟。虽然出版已有多年，但如今川菜确实在各大小城市都可以见到，川菜馆也确实成了很多人经常光顾的地方，很多不能吃辣的人也慢慢被川菜影响而慢慢学会吃。但是可惜的是，川菜馆众多，大多都是红油麻辣的菜式，缺乏作者所提到四川人平时吃的素菜素汤。,1
13591,屏幕上有一个坏点，夜间测试，硬盘滴答滴答的响。后面的螺丝都有卸过的痕迹，让人有种不放心的感觉！京东多的东西都送了，一个鼠标也表现得那么吝啬。,0
13592,1.外型：PT1668继承了普天公司一惯的设计风格和理练推出了这款超薄时尚简约的小灵通。它的样式简单，功能比较齐全。2.多种和弦铃声自由选择：其实本人一直都非常喜欢普天公司所生产的几款小灵通。最主要的原因就是因为其铃声悦耳，通话清晰，而且在通话过程中不会出现像有些人说的听不清等等现象发生。其次就是信号，我个人认为普天系列小灵通的信号都非常不错。最起码我就没出现经常掉线或者接不通的情况。,2
13593,在上学的年纪，有些逆反心理，越是大家说好的书越懒得去看；其实逆反也不能全算做自己的青春期心理，而是确实看到不少所谓的名著根本读不下去，难以想象别人是怎么读下去的？后来就索性完全绕开这些所谓名家之作，完全凭自己的兴趣来看；但是随着年纪的增长，慢慢发现大多数情况下，推荐的这些东西还是有道理的，所以在接近不惑之年又开始慢慢看这些大家都叫好的书了。,1
13594,1、酒店环境不错，地理位置佳。到十全街、凤凰街挺方便的。属于闹中取静的那种。2、客房里设施齐全、干净，比较方便。卫浴设施也挺好的。插头挺多的，很好。房间很干净，也挺温馨的。3、自助餐还可以。美中不足之处：1、卫生纸的质量比较差。2、饭店里最好可以提供（自助）洗衣、干衣的服务。3、房间里的小冰箱效果不好，声音也比较响。反正不用，我就关掉了。总体感觉不错，性价比高，下次还来住。,2
13595,货收到了，十分满意，物流很快，客服态度很好，还有礼品，好评，全5分，有需要还来，,2
13596,1.内外屏显示效果一般； 2.暗光下摄像头取景速度偏慢；,0
13597,原装正品 价格低廉 订单下达很快 配送及时 青岛上门自提 让人比较放心,2
13598,和其他美容书比起来太单调太朴素了。,0
13599,插上电源以后，电源适配器够热的，声音不是特大，其他缺点需要多用些日子才知道。,0
13600,前几天一直在这里发，可以都发出去来，不没有到评价的时间，现在可以了，本人由于个人原因，需要转让这台机，带京东的出仓单和发票，以2500元的价格转让，谢！）,0
13601,住过这么多酒店，从来没有住过这么小旧脏老臭的“大床房”！一进门就被一股臭味熏了出来，开了一天的窗户也不见减少多少。洗手间又小又脏，恶心死了！我和老公从进门开始，就只能一个在床上，一个才有站在地上的空间！唯一的好处：地点不错，下楼就是商业街，很热闹，晚上还有小吃，就在楼下，距大相国寺和山陕甘会馆也不远，走路即可。不过，对小吃的期望值千万不要太高，以免有上当受骗的感觉。价格姑且不论，卫生是实在没有办法入眼的。,0
13602,LINUX的系统，装XP不好装，外接电视有死机现象，可能是我不会弄。另外配置有很多种，安装系统的时候不知道选哪种驱动……,0
13603,一般的书。。。。。。。。。。。。。,0
13604,"酒店服务还不错,在宜宾已经很好了.但是携程的价格一点都没有,豪标B在前台打折价265,携程263,希望以后携程要大大改进价格偏偏高的问题,才能有吸引了!!!",1
13605,看过了草房子之后，我又开始了新的阅读，让我数次潸然落泪的就是《青铜葵花》，我想我的孩子不仅会了解书中那个时代的贫困，还应知道现在农村的孩子有的还在过着这样的生活，我总是喜欢说“上天是公平的”，可是我又无法面对书中触动我的那些不公平的现实。我常常反思自己，为社会的贡献太少了！我应该带着孩子多出去走走，带着他一起帮助那些生活在贫困中的孩子！,2
13606,在故事中穿插着知识，而且很有趣味性，让孩子在听故事的同时，能学到不少知识，很好的一套书。,0
13607,音效好，散热可以接受，笔记本这个程度可以了。电池目前不错，初次使用的时候刻碟，开无线网络下载等，可以连续3小时以上。,2
13608," 支持中国乳业,支持蒙牛!",2
13609,酒店不错，只是电视机小了一点，下次还会入住。,2
13610,走廊里的地毯很污浊，房间内的设施很一般，而且早晨七点钟以后才有热水。大床房应该包括两个人的早餐，可是服务员却告诉我们只能有一个人的，害得我早饭只吃了一半，还要和他们理论，虽然最后改成了两份早餐，但这样的遭遇真的让人很郁闷。象是政府的招待所。。。,1
13611,运行稳定，声音轻，外观简洁。触摸板设计较好，与整个板面成为一体，易清理。,2
13612,读完这套书，作为一个中国人，我很痛苦。为什么中国和美国在差距那么大？为什么还有那么多的中国人在排斥民主、在为腐败的中国官僚体制辩护？痛苦的时候，也看到一种希望，民众也可以真正的拥有自由和民主而不被奴役。中国人应当有一种信念，“阻挡群星闪亮的是一片黑云，黑云不可能永远阻挡星辰”如果你想读书，这套书会是你读过之后绝不后悔的一套书。,2
13613,钢琴烤漆很容易留指纹印，并且进入不了系统，开机时声音很大，已经发回去换一个回来，希望京东能快点帮我发回来，虽然第一次在京东买东西就碰到这么倒霉运，但还是相信京东，并且希望你们做得更好。,1
13614,内存小了，喇叭就那样，但是声卡太烂，我外接惠威的1010，声音和台式机比有明显差距,1
13615,故事简单，不过平凡中正反映了生活，主要是作者的文笔使人读来不觉得烦闷。还是挺喜欢的只是，还是使人有点寒心啊，男人总是这样，拿一个女人当作报复另一个女人的工具，然后又喜欢上这个“工具”，原先那个心上人就这么不见了。其实女人也差不多，只是女人这样做要就被男人扁死，要就真的获得真爱。不象男的，只要脸皮够厚总可以磨到女人点头原谅的，可是女人敢这么等吗，一下子就剩女了呵呵,2
13616,蒙牛太缺德了！,0
13617,不喝蒙牛 很久没有喝蒙牛了，喝的伊利不会不晓得放心不哦 至于你喝不喝，反正我是不喝了,0
13618,晕倒，我的小U坏了，前些天只是偶尔开不了震动，以为是用机太狠了，所以没注意，昨天正常使用时，自己黑屏了，以为是没电了，赶快充电就一直也没开机，结果今天上午就开不了机了，晕。这机子哪里能找到下图铃的地方？都翻遍了，米有呢，天时达自己的网上写着有，但是进不去呢，唉，眼泪哗哗的了,1
13619,因为是跟着老妈看这些保健书的，家里关于求医不如求已系列的书也有好几本，而对这一本书的评价只能说是一般般咧。不过读书总会发现一些有用的东西吧，书中有少许方法还是实用的。,0
13620,伊利袋装奶完全变味了，它是怎么了，是我买到变质的了吗？受不了了，跟蒙牛一样不买了以后！,0
13621,住过的最差的酒店，怀疑上面留言的全都是酒店的托，还说是衡水唯一的四星级酒店，刚进房间的时候地上还有瓜子皮，房间很不好，服务态度也很差，屋子里还有一股味道。再也不会去住了。,0
13622,质量简直是差到了极点，我刚买回去不到一个月时间就排线出问题了，就象上面那位兄弟说的一样，找个售后服务点比上天还难，我东跑西跑，最终还是在一个小角落找到了。那位维修的师傅随便给我搞了几下，我又拿着没有保障的东西回家了~~~没有等多久又出问题了，我简直就不想说什么了，这种公司开来做什么，我全你们还是早点申请破产算了，不要再继续来坑害我们这些无辜的老百姓~~！！！我买手机就几个月我已经把他们维修点给混熟完了，3天两头的往那跑，我建议要买手机的朋友们你们千万千万不要买“科健”哈，不然你们肯定会后悔的~！！！！！,0
13623,已经是多次入住了，04房间的窗外景色还是那么的美，对面超市购物也很方便。,2
13624,"设计非常漂亮,散热很棒 设计非常漂亮,散热很棒 设计非常漂亮,散热很棒 设计非常漂亮,散热很棒",2
13625,我们住的是8号五星楼，总体来讲还可以，服务还有些欠缺，退房是时间太长宾馆反馈 2008年5月6日 ： 非常感谢您入住金陵溧阳宾馆 ，并通过网站将您的入住感受与我们分享。我们宾馆始终致力于不断提升酒店的软件和硬件设备，为客人提供良好的入住环境和美好的入住体验，您的意见我们已做过专题讨论会，对于退房等一系列服务已做出改进。恭候您的再次光临！,2
13626,外观非常漂亮 harman/kardon?扬声器不是盖的 有音箱的感觉 系统自带office2007,2
13627,补充啊～保洁啊～蒙牛啊～宝马啊～（应该就那么多。。。）,2
13628,对此书期待比较大，然而看完了感觉比较失望。它只是一本博客文章的集结。内容有很多重复的地方，具体的操作性也不强。让人觉得就是作者为了出名而赶出来的。,0
13629,键盘有点软，好像使劲点就要按掉一样，时间不是9.5小时，很多人都说过了！速度一般,0
13630,"服务员不热情,卫生设备有点老化,如莲蓬头的开关调节不灵.补充点评 2008年5月27日 ： 路边的车的声音很明显,可能是那两天在试工的原故.",0
13631,写意曾经的恨，那样的揣测让他不安，也许相对于写意的报复，这样的不安更加折磨，所以我相信对于写意的报复，他虽然难过伤心，却也应该感到释然，他终于可以清清楚楚感觉到写意对他的恨，感觉到写意曾经的痛苦，伤口揭开了，那么痊愈的日子还会远吗？我想对于写意来说也是如此吧，所有的恨都掏空了，剩下的应该就是爱了吧，对过去曾经追逐过的阿衍的爱，对如今眷念上的厉择良的爱……,2
13632,虽然书的内容上吗什么大的区别，但是封封皮给人的感觉很不专业，怎么有网友品论？？？郁闷之极！,1
13633,是看了其他读者的评论买的，不知道为什么还不少人觉得它好。读了三分之一，实在觉得所言无物；感觉没什么收获，里面讲的内容网上随便搜搜就能找到。帮助性不大，是到现在买的最失望的一本书。,0
13634,第一次入住这家酒店，总体感觉不错，服务员笑脸相迎，服务周到，房间干净、温馨，豪华房还配有液晶电脑可以免费上网，而且网速很快，值得推荐。下次到深圳，还住这家酒店。宾馆反馈 2008年8月5日 ： 尊敬的宾客您好！首先，非常感谢您给予我店的好评。同时，很高兴地告知您，我店的网络光纤已从原来的2兆升级到了5兆，极大地提升了网络速度，无论是商务办公还是网上冲浪都更加方便快捷。不断地提高服务水平，为宾客提供更优质服务是我们的宗旨！我们真诚地欢迎您再次光临！,2
13635,一点都不好看 刚翻几页就不想看了 没办法吸引读者,0
13636,"环境设施相当的不错,尤其是门口的警卫很给人安全，不愧是吉林省的国宾馆的。我住的是主楼，但是对于对应的价格来说是比较偏高的，个人认为主楼和七栋差别不大，实际来说在南方也都就是3星级的标准，服务员很热情，但是硬件上只能让我综合给3分的。",1
13637,在可以返现的时候买到，总体来说速度也还可以，在这个价格上来说，很不错了。,2
13638,地理位置较好，在西街的街头处，购物游览交通都较方便，闹中取静，房间内设施也还可以，虽然离城市中的四星有些差距，但是在阳朔应该是最好的酒店了。但是心中还是有一些不舒服的地方，因在携程上订房时忘记写订大床间，登记入住时给的双人间，要求前台给予处理时，给到的答复是没有房间，但实际上还是有房间的。因此希望酒店在为客户着想的理念上需要再改善。当地的导游很好客，也很朴实，带我们去的月亮山脚下的“步高门”吃的中午饭，即实惠又好吃，赞。可惜在遇龙河漂流时照的照片遗失了。总的来说，此次旅行很开心，如有时间还会选择再去阳朔。,1
13639,反映迟钝，待机时间根本达不到1000小时，全是骗人的。,0
13640,刚开始看的时候心情是平静的，看到中间真的期待她有个好的结局，有个好的人生，可是不乐观的情节越来越多，如预感，结局让人很心痛，但是也让人平静。因为最终回归了生活。看完这本书的时候，我内心对爱情的看法再次进行了调整，身不由己的调整。生活的力量真的足够巨大，巨大的让人可以平静来面对这一切的过眼云烟和眼前与期待相差甚远的平淡。不过，很满足，平淡才最真实~~,1
13641,本来是作为考试参考书的，但读后发现价值并不在此。就考试用书来说显然没有叶朗先生的中国美学史来的精炼，但是作为深化中国传统美学思想的读本是很好的一部书，陈望衡先生不愧为“境界美学”当代领军人物，上中下三部，我得益最多的便是有关中国古典美学“意境”范畴的源流部分。推荐此书为收藏品，很好，不论是做国学的还是做设计的，都是很有参考价值和学习价值的～～,1
13642,书都没有买到，还叫我写评论，真是的，可能太受欢迎，销售太好了，都没写缺货，书也没发给我，真是的。,0
13643,"还不如直接到那里找个导游去订都比携程订的便宜,导游说十一他们能拿到300元的价格,携程给我的价格太高了",0
13644,（1）我不知道在哪里下载铃声，支持VK的网站实在少得可怜；（2）没有短信却群发功能，这对于我呢个短信迷是个死罪来的（3）无固定维修店铺，只是授权**代理，我觉得有点流野的感觉。,0
13645,没有XP  用起来很不方便的  自己装很麻烦   驱动程序还要自己下,0
13646,唯一优势是位置。房间太小，过道太窄，隔音太差，加上卫生间漏水到地板，价格却比汉庭高出近100元，实在不值。,0
13647,好书的标准很多，但是从思想性和操作性来讲这本书的确很实用，此外虽然作者也大量给我们讲了自己小孩子成功的教育事例，但并没有给我们高高在上的感觉。只要转变观念，自己也能做到。所以这是一本针对家庭教育方面将理论和实践结合的非常好的一本书。希望中国的父母都要看看，其实家庭教育成功的第一步是要在家庭中形成统一的教育观念这样才能形成家庭教育的合力，所以家庭成员应该一起学习一些好的家庭教育书籍。然后在实践中不断总结调整，相信每位有爱心和责任心的父母都会在成为胜过好老师的父母。,1
13648,刚刚托朋友搞了一台8390，是国内SED贴牌的，但配置和台湾和港版的有所不同，两电两冲，双头耳机，最为关键的是完全支持简体中文。屏幕的显示质量，可以用无懈可击来表达，无论是色彩还是清晰度均无可挑剔，其次是手机的整体做工，决不输给韩日机器，在接缝等细节部分处理得都不错，MIO越来越有大家风范了，最后需要说的是价格，目前港版的价格约在3000左右，行货也只要3700（我拿的是3700，据说市场上要4000多），如果按3700在这个价格说，应该是物超所值了，总比一些所谓的摄像手机、商务手机要好的多，何况它是一部可以可以RIY的MS Smartphone啊！ ,1
13649,性价比高，配置都可以，gta4也能玩玩，现在终于可以抛弃以前的老电脑了。,2
13650,"我是看了很久的评论才决定买的,拿到书,很失望,我感觉里面的小鸡们的名字都太难念了,我都记不清,读不顺,更何况是3岁不到的女儿呢?画面看起来也比较乱,我读着那些名字也不顺,而且里面的故事对于2岁多的孩子来说,一点吸引力都没有.只有放到一边了.相反,我后来买的那套<淘气的小格>,女儿就非常喜欢,缠着我讲完里面的故事后,还会自己拿着翻来翻去的看.她在量身高的时候惦起脚的时候,还会说:小格就是这样的.在她看来,调皮的她就跟淘气的小格一样,小格做的淘气事儿,她很多都做过,很有共同感哦.向大家推荐!",0
13651,性能比想象中的差了点，网上看电影时风扇转个不停，感觉运行能力有点吃力。,0
13652,这本书是老师推荐的（我是英语专业），很早就想买，一直没找到机会，现在终于买到了！先说书的质量，很好，没有一点儿缺陷，附带的光盘质量也很好，没有残损等等，我很满意。其次，书的内容。无论是英文还是中文翻译，都很有实用性。无论是借助其来拓展英文的学习，还是看中文来增长知识面，都是非常好的选择。尤其是光盘的录音，有一部分是当时的实时录音，真的很好！我非常喜欢这本书，这个价钱很值得！,2
13653,黑塞出身于一个高级知识份子家庭。父亲是一位传教士，母亲和外祖父则是著名的印度历史学者。从小的耳濡目染让黑塞对印度的历史和宗教有着深刻的了解和认识。悉达多的得道之路充满艰辛，黑塞的现实生活也是荆棘丛丛。也许在他的心中，自己就是这个不断潜行的婆罗门之子，终将在一次次的追寻后找到自我灵魂中光明圆满之地。诗歌般优美的文字中散发出淡淡的禅意。绝对值得一读！,2
13654,奥特蓝星的音箱比我想象中的差，声音较小，不知道是不是我没调整好！,0
13655,到货挺快，安装也及时。就是配件有点贵了,2
13656,酒店的环境很好，但因为周边修路的缘故，进出市区堵的比较厉害。房间内的设施不错，但个别细节的维护还需要提高。,1
13657,地段还不错，但作为一家4星级宾馆，设施方面实在是不敢恭维。主要问题在卫生间。我住的是标间，可能其它房间会好一点。卫生间实在是太小了，打开门在里面转个身都困难，从来没看到过这么小的卫生间。其它地方倒也还好。但就这一点，我想我以后是不会去住了。当然好的地方也是有的，自助餐还不错，内容比较丰富，味道也不错，特别是那个什么虾。,1
13658,一部便宜的商务手机!,2
13659,这套猫和老鼠，本来定了打算送给朋友的，可是第一次送货十多套，包装每一个好的，质量都有问题。听送货的说换货更麻烦，不如直接退货，再重新下订单，如此反复数次，我要的数量还没送齐。投诉无门！！！！伤心啊！！！！不过总的说这套盘只能说是物美价廉，看后发现不是正版，图像质量一般，送人要想清楚！,0
13660,"这里就说几点缺点了1\内存太小了,不支持卡,无法接受的了2\拍照效果比较差地,可以拍一些字来看效果,3\CSTN屏,效果不好,4\由于内存原因,游戏,MP3都有了一定的限制同学在用,说两句",0
13661,"临街.非常的吵.酒店的负责清洁的都是顺手牵羊或者无德之辈.共住了三次好像.前二次一次是洗发水和一次洗澡巾忘拿了.打电话过去都是没看到.估计拿走了或者扔了.因为对合肥不熟悉,并且的确没什么好酒店.住了第三次.真汗!发现酒店的浴巾什么估计外包洗了.我知道全国洗酒店桑拿浴巾这行业非常薄利.甚至不能用自来水.不幸的是估计这家酒",0
13662,外观漂亮大方，配置均匀，普通家庭用用还不错！ 屏幕感觉比dell色彩明亮些。 摄像头QQ聊天够用了。 性价比也还可以。,2
13663,我每次定酒店都是在网上翻点评，发现这个酒店的评价不错，而且价格也合理。除了我自己定一间房之外，给客户也定了一间。到达之后还真是不错，酒店考虑到我和客户接触方面的问题，给我升级房间。头一次遇到升级，开心呢。房间宽敞，干净，服务员热情而且送水果。就是因为地理原因，窗外风景不是很好。但是离万象城比较近，带着客户溜达，他也满高兴的。如果再去深圳，不去香港的话，还是住这里。因为忙，过了20天才来点评。去香港的话，就选择如家渔村小区店，楼下有饭店，水果店，药店，非常方便。就是有点不好找。,1
13664,为什么我们每天订房间，就不送水果、咖啡！协程网上有果盘送的！简直不讲道理！,0
13665,MP3播放器效果很好，完全能够满足非发烧级听众的需要，可接外置音响，通过HI-FI功放，高保真音箱释放出的声音绝对够炫！64和旋够劲，音量大的在上百人安静的会场环境下可以全场听见！支持MP3格式的确是此款手机开发者的过人之处，免除了到网上下载铃声的烦恼，还节约了银子。随心所欲，想要什么真人原唱就编辑什么图片可以用高精度数码相机照后，在电脑上修改，放到手机上去嘛！价格的确很诱人哦。,2
13666,但是质量不好/维修时间长,1
13667,价格比比较不错的酒店。这次免费升级了，感谢前台服务员。房子还好，地毯是新的，比上次的好些。早餐的人很多要早去些。,2
13668,住这里很多次了。但是感觉酒店的服务质量在下降，价格反而是不断上升。我住的房间的楼下正在装修，味道很大， 打电话给前台，前台居然说没有房间，要我忍耐一下。找了前台经理理论才解决的。,1
13669,经常数据重整~一天要整五六次。反映慢，屏幕太小，短消息铃声就四个，太少！,0
13670,c盘不分区很让人郁闷啊，我把旧电脑的东西传到本本里面了，结果使用了超过20G的空间，没有办法备份了,0
13671,光驱开机总有声音还有VISION系统总不适应，装了XP有些健不起作用,0
13672,距拱北关口近，标准间太小，豪华大床不错，服务好。,2
13673,外壳很漂亮，钢琴漆，很有质感。键盘也很舒服。拍照，速度。。。。各种，我都觉得不错，最重要的是，老公很喜欢。O(∩_∩)O~华硕这款还是挺称心的。,2
13674,正在为与22岁的儿子沟通障碍发愁，发现了这样的一本好书。我是第一次读龙应台的书，流畅的文笔，深深的内涵，对儿子的关爱，平等的推心置腹，思想观念的碰撞火花竟然这般的美丽而感人。佩服，欣赏！两代人之间的鸿沟在优美的文字中慢慢地弥合，让我回味、思考了很多。推荐给我的儿子、朋友们。,2
13675,蒙牛集团从生产到品控都有着一流的硬件设备以及非常严密的质量管控体系。进入中粮时代之后，蒙牛集团又积极探索新的产业链发展模式，在战略上进行点滴改变。 据了解，蒙牛集团联手丹麦乳业巨头爱氏晨曦进行合作，爱氏晨曦以22亿港元入股蒙牛奶。这是蒙牛集团开启“点滴改变”步伐的关键一步。,2
13676,我为女儿买了很多当当推荐的童书，如斯凯瑞、阿罗、卡梅拉等，女儿的兴趣都不大。唯独罗米系列她百读不烦，每天晚上都要我念一个罗米的故事才肯睡，很多故事她都能复述了。通过这本书，我真切体会到，合适的才是最好的。女儿通过这本书，与罗米比较，那些事罗米能做自己也能做，那些行为应该改正，通过罗米和行为了解一般的常识。我将罗米系列与女儿年龄相仿的几套都买了。,2
13677,"静音,音箱效果还行,512M的独显,这个价格的T4200  CPU还算凑合,学生及普通从业者用足够了,只要不是什么发烧影音或者对外观键盘触感要求太过分的足够了,一句话 : 中低价位的电脑中性价比很高.一点不足的是键盘不是很满意,如果用惯了ThinkPad,尤其不适应,不常用Notebook的可能就不会太在意了,比某些国产的品牌还是稍好的.",2
13678,内容有些空洞，写的絮絮叨叨，多少有点故弄玄虚，和他标榜的实用性强相差较大。,0
13679,"地方不好找,其实就是国际青年旅社.环境一般,设施简陋到地铁站要走10多分钟.",0
13680,荐书：发现爱情的人、初涉爱情的人、恋爱中的人、爱情失挫的人、为爱所困的人都可以读它，都能在里面发现有些你连你自己都道不出但却深深感受的心情纳兰已经为你道明。有爱的人都不可错过的好书。我看了，还背了好几首。,1
13681,外形好看,2
13682,不错不错不错不错不错不错不错不错不错不错不错不错不错不错不错不错不错不错不错不错不错不错不错不错不错不错,2
13683,出色的影像效果、无懈可击的视觉享受、超卓的媒体播放效果,2
13684,东西可以，但是但是但但是，物品不够缺两根PVC管及弯头龙头等配件上门安装还要收里程费，活计收了我100大洋，想不通，想不通，想不通还是想不通。,1
13685,没包，没胆，没鼠标，系统安装XP要求系统盘的版本比较高，建议大家不要轻易升级主板BIOS.,0
13686,第三次购买了，跟原来的一样东西不错，老板态度很好，值得购买。,2
13687,蒙牛换新包装了，这个好看。,2
13688,因为喜欢这部戏所以更加期待原著，可这书盗版的无以复加，本人已经出离了愤怒，不带这么坑人的人！,0
13689,与现实脱节，白领YY的产物，读起来像是一本流水帐，真不知道这本书是怎么火起来的。,0
13690,1.屏幕下方有一小区域反光，可能是漏光 2.没有光驱，没有办法刻录恢复盘，需要去找外置光驱,0
13691,看了以后觉得没法活了，心情沉重，越看越不舒服,0
13692,硬件部分：1、手机很轻薄，拿到手后被同事们看到，都说样子不错，这么小巧的一个手机。的确，手机样子设计得不错，我买的是银色那款，上半部份采用了黑色边，与屏幕浑然一体，在视觉上感觉屏幕很大。2、屏幕材质已经决定了屏幕质量，但不知为什么屏幕的亮度和对比度是不可调的。3、没有红外和蓝牙，有什么好听的铃声没法很方便地下到手机上。不过可以用彩信的方法保存铃声。数据线不在标配里，听说是可以用数据线传音乐和图片的，没有买，没试过，这点内容保留。虽然在买前就知道了，但在实际中还是有些不方便的。4、号称64和弦的铃声，不知道为什么播放出来的效果，却没有同事那款索爱K700C的40和弦好听。有破音的现象，不过手机铃声的穿透力倒是蛮强的。不知道是不是我这机子单独的现象还是总体现象。5、内存容量在现在手机里来说是偏小，如果不存很多东西也可以将就着用用。6、说实话，33万像素的摄像头如同鸡肋。我宁可没有摄像头，把这块的成本用在屏幕的改良、内存的增大和外部通讯的增加上去。7、耳机不采用挂绳的设计，听收音机时不能将手机挂着，在冬天还好些，如果是夏天的时候就会有些不便。8、才用了二天，对待机时间和通话时间无权评说些什么。买来原装一电一充，再送一电一充，让我这个用惯了二块电板的人来说满意。软件部分：1、开机的速度比较慢，开机后过好一会儿才能读出SIM卡内的信息，开始时我以为我的SIM卡损坏了。2、摇杆最下方是通讯录，而右边的软键也是通讯录，有重复的感觉，将其中的一个改为通话记录应该更为方便些吧。3、拼音、笔画、英文、字母、标点这几项是用右软件键轮流切换，这点设计和以前的飞记826相同，所以用着也习惯，但对于用惯其它方法切换标点的人来说可能会感觉到不方便。4、长按数字键选字这一设计在最开始可能会稍不习惯，时间长了应该会习惯的。,1
13693,书的质量实在是粗糙，让人大倒胃口，翻了下目录，粗看了一些内容，实在是不敢恭维，简直是一个课件讲义，毫无生动性可言，总之不像所介绍的那样好，我几乎没有兴趣再翻开这本书~,0
13694,"基本上没啥用,书看完了单词没记住几个,背单词还是得靠每天的死记.也可能是不会使用此书或者是我太笨了?",0
13695,买来装的番茄sp3，播放视频文件一卡就黑屏动弹不得，后来换了一个不知什么版的系统，就在没黑屏过。黑屏问题性价比还好吧,2
13696,机器很漂亮，便宜。配置也还可以，要自已安装软件有点麻烦。保修时间长。,2
13697,房间旧了点，有一次让我感觉有点失望，另外不含早餐，在二楼单点比较贵,0
13698,之前买过一次，所有书都相当不错这次怎么这样啊`三本书那质量都？？？不过内容不错哈``,0
13699,好长时间没有这么快读完一本书了。能够抓住读者心理写故事，语言浅显而又引人入胜。在现在快节奏的生活中不失为一种很好的消遣方式。正好教学刘基的《卖柑者言》，大多数学生对他不了解，学生不喜欢教科书上对刘基庄重而又冷冰冰的介绍哦。我趁此借用这本书上看来的，并把它换成了轻松的语言，又穿插了几个小故事，学生们很感兴趣且很快对刘基有了些了解。我还向学生推荐了这本书。谢谢《明朝那些事儿》。我还想再买几本读下去啊！,0
13700,1。画风不讨人喜欢，很粗糙，笔触不流畅2。内容多数已过时，且地域性明显3。作者想象力丰富，但过于脱离现实4。价格较高5。孩子不喜欢它,1
13701,内容单薄，没啥意思。对于没有什么文化水平的人看看是有帮助的，但是如果你是有一定的专业的人就没啥意思了。空洞，乏味，不用半天全书看完。,1
13702,"我们住的是13楼,不过因为是延马路,所以到了晚上还是有很吵的声音,隔音不太好,房间内的设施很旧,有可能是年代久远的缘故,都不及如家,莫泰168....性价比很差另外还有?",0
13703,总之，这是一本能让人引发起认同感的、也很有趣、很个性、很像那么一回事的血型书。或许每个人的身上都已不再只是某一种血型的特质，而是在相互的交融、激荡中发生着嬗变。于是，A型的人可能拥有了B型的某种特质，B型的人慢慢也习得了A型的一些模式。毕竟血型也是在不断的进化中，AB型不就是晚于O、A、B新近出现的血型类型吗？到新血型再进化出来的时候，我们一定还会有更新型的血型说明书。,2
13704,"这次入住和上次相比,感觉差很多啊...卫生间马桶一直漏水,早上打扫房间服务员简直像抄家一样, 搞的整个楼层都鸡犬不宁,想多睡一会儿都不行;晚上2层的KTV音响一直闹到半夜, 住在3层的我不但没法睡觉,连听电视的声音都有困难.下次再去扬州,我肯定要换个酒店了.",1
13705,里面的内容都是作为家长在教育孩子的过程中都要要经历的，可看性很强。很有道理，现在我按照里面讲的模仿了些，结果孩子喜欢。特别是阅读这方面，我孩子本来就喜欢听我讲故事，阅读基础是有的。现在增加了点字读书，几天功夫，她也喜欢上点字读书。我不点牢读故事书，她还会觉得奇怪。呵呵！非常实用有值得每个妈妈思考的好书、,2
13706,我只会玩电脑不会装啊 所以系统是个麻烦 得周末拿给我妹去弄 所以还不清楚其它方面怎样了,0
13707,哎，看一遍就差不多了，谁想要转送给谁啦，偶是武汉的，需要的联系我呗qq42950063,0
13708,一直信赖美的，产品很好。外观款式超喜欢。加热快。,2
13709,太喜欢了，外观漂亮，红棕相配的每一处细节都很完美！性能完全能满足我的游戏需求。,2
13710,最好是喝蒙牛的，长的会更猛哦！,2
13711,是同学推荐我读的，她很会生活，知道我们应该怎样，对一些事情妥协或者抗争。虽然我们还是学生，对白领的生活很不熟悉，但是从这本书《杜拉拉升职记》中让我窥见了那样真实的生活，不是一味的单纯和装傻，那是生活正真的智慧。杜拉拉，你让我知道原来白领生活并不是传说中的残酷和冷血，也不是偶像剧中的浪漫和幻想。你给我了一片海，告诉我在这片海里怎样掌舵是我的事情。,1
13712,"这一台我就随便了,把整个硬盘的隐藏分区统统弄掉,重新分区,把前一个系统复制过来一切ok.没一点问题",2
13713,"优点：的确是标准的海景房，从窗户就能看到大海。交通比较方便，对面有大润发超市，晚上可以在滨海路上散步缺点：太多了;1,设施太陈旧了，地毯到处都是黑污渍，房间有股怪味，虽然3星级不能要求太多，但也不能比那种经济型酒店还差吧；2，酒店客房和写字楼是连在一起的，客房走廊力有人走来走去，很没有安全感；3，服务水平很差，前台服务员可以吃着口香糖和我说话，服务非常不规范。4，希望两点退房，这几乎是所有酒店都能接收的，但被生硬的拒绝。结论：打死不住第二会！",1
13714,这本书质量、印刷还是不错的，不过它只适合五岁以下儿童看，我的孩子已经八岁了对这套书好像没有兴趣。另外这套书有些贵。,0
13715,下了订单却没有收到书，郁闷！！！如果没有更新网页在配货时才发现缺货应该及时通知客户才对呀！,0
13716,虽然是蒙牛的，但素真的很好喝，感觉比棒子的香蕉牛奶味道还要浓郁些，最后谢谢费老板金钱支持感恩诶！,1
13717, 抵制蒙牛,0
13718,应该算是第一次接触心灵方面的书，也非常庆幸找到这样一本通俗的心灵书籍。通过小说形式来阐述个个观点，解释，的确有寓言故事的味道，不过越看到后面，越觉得跟以前学的物质决定意识这样的观点好像是相矛盾的，照作者的意思是意识决定物质的理念。但都说的很有道理，也学到了不少可以击退自己悲观情绪的方法，也许还没深入到进阶阶层，几时再拿出来翻读。书的纸张很好，很喜欢,1
13719,"物超所值,此次我们是订的三个房间。感慨中西部的服务有时比发达地区好多了。宾馆反馈 2008年8月8日 ： 感谢您的入住，并期待您再次光临。",2
13720,"这本书是我读林达的书的第一本,正是这本书吸引我买了一套他的书.作为一位在西方生活了很长时间的中国人,以这种方式介绍西方,还是很少的.对于一个希望了解美国民主与自由的真相,这是一套很好的书.也曾怀疑这套书有美化美国制度的嫌疑,但最终还是打消了这种怀疑,因为作者同时也写道了美国人为这种制度付出的代价.?生命诚可贵,爱情价更高,若为自由故,二者皆可抛?,中国人有多少肯为了自由抛却生命呢?",1
13721,7月23日-26日住了三晚，338的大床房，床是2米*2米的，超爽，其它房间内设施一般，稍微陈旧了一点，不过影响不大，跟破旧还差得远！整体感觉这个价位还基本可以，不过要是跟酒店四星的牌子比，最多也就是三星标准而已！有一个问题请酒店方注意，不知道我这个是个案还是普遍现象——房间里的电话竟然不能用，连市话都要收费，而且还要交押金后才开通，这点来讲是我在酒店里头一次遇见，确实有点夸张。既然开通，干脆把电话撤了算了，免得看着碍眼。宾馆反馈 2008年8月11日 ： 感谢您选择入住我们宾馆及为我们提出的宝贵意见。对您提出的意见我们也将及时做出整改。我们已向领导反映领导也及时做出批示，以后入住商务房型的客人市内电话一律免费。希望您下次还能选择入住我们宾馆，再给我们提出更多宝贵的意见，只有这样我们宾馆才会不断提升。最后，再次感谢您！,2
13722,我住的是新装修的东楼，感觉房间挺宽敞，设施也不错，相对于隔壁的香格里拉一店都不差。只是酒店其他方面例如大堂、西餐厅的环境和食物品种还需改进。否则价格差不太远，我还不如住香格里拉了。,2
13723,初次看《平凡的世界》是在初三那年，看完感触很深，后来又陆陆续续看了好几遍，总是让我深陷其中，以前买的都是盗版的，总有很多错误，而且还少情节，终于可以买一本正版的好书了，以后也会介绍给我的孩子看的，我们这一代，对农村的生活还是有感觉的，可现在的孩子根本不知道这些事，我想只有让这些好的描写农村作品的书能让孩子了解农民和农村。确实是一本值得买值得读的好书。,2
13724,"各位會員：新春大吉,四季平安！您們好！我是生活在彈丸之地的香港人但都未曾見到大陸有這麽窄小的酒店標準房standard room。老老實實說此酒店房間真太細小！肥胖一点的兄弟姊妹很難走動！正如前一位會員講的一樣！浴室地下同水廁的坐板又是有頭髮及不能直立的！酒店及房間顏色OK的！地点不便距各車站較遠！環境不太好,太近民居就是窗对窗！RMB300元房价不值！我不推荐！！！",1
13725,拜尔勒是个完全不过问政治的青年医生。他爱好培植郁金香。并在试着培育一种没有一点杂色的大黑郁金香，因为第一个培育出黑郁金香的人能获得一笔可观的奖金。拜尔勒的邻居博克斯戴尔为了得到这笔奖金，也想培育出黑郁金香。他对拜尔勒很嫉妒，生怕拜尔勒捷足先登。他不择手段地监视拜尔勒的行动，暗中破坏他培育的郁金香。尔后他又诬告拜尔勒藏着有损于荷兰总督的信件，致使他无辜锒铛入狱，险些被送上断头台。拜尔勒在狱中与看守的女儿罗莎相识并相爱，最后喜结良缘。他们的爱情是纯洁的、真诚的，它和博克斯戴尔的仇恨和妒忌以及看守格里弗斯的凶狠残暴形成了强烈的对比。他们历经艰辛，合作培育出的黑郁金香正是他们爱情的象征。,2
13726,张竞生先生的爱情观开国人之先河，在情海爱河中自由的遨游真是不亦快哉！张老先生的爱情理念是建立在女性独立及两性平等的基础之上的，张老先生生命中的那些独立自由、勇敢追求爱情的女性是多么可爱啊！这本书虽作于半个世纪以前，但其中的观念在今天的中国仍然是前卫的，给人很多思考与启迪。书中的优美语言如潺潺流水般娓娓道来，给人以美的享受。真是“美的漫谈”啊！,1
13727,130万像素摄像头假的!电池很不赖用最多两天!游戏有问题!,0
13728,除了房间门的隔音效果和密封性不强之外，别的都还不错。我又一次将一张卡片插在取电槽了，到北京才记起来。赶紧打电话过去，告诉我服务员收起来了。一个月后再入住时找到了，感谢！,2
13729,晚上没完没了的骚扰电话，让人真的不敢恭维补充点评 2007年12月14日 ： 我打的都是1分，怎么平均出来是2分？莫名其妙,0
13730,外观不错，屏幕很大，看得很舒服，分辨率是1280X800的。屏幕下方确实有华硕LOGO，大家可以方心。室温30度下上上网，CPU、GPU、硬盘的温度大概是50、50、45左右。9650m GT的显卡在笔记本中算很不错了。硬盘是希捷5400.5，单碟250G，性能不错。总体来说，机器性价比是挺不错了。,2
13731,这个价位，配置已经算很不错了，价格挺惠的了，并且是大品牌，日常办公没有问题,2
13732,我主在709房间，该房间空调声音巨大(门外都可以听到)，浴缸没有防滑垫，浴缸水龙头把手轻轻一碰便会整个脱落，房间没有灯光总控制。电话竟然是坏的，没有声音。饭店入口很难找，前台不但小，而且一片混乱。,1
13733,"普通标准间的房门都太次了,包括卫生间的门,而且钥匙卡很不好用!还不如就住经济间呢!早餐还不错!",2
13734,"小巧,电力威猛,做工在同类产品中属于上乘(价格也如此),配置丰富,蓝牙,摄像头,读卡器,3个UBS口,键盘质量好",2
13735,不知道该酒店如何区分大床与标间？？？床和普通标间的床差不多大小，说是商务房间结果安排在一楼，如何让商务客人安心休息？？,0
13736,入住的是绿色套房，不知道绿色在哪里？地毯确是很脏，床很硬，会响，没有空调，不可以调节冷热！欢迎水果不知道放了多少天了，没敢吃。660一天不值得啊！,2
13737,我的订单是7月17日就发出来了，但是现在是8月2日，我还没有收到货。怎么发评论呢？订单上有电话呀，即使找不到地址，打个电话问一下呀，到底是出在什么地方，希望贵 网好好查一下，避免以后再出现这样的问题。,1
13738,排线容易断...,0
13739,这次没有定行政间，想看看普通大床和行政房的区别。发现房间还是不错的。床很大。服务态度还不错，门口换了女门童，笑容不错。前台接待和礼宾部的服务也不错。,2
13740,这么一个平庸的作品，怎么炒得这么火爆？汗！职场小说出现了不久，已经被炒死了，在中国什么东西都是一个快字，出现的快，死亡的也快！为什么中国人的羊性这么足，一个是我们的阅读能力被我们的教育完全毁了，很高的学历的人也缺乏起码的阅读能力。另外，中国在2000多年的中央专制统治下，把有个性的人全部杀光了，我们都是缺乏主见的顺民的后代啊！！！！！,0
13741,散热有些差，可能HP的通病。右下面有时热的太过分。 价格降的速度太快（刚买就掉了500，汗，电子产品就这德行）。,0
13742,刚刚认真的翻开《夏日历险》，看完之后已泪眼朦胧。小男孩儿为了得到自己梦寐以求的小马和枪，拼命的想抓到猴子，拿到奖金，可是梦想实现后，他却改变了主意——为了他的妹妹，可爱的男孩忍痛割爱，把所有的奖金交给妈妈，用来治好妹妹的腿。当妹妹手术归来，哥哥牵着小妹妹的小手，奔跑在山川之间时，眼泪汹涌而出。爱贯穿始终，对小动物的爱，家人之间浓烈的爱……爱，始终围绕在你身边！再次强烈推荐！,2
13743,说明书写的比较简单，这款笔记本送的三星内存不知道该怎么装，虽然说明书上写了，但是由于没这方面的经验，所以打算去保修点让专业人士帮我装，所以稍微麻烦了点。,1
13744,性价比太低，太低。还用彩页印刷。真是的。,0
13745,宝宝一岁九个月，买了这套书有一个月了，宝宝蛮喜欢的。这书给我的感觉是制作得很精致，内容也是根据孩子的一些基本生活设定的，比如《我要拉baba》《车来了》都很不错。唯一的遗憾是可能因为作者是日本人，有一点点内容不太合我们的情况。比如《我去刷牙》那一本，小河马等吃的都是寿司。还有《车来了》里去大商场玩，说到去游乐场，吃儿童套餐，我觉得垃圾食品还是不宜过多宣扬。,2
13746,哎...蒙牛，何必呢？,0
13747,内存偏小，不过送了1G，就是2G了，还是怀念XP系统，不过照情况看来预装系统vista是大势所趋了,0
13748,这是一本小说集，好多章节故事，我都已经看过了。书印刷还是不错的。但是还是买整套的好，有点后悔。,1
13749,外观看上去太普通，而且外屏方方正正，没有一点创意和时尚的味道！用了半年多，发现铃声效果还可以，但声音偏小；有几次在街上，当时就没听到来电铃声（后来在未接来电里才发现）！还有，不支持短信群发功能！一千出头的手机，我并不要求它有MP3、手写、红外、蓝牙；可连最基本的数据接收功能都没有！,1
13750,买这套书最大的原因就是看了很多评论对这套书的评价很高，买回来后发现很失望。首先是印刷质量，好多评论上都觉得非常精美，个人觉得在幼儿书籍中应该属于比较粗糙了。其次是看书的内容，大部分都过时，和现在的社会差别还是比较大。最后，还是说故事情节，毕竟是老外写的，很多情节与国情相去甚远，读给小孩听不知道会不会给她以后带来影响。,0
13751,子屏易进灰，待机时间短，短信息提示音只有一种，经常在无网络后等有网络时就关机了，电池不经用，短信息储存量很少，闹钟在关机后就不能闹了．,0
13752,虽然是老乡的作品，但是从客观上来讲的话，还是有点牵强，虽然作者的经历很丰富文采也不错，但不太喜欢结构和风格，这一次跟风跟错了：（,1
13753,位置不错，上海徐家汇中心地带，性价比一般，房间比较大,2
13754,"个人认为不符合4星的条件,房间很潮湿,酶味太重,,根本没办法入睡,浴室的条件也不怎么样,总之感觉更像个快捷式酒店",0
13755,显示分辨率是1024*576，很多东西显示不全，为何不设计成1024*600？ 风扇噪音相对较大硬盘安装Linux都不如直接给分好区啥也别装。,0
13756,很久不喝牛奶了 你有一个好朋友，祝你幸福！ 几年前，一个在蒙牛工作的朋友告诉我，別喝蒙牛奶。于是我从此没在喝。过了这么多年，一系列蒙牛的负面新闻，我只是奇怪为啥央视还在给它继续做广告呢？所以，我要感谢当年告诉我内幕的朋友！,0
13757,现在书已经看完了，无处不在的友情，亲情让我时时感动。我为少年阿米尔的懦弱叹息；为少年哈桑的遭遇叹息；为有拉辛汗叔叔这样的人对待阿米尔感到幸运；为沦落到美国不受施舍，宁愿自己受苦受累而支持阿米尔的学业而感动；为长大的阿米尔鼓足勇气为哈桑的儿子所做的一切而感动。我为书中的一切感动，好像我同阿米尔在一起生活/成长，一起面对过去挣扎，最终成为一个像父亲一样有勇气的人。,2
13758,商品安装费用花了160元 加热使用不错，服务态度是确实不错 电器中服务最好的,2
13759,超俗的一本书，感觉就像是买菜的、摆地摊的大妈们的思想。难道韩国女人就这样？,0
13760,通话质量不错。屏幕显示效果比较出色。在线看电视节目，信号稳定，画面流畅。电池待机时间还算比较理想；,2
13761,房间大，装修好，服务佳。。。就房间而言，不逊于5星还会来住,2
13762,酒店位置非常的好，客人每次都要点名入住。只是不知道为什么每次前台都为了吸烟区和非吸烟区和你捣糨糊，即便你预定时已经强调而且也得到了确认，前台也要试探着给你换成吸烟区做无烟处理，真真被打败了！,2
13763,当地的知名度挺高，出租车司机都知道，大楼顶上高挂民航的招牌；酒店设施有点成旧，入住一小时后，感觉房间内没有什么暖意，用手试了一下取暖器，发现没有热气，于是想与总台联系，但在房间内找了半天，除了在显著位置有按摩中心的电话外，实在找不到总台与客房中心的电话，只得下楼去。还好在电梯内碰到客房服务员。回房间后不久，服务员打来电话说管道老化给换间房，于是带着行李搬家。房间内的设施也很旧，有浴缸，淋浴的水很大，蛮舒服的，毛巾很旧还有破洞。早餐有各式各样的菜，感觉冷冰冰的，吃得很少。因为是下午3点的飞机，跟总台商量可不可以晚一个小时退房，总台小姑娘把头一别说不成！虽然换了房总觉得房间内不够热，得穿很厚的毛衣才行，于是第二天睡觉时又加了一条被子，到半夜就冻醒了，觉得奇怪，去试了一下暖气片，冰凉的。只能披上外衣，半夜3点下到总台，总台小姑娘马上叫来一个小伙子，一看是穿警服的。小姑娘对小伙子说看又来一个叫冷的。然后对我说，，你住的房间窗户大本来就够冷的，给你换间房，还有一样冷的房。问能否换一间窗小一点的，服务员脸一拉说，不行要价钱。这么随便就换房，在订房时协程不是说房间很紧张，没有信用卡担保还不让订，后来留意一下其实入住率极低。没办法只能换房，于是半夜三更收拾起所有的行李，先到总台换房卡，然后再去新的房间，服务员始终带着奇怪的面容看着，没有任何欠意的表示，也许值夜班也无聊，总算有点乐子。到了新房间，还是冰凉的，才发现走廊上有客房中心的电话，打过去，服务员说半夜里酒店把暖气给停了，说除了有备有被子外还有备用毯子可以都盖上。天哪！次日起床后就觉得肠胃冻坏了，咕咕叫，还拉肚子。等到中午退房，总台最显著位置放着按摩中心的广告牌，墙上挂着“四星级酒店”“青年文明号”“吉林省优秀服务单位”等招牌，不由得长叹一声。这肯定是一家民航系统的国营酒店，所以服务意识基本上还停留在“在举目无亲的他乡赏你一个铺你就该感激涕零”的文革时代。对于国营酒店，国家旅游局向来有1～2颗星的水份。,1
13764, 辛苦了 2.30号，蒙牛辛苦了，感激涕泠啊！ 果真辛苦啊 我那几天也在休假，辛苦蒙牛了 2月30日产的蒙牛奶 蒙牛辛苦，中粮辛苦了！ 辛苦啊,0
13765,发热量好像是普遍现象了，也许是天气热的原因吧，屏幕有些小，时间长了会疲劳,0
13766,"房间小,风格老.特别是服务糟糕.我是3月初住的,当时房间空调吹冷风,跟服务员反映三次都没任何效果,管他们要被子也没有,差点把我冻感冒.本来是订的三天,结果第二天一起床就""落荒而逃"",去了五华.性价比太差.相比下五华好得多,同样的价格房子大了一半不止,而且风格很家庭化,特别是我住的是拐角处的房间,大弧度的落地玻璃将芙蓉路与河西景点应收眼底.",0
13767,我也是5499时买的，本来想买NN901PA但没货，看这款降价就买了。 硬盘通电6小时，完美屏。运气好啊~~~~~,1
13768,这本小说是伤感的，是让人心碎的，查理这么一个正直，勇敢的男子汉被无情的战争绞杀是任何人都不能接受的，但小托却要承受这个痛苦，他的家庭是那么的不幸，以至于他的成长充满阴影，但他能够感受生活给他带来的快乐。看到这些，我感觉自己的生活太平凡了，太缺乏颜色了，我们有那么多的优越的东西，却没能精彩的活着，不停的抱怨，这真是悲哀。小托的坚强让我懂得了好多东西。,1
13769,"我们一家人带孩子去过“五.一”，在协程网上挑了半天才选中的酒店，但看来还是错了。1.酒店除了房间大和套间的格局没有其他可取，本来就不是为酒店设计的，但里面的家具又比北京上海的酒店式公寓落后和陈旧。2.从进接待厅(不能叫大堂)开始直到走道、房间都有一股味道，你们可以想象一下就是烟味、汗味、霉味混杂一起散不出去的味道。该楼为全封闭没有一扇窗户可以通风，全靠中央空调换风，这就是问题所在，我们住的当晚店方告诉冷热风没有只有自然风，强烈建议订房前问清除，要不真是受罪，晚上热的睡不着觉。3.浴巾毛巾真的很脏很旧.三星都不如.尤其是新换的枕套据然有股味,我以为服务员没换,要求重新更换,结果还是一样.看来是洗衣房有问题.4.游泳池是我们选他的重要原因,因为孩子正在学游泳.25米乘10米的小池子,显然没有水过滤系统,要不就是没开.水已经比较混了.游客全是当地的客人.淋浴间内除了水龙头没有任何用品提供.建议客人不要考虑5.餐厅没有尝试,(协程总是贪污我们的早餐.我在协程订的房几乎没吃过免费早餐)所以没有评价6.唯一值得表扬的是服务人员反映还算快,有投诉能马上过来解释,他们能做的也只有解释,硬件的问题他们解决不了.",1
13770,硬件质量不行，老黑屏，现在硬盘都找不到了，刚好今天是签收的第七天！,0
13771,买来送人的，没有拆包，也不知道到底怎么样？不过京东的东西，我信得过！,2
13772,自己的体质是什么类型的，该怎样养生，看了这本书让我一下子找到了方向。以前自己的饮食习惯并不合理，多荤腥少蔬果，长期下来得了便秘，非常痛苦。为此养生的书看了不少，但针对性不够强。《中医体质养生》重视个体差异，根据书中的建议，吃了一味中成药，见效很快，也没有产生平时吃泄药的副作用。对体质分析得非常透彻的目前只发现这一本，隆重推荐。,1
13773,当一本教科书看吧，也只适合职场菜鸟，看不出任何价值，亏得这么多人给好评。当小说看吧，文笔实在不怎么样，而且超讨厌书里的女主人公，看着挺完美，实际上骨子里透着股自以为是的上海小女人形象。,0
13774,酒店所处位置不错，只是搭乘德士比较不便，早餐品种虽然不多，但相当实惠可口。补充点评 2008年1月3日 ： 酒店服务态度热情周到，入住时，由于没有本人所预定的房型，酒店主动免费给予升级，火车站就在咫尺之遥，周围商店餐馆林立，十分方便，下次到徐州公干还会再次入住。,1
13775,住的是豪华房，面积很大，设施还不错，可能靠马路，有些吵。餐厅的早餐品种很多，价格35元，物有所值。前台的服务很热情，退房后要赶车去上海，行李员一直将行李送到车站，服务让人满意！,2
13776,这本书纸质不怎样，内容也不怎样。,0
13777,这本书不象宣传里说得那么好，买到家以后，翻了翻就没有兴趣了。本来是想买回来，让小孩学习英语的，拿到书以后，竟然是中文夹着英语单词，这种脱离文章来学习英文单词的方法，我是不认同的。,0
13778,USB接口只有2个，太少了点，不能接太多外接设备！表面容易留下污垢！,0
13779,儿子33个月，是相当喜欢这本书，一个晚就贴完了所有的贴图书的质量我感觉很不错，很满意，纸很厚，孩子贴完想重贴一下，也不会把纸弄坏。书中涵盖的内容很丰富，有点数方面的，有创意方面的，有图形分辨方面，孩子很感兴趣，很容易上手。家长只需配合给孩子讲出图中的要求，孩子就可以完全凭借自己的能力完成这本贴图，很有成就感，鼓励了他的兴趣。,2
13780,1.铃声效果很好； 2.屏幕显示效果出色； 3.通话质量不错，声音清晰； 4.游戏可玩性高；,2
13781,蒙牛真让我心疼.,0
13782,我这次一共定了6本书，只给我送来5本，就少这一本，至于为什么没有，谁也没给我个说法，吭都不吭一声！,0
13783,我用数据线从电脑下载铃声，大于40kb的都不支持！太烂了！！！！,0
13784,这书也能推荐？重点几乎都在为自己说好话树立好形象以及就关于某场官司的自辩上了，有钱就是好，还能出本这样的书～,0
13785,酒店前台服务差，对待客人不热情。号称携程没有预定。感觉是客人在求他们，我们一定得住。这样的宾馆下次不会入住！,0
13786,哎··蒙牛出问题了，伊利还远吗？ 还好从来不喝蒙牛,0
13787,"65536色大真彩色显示屏,40和弦铃声 最重要的是价格便宜啊,能在800多元买到这款的手机值得了,外观时尚不错酷似三星T108.",2
13788,使用拼音输入短信时，明显有延时！内屏的亮度不可调！短信铃声只有10种，不支持下载的铃声！连接网络后，闪光灯会一直闪，浪费电池资源！内置铃声不好听！设置里没有拒用其它UIM卡的选项！来电接听方式只有三种，略显单调！,0
13789,INTEL南桥是ICH9，其实不是不足，就是告诉各位装XP要找内带ICH9驱动的盘,0
13790,早就绕道蒙牛了 每天一斤奶，整垮中国人 无良的企业就该挂掉早就开始抵制蒙牛了，，，这种企业，垮掉才是合理的。。 抵制蒙牛从我做起！,0
13791,去过日本以后，非常感谢这本书救我了无数次，尤其是那个不通英语的国家，没有它真感觉很无助。连我爱人都夸我买的很实用。坐新干线3个小时，我都在听它附带的mp3，掌握了一些常用的话，学了一些常用语气，同团的人都夸我“专业”。呵呵,2
13792,预订之后才看的别人点评，立刻感觉有点紧张，甚至都想取消预订。真正入住以后，才发现没有网友反映那么不好。房间设施还是可以的，灯光设计比较舒服，宽带上网、免费长话、房间服务都还不错，早餐也还可以。店前确实在修路，但没有那么恐怖，我住的临街房，双层玻璃完全可以隔音的，当然我是住在15层。打车也还没那么困难，只要不在早晚高峰，还是比较方便的。周遭餐饮也还丰富，但要走对方向。368的房价，相比安徽消费水平来说，的确有点不低，但总体还是可以选择入住的。,1
13793,拿到这套书，我一眼就喜欢上了，做工很精致，封皮很精美，图画很逼真，很有真实感。可是我觉得我家宝宝23个月看这套书有点早，这套书的内容文字说明过长，小宝宝没那么多的耐性听完整个故事，即使听完了，我个人认为他也不会理解太多，而且书里的图画颜色不是很丰富，小动物的动作表情少，不能吸引小宝宝，如果再大一些的宝宝应该会喜欢这套书，我准备留着等我宝贝大一些再给他看,2
13794,我不是白领，也不是写字楼里的袅袅婷婷的女人们但是这段故事，仿佛自己亲身经历了一样，北京的各色建筑流离其中，感觉这个故事就发生在自己身边，有趣的是，程睿敏正是上一本书《曾有一个人，爱我如生命》中男主角的发小儿，是啊，每个人的生活，就是一本书，看自己是否用心的记录，并感动建议朋友们看一下，感觉非常精彩，尤其是心里描写和职场的一些斗争，绝对的受益匪浅,1
13795,我在上大学二年级的时候，英语阅读中有一篇课文就是节选自本书的英文原版。当时读了以后，非常认同作者的观点，并且从那是开始就暗下决心：等我有了孩子，一定要坚持给TA朗读！现在我马上要当妈妈了，所以就买了这本书，希望在宝宝出生之前好好学习一下朗读方面的知识，为今后做好准备。^_^希望更多的爸爸妈妈也能加入给孩子朗读的队伍，一起给宝宝朗读吧！,2
13796,送货及时，包装很好。屏幕无亮点，散热做的不错（原本有些担心，有的评论说华硕本散热不好），噪声小。配置高，3Dmark2005得分8600，功能全，性价比高。总之不错，比惠普和联想性价比高。,2
13797,虽然它是蒙牛的 但是真的很好喝哦 像以前的可可奶,1
13798,蒙牛挺你！爱你！支持你！,2
13799,U206照相是不错，但是内存太小了，拍不了几张就没地方了啊，可惜了。摄像功能也是个摆设，只支持几秒钟，有什么用啊？还有，通话声音太小了，讲电话听不清啊,1
13800,做工出色   性价比高 配置实用  键盘设计 屏幕色彩 外观模具都非常对得起这个价钱,2
13801,这本书简易懂，我觉得对我最大的帮助是让我了解了人的成长历程——主要是婴儿期不同方面的成长，让我在实际生活中对我的小孩多了一份理解，他难缠耍赖的时候，我以前虽然是用不同的方法解决了，但是心里难免烦躁难过之类的，看过这本书后，我再面对我的孩子的时候，不会再头疼了，他的不同的表现都是符合他这个时候的年龄特点的，我会更加理解他，耐心欣赏分析他，也会调整自己做一个更好的妈妈。,1
13802,《曹全碑》存世最好的两本拓本之一。可以被日本人所掠，原件现在日本。是我向往已久的古籍善本。该本版本保存良好，有吴昌硕的跋。好书好贴。临习时需要注意：有些字是在泥土尚未剔清时所拓，像首行曹国之“国”字，从拓奉上看能区分出字内泥土吸墨后形成的字迹，“因”字的左侧亦如此。另外，部分文字笔划细瘦，亦与字内泥土的残留程度有关。文物出版社能出这本字帖，真是不易。值得收藏，学习。,2
13803,很后悔买这本书，觉得并非作者自己的观点体会，而是东拼西凑来的。想吐的感觉。（心情指数为什么没“气愤”可选？）,0
13804,亲爱的沙皮。很可爱。虽然拿到的书跟我想象的是不一样的。原本以为是跟普通的书差不多大小的。到手的也是一本四四方方的书。但是，整体感觉还不错。文中以淡淡的忧伤淡淡的惆怅絮叨着刀刀和沙皮。一种被所有人羡慕的爱。沙皮的形象很可爱，一圈圈的眼纹中迷茫的大眼就这么直视到你心里。没来由的就有些许怜惜了。人海中的那个小点，我们又何尝不是。很喜欢那种脸蛋是月亮的蒙娜丽莎，安静祥和。,1
13805,幸无日本车辆损毁事件发生，否则传出去，实在为国丢脸，想想也奇怪，贪污腐败你不气，蒙牛蒙人你不恼，洗脑教育你不理，抢地强拆你不管，小日本一个“购岛”决定就搞的你潮吹不止，还把同胞用血汗钱买回来的车砸掉，还把学日语、买日货、去日本留学的同胞打成亲日分子，恨不得碎尸万段，就知道窝里斗！,0
13806,"还可以,也许是小说得缘故吧,不够深入,只是一些皮毛",0
13807,1、屏幕下方的导航按键及拨号、挂机键设计得十分糟糕，操作非常不便。特别是导航按键，又小又紧凑，按起来非常吃力。而在一些操作中又不得不用到导航键，比如机子自带的游戏基本上都要用导航键操作，结果就是这些游戏基本上都没法玩。2、TF卡有兼容问题。当时买机子时附送的64M卡已经拷了几首歌曲，卖手机的小姐放了一首试听了一下很正常。结果到我买回来后再放就显示“格式不正确”，一首歌也放不了。我又试着进行复制、删除等操作，结果总是显示“记忆卡写错误”，后来连记忆卡上的内容都无法显示了。连到电脑上格式化后拷了几首歌放了一下又正常了，但用手机上的更名、删除、复制或移动功能操作一次后问题又出现了。最后拿到售后那里给工程师看，他说这款机子设计有问题，不支持32M以上的TF卡。无奈之下我就把机子退了。不知道这个问题是这款机子的普偏问题还是个体差异的问题。3、SIM卡上的联系人不能设置来电铃声、来电大头贴、来电群组等功能，不够方便。4、未接电话和已接电话显示区别不明显，如果不仔细对比未接电话和已接电话的小图标颜色，很难知道哪些是未接电话，哪些是已接电话。5、拍照效果很差，怎么拍都很模糊，不知道是不是我买的这部比较糟糕。而且设置了拍摄延时到时间后不能动，还要再等一下，否则就拍废了。6、说明书说明简陋，很多功能都没有详细说明，一些功能根本就没有任何说明，比如未接电话和已接电话图标的区别。7、后盖设计不理想，打开费力，打开时总是担心把下面的两个塑料卡扣扳断。8、没有提供任何软件可以备份电话簿到电脑上或者在电脑上对手机里的数据进行操作，只能当U盘用。,1
13808,因为去年住过，感觉房间好像装修过了。但是早餐好像和去年不一样了。我去的时候两个老外去了豪华的餐厅，我被安排在下面。。。 早餐很差。。连沙拉都没有。。如果需要购买好一点的早餐，酒店应该先向顾客说明。,1
13809,但是老是花屏，听筒的效果不好，而且下载的地址不多、非常困难。,1
13810,安装有点贵，其他不错,0
13811,没发现什么优点，回来了开机什么都没有，有自己装的XP也没费什么劲，麦有些问题。对方听不清。调了好久才好了，整体还不错,2
13812,轻巧，适合女士和商务人士使用，think的口碑在那里放着的，键盘是全尺寸的，什么人用都合适。,2
13813,没什么故事情节，都是主人公在叙述，身边的亲人一个个死去了，唯有他还活着！真是太累心了！受不了这样题材的小说！,0
13814,第一辑是从朋友处借来看的，不仅小孩很喜欢，我也爱不释手。倒不是崇洋，该书的角度的确和国内的儿童图书不一样，没有一味地说教，而是生动的故事。让小孩能够感受到看书的乐趣，我想这是读书最主要的。所以当“我要找到朗朗”出来后，我毫不犹豫就买了，出了第二辑我也毫不犹豫买下，同时也介绍了许多朋友买。遗憾的是第二辑包含了“我要找到朗朗”这本书。,2
13815,酒店真的像足了2星级的感觉，除了早餐不错，从服务到住宿，没有一个能让人满意一点点地。。。房间里的怪味……唉,0
13816,"这是我第1次给全五星哦^_^超级快!这是最快收到书的一次了.我是中午的时候订的,结果第2天上午就收到了,算了一下,1天的时间都还没到呢!在此,感激下当当的服务...我的确是很急需这本书呢.关于书的本身,也很不错.内容还是很丰富的,值得推荐,对于训练和培养逻辑思维套式有一定的帮助,推荐一下~还有祝朋友们都面试成功,哈哈哈~",2
13817,女儿才六岁半，她看不懂里面的数学故事。但她读过《西游记》和《封神演义》的少儿版，对哪吒和红孩儿有些了解，所以书拿回来她就不停地看，连洗脚的时候都会让我把这本书拿去给她。有一天，我听她在自言自语：1001000...我知道这是书中最大数最小数那一章。我敢打赌她一定不懂这些数的意思，我也敢打赌她心中一定想知道这些数的意思。所谓兴趣，就是在这样轻松愉快没有压力中产生的，但愿能陪伴她终生。,1
13818,反应十分缓慢，用了不到8个月，坏了5次了，现在还在修理！,0
13819,读了这本书，我有一种感慨。西方的书商卖的是服务，中国的出版商卖的是商品。这本书的量表你可以直接从网上下载，马上就可以用于实战，而我们中国人的书，连书上的内容都要省略一部分，动足了脑筋让你学不会。我们总说和世界接轨，书价差不多了，但服务还差得很远。现在大概是和非洲接轨。这本书虽然是外国人写的，但我们也可以用。只是要注意文化背景上的差异。,1
13820,唯独感觉商家预装的linux系统实在用不惯，以前从未接触过。建议商家以后预装别的系统,0
13821,"有大把的时间,没事干;有大把的钱,没东西买,那就买一本吧,最起码能有个心理安慰,觉得有了它,就能掌握自己的20岁,规划自己的一生了。其实,看过之后,只会觉得,象是妈妈在你耳边絮叨了一番,什么用都没有,扔下了,反而清净了.",0
13822,当初对这本书抱很大期望......谁知道内容跟书名完全相反!!!!不但不好笑........里面的插图很假......好像很勉强的把一些图画来PS........太勉强去找碴......根本一点都行不通!!!!,1
13823,这本书没读到底，不是特别喜欢。完全可以用序中的评价来表达我的感受：可以包容，却不想实践。除了物质，我们要追求的还有很多。,0
13824,这书籍图片繁琐 翻译的质量也普通 我家小孩子也不怎么喜欢看人家英文的用字用语都是牙牙学语阶段的 翻译的很成人化,0
13825,"写法的确新颖，可惜缺乏文学造诣：语言市井化、表达娱乐化，终究难成传世之作。当下中国庸俗文学(不是通俗文学!)屡屡盛行,中华文化堪忧!无怪乎泱泱中华数千年,提及经典之作,无出四大名著之右!可惜钱了。",0
13826,4999买的，平心而论，这个价格买这个做工的东西，很不错了。样子很干练，拿来商务很不错。,2
13827,期望蒙牛能够为国人提供越来越好的牛奶。,2
13828,"上次是半夜到上海请携程帮忙订的这家店,对携程的服务是满意的,但是对这家店实在不敢恭维,窗户不能完全锁闭,空调效果也不好,房间潮湿又没有手机信号.不过携程的预定员事先告诉我这个房间是协调出来的,不是太好,算是自作自受吧,谁让自己选了呢.希望下次住过去的时候别再是这样补充点评 2008年1月28日 ： 还有,怎么听怎么觉得前台的用语不规范,刷我预授权非要硬硬的和我来句----先冻结你四百.",1
13829,用电多，不能下载超过40KB的东西，与电脑连接也只能下几个个性铃声，让人郁闷，游戏也差，动不动收不到彩信，上网死慢。,0
13830,作为个人经验在网上谈谈可以，但拿来出书就有点过了，书中还有些明显的谬误。不过文笔还不错，建议写写散文好了。,1
13831,是一家很实惠的酒店，交通方便，房间也宽敞，晚上没有电话骚扰，住了两次，有一次住５０１房间，洗澡间排水不畅通，也许是个别问题．服务质量很好，刚入住时没有调好宽带，服务员很快就帮忙解决了．,2
13832,没有电话录音功能，手机特殊功能里没有英汉双语词典。朴实的外观，内在的品质，扩充内存后可以听MP3、看3GP格式的电影、看电子书。我很喜欢。有该机的朋友可以一起探讨QQ：539522629,2
13833,没有什么特殊的功能。,0
13834,"一直是再重复说男人要得是成绩赞美,女人要得是聆听观点有点单一,至少不能给我什么启示和帮助和刚开始期待的很不一样个人感觉很一般",0
13835,很不错，服务和房间设施等都很好。我是端午节和女朋友一起去的，女朋友手机没电可问总台借万能充电器，很快就送来了。那的饭菜也很不错，好吃，呵呵。总的来说很好,2
13836,飞机改期 凌晨到的 入住办的挺快的 预定的时候有要求不靠马路 也满足了 到了4楼还有值班的人过来关心 这点不错 单人间 房间不算很大 但布局很合理 所以空间足够了 很简洁和干净 浴室很简单 够用了 热水情况良好 水温也合适 房间隔音效果比较差（指对于走道而言）一早上就能听见走道上人来人往的热闹劲 如果早上要睡的晚一定要把‘DND’牌子挂出去 不然服务员8点多就来敲门了 客房服务员挺客气的 有什么要动的都会事先询问你 走的时候还敲下门 和你打招呼 你出门遇上她们 她们铁定和你打招呼 房间里的宽带网速很慢 经常断线 还有就是晚上一到9点30 肯定会有人打电话问要不要足疗 然后早上房门边上的地上会收到一张卡片 内容。。。自己联想 门口的保安不太管事好像 看到你拿很多东西都不会过来帮你提一下 交通很方便 到西直门啊 西单 动物园都有车 很近 附近吃的地儿也挺多 离什刹海也不远 挺好 哦 对了 门口在修路 还停好多车 走起来特不方便,1
13837,"这个酒店唯一值得称赞的是销售部的一位女士,但是很抱歉,我忘掉了她的名字.评价:1)性价比绝对不值得,附近的同类酒店很多,性价比都比这家好2)除上面提及的一位销售部的女士外,其它的人员都很差,前台完全是招待所的感觉,而且是国营的那种招待所的印象(入住时是半夜,前台穿着军大衣睡眼朦胧的样子简直象演电影一样的标准)3)这家酒店离火车站十分钟的步行，我打了四个电话都没有找到，最后找到时才发现，这是周围所有酒店里唯一夜间没有彩灯的，黑灯瞎伙的确实没办法找到，接电话指导的人完全没有地理概念．4)入住时，前台说的第一句话是＂没有你的定单＂，第二句是＂肯定没有你的定单＂－－之前只问了我叫什么，就象审犯人．我打电话给携程确认时突然又来了一句＂找到了＂，唉！房间连续改了四次，我在前台已经不知道该怎么办了．一会划掉房号改成另一个，一会儿又改回来．．．．．．5)最最要命的是，完全没有按之前定单中注明的要求安排安静的房间，这与携程之前的短信和电话的说法是完全不符的．6)一大堆投诉，直到第三天离开（如果不是因为事情多，第二天早上就离开了）前才接到销售部那位女士的回应--送了一个果盘，唉！7)早餐不要指望什么，本来就内容单薄，八点半就已经主菜大多没有了，热东西少，服务要求反应永远很慢．唉！不推荐入住．南昌实在有太多选择了．不过关于服务，客观地说，南昌整体的服务意识也确实是不高的，但是这家确实是太差了．宾馆反馈 2008年4月14日 ： 尊敬的比哥儿比哥儿： 您好！ 首先感谢您入住锦昌大酒店为我们提出宝贵意见，为此酒店高层管理人员非常重视，并特地召集各相关部门专门开会对您的投诉回复如下： 1、 锦昌大酒店在南昌市三星级酒店中评价、服务、专业化均较好，性价比我们将会更进一步提升； 2、 前厅部深夜班次员工的工作状态、着装形象我们将在您的鞭策下严格管理并由我们值班经理全权负责检查，树立一个良好的接待形象； 3、 为了让更多宾客晚上能顺利地找到酒店，我们将推迟2小时关闭酒店的外墙灯，并针对总机及前厅部门进行酒店详细地理位置的培训； 4、 对于询问预订工作程序，我们着重培训员工具备首问责任制工作原则，第一时间为顾客解决问题，并要求做到不对顾客讲“没有”“不知道”类词语； 5、 安静房是指锦昌所有房间，分南北两边，南面是居民住宅区本身具备安静条件，北面是靠马路房间，07年已全面安装隔间窗，您住的8821房是北面已安装了隔音窗房间，如仍未达到您的要求，我们酒店高层管理人员会尽最大能力为您解决； 6、 营销总经理晏艳春女士在接到前厅客户意见反馈后随之上门拜访，并赠送果盘希望能得到您更多的理解与支持； 7、 早餐经我们统计每天至少保证有四十五个品种，其中最少有十个为热点，另外所有蒸品全部保证热度，至于餐厅的服务我们将不断完善。 我们热忱欢迎您再次入住锦昌大酒店。 江西锦昌大酒店 2008/04/14",1
13838,炒菜讲求色香味俱全，缺一不可，书也一样书的质量很好，图片特好看，在这种前提下看一道首的菜谱感觉是口水直流内容涉及的范围很广，冷菜热菜小炒到煲汤应有尽有，配料大多选常见的，炒菜流程很详细也很易操作，新手和老手都可以为之一读。而且在对健康饮食越来越重视的今天，有一系列的保健菜式的确是个不错的选择炒菜有时炒的时一种心境，看好看的书炒漂亮的菜。不错！,2
13839,酒店大堂达不到四星，房间一般，也达不到四星标准，服务员没有礼貌。,0
13840,不支持MP3！电话本容量小！短信容量也不大！待机时间比较短！,0
13841,可是，在八月初因不小心把屏给弄坏了。这下惨了，哪儿也没配件，哪儿哪也修不了。到现在都快一个半月了，还是没配件。,0
13842,在电视上见到于丹，佩服她的口才和思维，就买了这本书，但有些失望，书里做人做事的道理很中肯，但舆论语的联系感觉很牵强，只是借论语之名的感觉在抒发个人的感悟。买得有些后悔。,1
13843,"带正版WIN-XP家庭版操作系统,全国联保. 避免了自己安装WIN-xp的麻烦,用得放心.",2
13844,1、电池总是莫名其妙的，有时是两个电，还没等用呢就变一个电了，等把手机放起来不用，又变成3个电了，所以我怀疑CECT手机的电压检测芯片不准，要不就是设计上不合理。2、触摸屏非常容易坏，我买回来才4个月就不好用了，我去售后修，售后就说修不了，就的返厂，而且还没有代用机。而且返厂还要等售后有时间。3、我真想支持一次国货，可是国货也太不给咱老百姓长脸了。在长春的手机售后中心，别家的手机售后门可罗雀，可是在CECT手机的售后得排队。我还有个朋友，用的也是CECT的，用了4个月都换了主板、触摸屏、电池等等。现在拿到手里就是“新机”了。,0
13845,6芯电池太重了了。。虽然续航时间长，但是未必所有的用户都会需要这么长时间，可以考虑提供3芯和6芯的一个选择,1
13846,6好消息让人振奋啊!! 支持好音乐 #蒙牛酸酸乳MusicRadio中国TOP排行榜#本周内地榜单揭晓恭喜大宝 凭借新歌＜请不要对我说sorry＞夺冠 更是势不可挡新歌＜V Space＞刚一上榜就荣登第6位。大家一定要继续支持哦！,2
13847,该酒店是我住过的最差的酒店，房间设施陈旧，一股霉味，床单被褥粘糊糊的，最可气的是服务员绝然会栽赃陷害住客，我在那一共住了4天，7月20日结帐的时候前台说客房服务员检查发现有个付费毛巾被开封，我经常出差，住过无数酒店，还第一次遇到这种事情，我住酒店从不动那些付费用品，房间就我一个人住，其间没有任何访客，谁会去打开那个破包装毛巾，开了一个小口又不用，可酒店服务员硬说是我打开的，一个酒店硬件设施差点没什么，服务质量差点也有情可原，但服务员不诚实，甚至栽赃顾客是有本质问题的，奉劝大家千万不要住这家酒店。,1
13848,真不知为什么该书排行榜一直靠前，这是我看过的历史书籍，写作水平及文法最差的！！！差的没法评论。小说不像小说、传记不像传记，散文不像散文，正史不像正史，戏说不像戏说.....想学易中天，形似神不似，想学郭德刚，有缺乏幽默感....全是作者在用连中学生都不如的，貌似华丽的的文辞在不停的堆砌.....不知其他读者有无同感？,0
13849,看过于丹解读论语的视频，受益匪浅，想要买本书来收藏。明明都提交成功了，却没到货，无比郁闷……,0
13850,"房间很好，符合五星级的标准。酒店离沟口及边边街都比较近，是去九寨沟旅游的最佳选择。补充点评 2008年7月21日 ： 地震对该酒店没有任何影响。宾馆反馈 2008年7月24日 ： 谢谢您的点评,欢迎下次下榻我酒店!我们将为您提供更周到的服务及优质的产品.",2
13851,"667M的总线,却搭配DDR2 533的内存,十分不合理,重量确实偏重,但比起一般的笔记本还是轻的多,底部中心的发热量比较大,但目前25度左右的气温,还算可以接受.",1
13852,正如这本书的介绍一样，是家长不喜欢的书，书中的主角设计的很难看，孩子看了居然哭了。内容很简单，简简单单十几页全是一些家长不让孩子做的行为，不知道大点的孩子看了是会学习大卫的做法还是能够从中学习而不这么做？,0
13853,配置较高，没什么噪声，运行时很安静，散热好，DVD刻录，加装上一条1G内存，速度很不错,2
13854,送蒙牛...健康才是最好的礼物。,2
13855,真漂亮，我喜欢，质量好，跟描述的一样,2
13856,蒙牛我喜欢,2
13857,宝贝已开始用，实用赞一个。,2
13858,别喝蒙牛，让倒闭,0
13859,看到的请转发。抵制劣质蒙牛！,0
13860,总体来说还可过得去。我们入住时，房间还未打扫，和酒店人员反应，马上处理了。房内设施应该只够三星！宾馆反馈 2007年7月27日 ： 现在正值旺季，酒店的入住率较高，所以出现了上述情况，我们对此表示歉意。目前酒店已制订了一系列的相关措施，以保证旺季能及时安排清晨到店客人的入住。我们十分感谢您提出的宝贵意见，希望您下次有机会能再次入住我们酒店。,2
13861,很好的宝贝,2
13862,这书不是很喜欢，我女儿5岁了，这书我认为不适合中国的儿童，其中有一本，完全就是学英语的单词书，如果要教孩子必须要求家长有标准的发音，这对外国孩子来说也就是一本2岁以内的识物书，没意义，如果要学英语，同类的专业教材要好的多，而且有很多情节和中国国情不同，孩子不好理解。,0
13863,品牌的东西，值得信任。,2
13864,还以为写的有多好看呢，唉，真是个“用心良苦”的作者吧，贴满了大量我们中国人错误的英语图片，笑没被笑死，丢脸死了。有的文章纯粹我觉得可能还是编的，比如说表姨妈的时候，说成了watch aunt，这可能吗？？？除非开玩笑的时候故意的吧，任何一个学过英语的初中以上的人都难以犯这种错误吧？翻了几个故事看了之后，积极性大受打击。本来就想当本笑话书来看的，没想到难以笑出来。。。,0
13865,1.醉薄皮草的优雅设计2.屏幕效果优秀，声音透彻响亮3.270度旋转易拍4.MOBO物语贴心实用 ,2
13866,性价比高，服务挺好，有房可延迟退房，对于坐晚班飞机离港的游客是非常有利的．只是希望早餐收费可以和CTRIP一样，80元的自助餐还是有吸引力的．另，打的到广九东铁太贵，建议打到金钟坐地铁．,2
13867,有声音和没声音是一个样子，反正你都听不见,0
13868,买了这本书有被骗了的感觉，里面的内容实在很一般，不过挺适合小学生看的。通过CCTV10的百家讲坛，于丹变成了像易中天那样的学术明星，的确于丹有非常吸引的人的个人魅力、文化气质，但这是非常空洞的，非常片面的。《于丹〈论语〉心得》售逾450万册，这不能说明什么，只是人云亦云、羊群效应罢了。如果还是小学、初中的水平，建议你看于丹的《论语》《庄子》心得，高中以上的，最好看傅佩荣先生著作系列。如果你看了傅佩荣的《论语》《庄子》心得，就会觉得于丹对于论语的理解的境界远远不如傅佩荣先生理解的境界高。用易中天先生在百家讲坛说的其中一句名句来评价于丹，“不过如此”。,1
13869,有感于最近蒙牛的广告：我们专注于幸福的每一个点滴，点滴，是长大后独自漂泊异乡的泪水，是淡淡的挥之不去的乡愁，是对未来美好生活的渴望，也是大都市繁华小形单影只的偶尔叹息，苦，泪，但是因为还有梦想的阳光，就抿起嘴角，微笑，无论多么柔弱也要奔跑坚强。人生，有梦，才美好。点滴也是幸福。,1
13870,看到网上评价比较好，翻了一下觉得很不实用，讲了一些大的经络自己没有办法操作,0
13871,有的看法是，日常生活啥都吃，吃全乎点，就可以了，不用补，没事找药丸吃干嘛，是药三分毒。我的看法是，现如今，吃到肚子里的仅仅是看起来是某种食物，真正的营养还有没有，不敢说。化肥，农药，转基因，瘦肉精，尿素，避孕药，市场里所有食物都妖艳的很。而且大家都日趋早熟，20岁有皱纹，30岁有50岁的心脏，催肥催肥，医院越来越忙不过来。为了健康，此书里提出的很多抗氧化的方案很受用。,2
13872,同事的遭遇 关注一下 鄙视蒙牛 我已经一年多没买过蒙牛产品啦,0
13873,横纹的设计虽然有整体感，但是显得有点跳跃，尤其是打开后，键盘区域也布满横纹，显得杂乱,1
13874,"说实话买这本书是为了跟风,赶时髦，买回来就后悔了~呵呵,可能是我不太喜欢这种女人的历史眼光",0
13875,"看到一半的时候,有几页纸是空白的,蛮好的一本书就这样中间断了一截.想退货,可是已经在书上做了笔记.",0
13876,第一次在网上定酒店，价格是428元，感觉房间比较差，以前来乌市每次都是以朋友公司的名义订房，价格很优惠，这次是自己定的，现在是淡季，我定的428元的房间朋友定只需要320元就够了......,2
13877,非常不愉快的入住。朋友是晚上11：30左右到达的，此时的柜台服务只有1人，连服务生整个大堂只有3个人，因为年纪比较大，本来行李想让服务生帮忙，招手示意后他们竟然不理睬并且跑开。check in的时候连刷两张信用卡竟然说信用卡不能用，很莫名其妙。房间的设施极差，灯光很暗，酒店的东西非常破旧，真是有损5星级的标准。难怪朋友会说这家酒店的客人非常少，都吓跑掉了。还是在繁华的南京路附近，真是丢人。,0
13878,发热量大，尤其是vista系统升级时候，底部有点烫。宽频比一般的12寸本大，感觉像是13.3的。,0
13879,风扇转的比较频，这好像是Acer通病，音质没49系列好，电源插口有点紧不太爽，每次拔出要花点力气，还有装系统比较麻烦，建议acer以后直接放个dos方便安装。,0
13880,题目好 但内容空 给人感觉在说空话,1
13881,媒体炒作得太厉害了，平时没有时间看电视，慕名买了书，恭恭敬敬地拜读，却发现其实一般般。,0
13882,"支持MP3,这点我爱!内存容量超强:64M,多少文字和图片基本可以下了;而且可以当移动U盘使用,接上电脑,信息传输,非常实用!音效不错,声音较大,无失真的情况!还有一个简单的摄像头.",2
13883,"我觉得不闷的人千万别去看这本书,看了后超级郁闷,是一本很闷的书,我只能这么说了~~",0
13884,两个人的宿舍好清冷啊！心情变得平和了许多，大家都回家的回家，出去玩儿的去玩儿，我坚守阵地，明天早上又要去上课了，给自己鼓鼓劲儿，珍惜这最后的时光，让自己每天都能有个好心情。我为蒙牛代言。@牛根生,2
13885,"这是我第一次通过当当网买书，朋友说这里买很合算，于是试试看。通过这次买书,觉得当当送书的速度很快，隔天就到了。书和以前在书店里买的《走遍德国》比对了一下，发现就是少了外研社的标志，我不知道是不是正版的。翻看内容，印刷质量还蛮好的，应该没什么问题。很快就要用这本教材了，如果没问题，我以后还会选择当当网买书。整体感觉还是挺不错的",2
13886,"我觉得这是我在如家服务最好的酒店了..交通方便,就是不好订到房间,要住的朋友最好提前几天订哦",2
13887,地方偏僻，而且禮賓部根本是沒人服務的，前幾天去住的時候，空調都沒有，酒店借口說，已經開了，但是一點風聲都沒有，為了省錢，搞的這樣，好誇張。下次一定不會入住該店了。,1
13888,左边掌托比较热，比右边热很多； 交易完成确认太久啦，要8天，效率太低了吧。,0
13889,"小说中的人物硬要说是真实的,起码是源于生活高于生活的编写.不让别人去求证就是作者心虚,很虚伪煽情又要说成是真实的一部作品.",0
13890,"产品不错,用起来挺方便。",2
13891,下订单过了4天还没有收到，不知道当当的配送是否都是这个效率？投诉过去，客服回复说属于正常现象，处理订单时间当当说了算！,0
13892,我家小姑娘刚上一年级。给她念了这本书，她非常喜欢也很向往豆豆的生活，结果在课堂上复制了豆豆的动作：把上课时把课本打开又合上，打开又合上。老师叫起了她，罚她站到一边。结果她也象小豆豆一样，对于罚站无动于衷，沉浸在她的小宇宙中。最后的结果当然也和豆豆一样，被请了家长。我只好告诉她，书里虽然也是真事，但是，你不能把书里的事搬到你的生活中重演；否则你要是被学校开除，妈妈可就没辙了。晕啊~,1
13893,在长沙各大书店跑了个遍，还是没有能买到这本词典（是在上研时我的导师力荐的，但一直没有去买），幸好有当当网，这么快就让我拥有了她，抱在手里很有感觉，比对了以前买的一些英汉词典，发现确实不一般，词条要丰富很多，而且注解也很详尽，唯有要说的是，要是条目能用彩色标注，不全是黑糊糊的，眼睛会好受很多，毕竟字体太小，加点色彩会要柔和一些的：）,1
13894,不知道是不是本人比较笨我怎么都联系不上客服查也查不到我的书到哪里了无语……不是全球最大的好象还没达到国际标准,0
13895,这本书我连续看了5遍。每一次都是看完结尾马上又从头看起。书的内容大概快背下来了，可是心情却还和第一次看时一样伤感，也有些感动。可能是世上的真爱越来越少了，才会越来越喜欢在书中获取安慰，也可能是麻痹。突然觉得皇如月其实有些可怜。尽管最后她得到了真爱，可是却经过了上千年的等待。这样的痛苦大概没有人会承受得住。时常会陷在自己的幻想中，如果我是她，我会怎么样？会怎么样呢？,2
13896,我没有语言来形容这部书。看到这部书是从我手机的QQ信息里。当时简单的看了一下大概内容还可以。偶尔上网时来当当上看看就看到了这本书。买了第一本回去看了。这一看就是一发不可收拾。看了已经十多遍了。每次看心里都有揪心的痛。还让我的很多同事看了。现在我已经很珍惜的收藏了这本书。现在又买了这部书的第二部续集。希望又一次可以打动我的心吧。四眼小狗网很珍惜这本书。希望大家都来分享,2
13897,虽然电视、网络等媒体对于丹大肆炒作，但我并不欣赏她对论语的讲评，或许是仁者见仁，智者见智吧。,1
13898,在胡同里，不过还算好找。房价便宜，酒店设施简单，但还比较干净，离北京火车站很近，步行都可以。出胡同口就有小吃店，如果要离火车站近，可以选这。补充点评 2008年4月21日 ： 之前给的点评错误，因为看错宾馆名字。北京东方和平宾馆这家酒店给我感觉不好，虽然地段好，就靠王府井大街，但退房速度慢，房间隔音不好，有味道，看上去不干净。下次不会去了。,1
13899,非常喜欢作者的文笔，从中可以找到两人间的相处之道，不管是交往中的情侣，还是过着婚姻生活的夫妻，大家都要相互迁就，努力学习，我觉得这应该是我们要用一生用心经营的课题了：）它是不分性别，不分年龄，不分人生历练程度的，人生的每段时光，都有我们要了解，深知的哲理！也希望大家能相互分享你自己的感悟，谢谢~,2
13900,我恋上她啦：时尚！小巧！智能！毫不犹豫，用她替代了我的的MOTOE680I！但我很快从最初的欣喜跌落到低谷！ 1、电池不够耐用，接打1小时电话只能待机一天。 2、MOTOROLA 明 2006年主打手机，内存太小只有几M。真小气！3、智能手机，买它就是为了方便好玩，可是软件太少！智能有什么用？4、200万照相机的效果差！怀疑是插值，和其他的手机（200）比真是……5、好看是好看就是怕用手去摸它。为什么？ 不是怕把她拿坏，是只要用手去拿它，它到处都是我的手印！6、这样的高端手机用了一段时间就会划伤！不是人为！ 是只要一用就会划。 是因为打电话的时间把手机上盖打开，上盖和下壳的接点没有胶垫缓冲，硬碰硬造成！7、连个挂东西的地都没有！8、40和弦的铃声音量不是很大。简直就象病猫叫！我用软件把MP3的声音放大在把它传到A1200里，结果还是大不了多少。 9、屏保不可以用动态屏保。10、 A1200的屏倒还可以！真想把好看的图片当屏保多看一哈！可是在待机的时间怎么也看不了图片的全部！A1200的卖点就是《 明》 ，明就是透明嘛！在待机的时间透过上盖可以看到好看的图片那是多么爽的事情！ 如果想看时间，星期，和功能时，在按一下键盘就可以了！ 就是这点小事情MOTOROLA 都做不好！,1
13901,"一直是再重复说男人要得是成绩赞美,女人要得是聆听观点有点单一,至少不能给我什么启示和帮助和刚开始期待的很不一样个人感觉很一般",0
13902,坑人的蒙牛！！,0
13903,没什么感觉，只是觉得图片还蛮好玩的！至于英文方面，反正对我而言，不会想用这本书提高什么英语水平就对了。,0
13904,礼品有没有无所谓，关键是价格要合适，送的刀具真不知道做啥,2
13905,收到后，发现光盘上尽然有道裂缝，已联系dangdang退货，建议dangdang换个快递吧。,0
13906,还不错,2
13907,屏幕上有1个坏点！！！只是光盘带的SATA驱动不太明白，还带的有无用的驱动（比如指纹的）， 京东多的东西都送了，一个鼠标也表现得那么吝啬。 可以不要送瑞星那玩意~~~换成鼠标就好了！,0
13908,贵公司14号发出，为什么到今天还没收到呢？今天已经是26号了.12天了，还没收到书。,0
13909,以为是和电影一样，原来是很多的故事的删节篇，没什么意思。上当、上当。,0
13910,这是一部全景式地表现中国当代城乡社会生活的长篇小说。全书共三部。作者在近十年间广阔背景上，通过复杂的矛盾纠葛，刻画了社会各阶层众多普通人的形象。劳动与爱情，挫折与追求，痛苦与欢乐，日常生活与巨大的社会冲突，纷繁地交织在一起，深刻地展示了普通人在大时代历史进程中所走过的艰难曲折的道路。特别是主人公面对困境艰苦奋斗的精神，对今天的人们仍有极大影响。,2
13911,房间、环境、服务都可以。只是上网不是免费，HK$156/24h!!,2
13912,交通很便利，环境尚可。提供的早餐也比较好，就是旧了一点。总体上说还是令人满意的。,2
13913,440的江景商务标间面积很大，顶棚的灯很亮，看松花江一览无余。报业大厦也终于开通了免费宽带服务，只不过下层朋友说的免费套套已经不提供了。,2
13914,不支持发送名片功能。电话薄查找不方便。,0
13915,每个小鸡的动作和神态都不一样，很可爱，喜欢画画的儿子非常喜欢书的插图。文字很幽默，我们一家三口同看，笑得合不拢嘴,0
13916,完美屏，打开不感觉厚，很轻巧，键盘手感好，摄像头清晰！东芝DVD，西数硬盘，45nm处理器就是好，测温度始终都在40度上下，电池用到了2.7个小时（只上上网），没人会在小本玩游戏，这个XP下足够用了！,2
13917,蒙牛与伊利我就是喜欢伊利！蒙牛就像明星，宣传做的好，但总有种太招摇的感觉…而且我发现它赞助的大部分是娱乐节目，舒化奶真的好好消化…特仑苏名字好听点，但是为了表示衷心，我下次还是换成金典！,1
13918,没有GPRS功能，不能下载铃声和图片，而且手机没彩信。待机时间也短，两天就要至少充一次电，太烦人了！说是可以WAP上网，说明书上也说能，可上不去，问售后，人家说“都上不去”！…,0
13919,1. 显示器周围的面板，四个角，摄像头下面和EEEPC标示附近的边框，在强光下斜看，可以看到好像有隐裂似的。 2. windows启动音乐下，可以听到左侧喇叭有“噼啪”声。正常播放音乐时又听不到。,0
13920,我们不需要蒙牛,0
13921,"此书质量不好,买回来一看书中出现断页146-179页,本来想马上送人的,结果因一本书还要全部退货,耽误我们的时间",0
13922,"面包要不要?当然,自然需求;一个踮着脚尖站在面包树上的女人又想要什么呢?爱情对女人就象鸦片一样,明知蚀骨,明知刺心,还是义无反顾。会因为一句?我每个除夕都送你首歌?而终生刻骨,回忆和咀嚼;会因为?每一个纸飞机代表一次思念?而想象那个男人,铭心和玩味。重感觉的女人太忧郁，她总为了虚无缥缈的歌声和思念自我放逐，自我牺牲，结果会从面包树上摔下来，往往血流不止。理智与情感，孰轻孰重?",2
13923,我为女儿买了很多当当推荐的童书，如斯凯瑞、阿罗、卡梅拉等，女儿的兴趣都不大。唯独罗米系列她百读不烦，每天晚上都要我念一个罗米的故事才肯睡，很多故事她都能复述了。通过这本书，我真切体会到，合适的才是最好的。女儿通过这本书，与罗米比较，那些事罗米能做自己也能做，那些行为应该改正，通过罗米和行为了解一般的常识。我将罗米系列与女儿年龄相仿的几套都买了。,2
13924,30万像素270度旋转摄像头，在同价位机型中算主流。来电卫士，可减少不必要的骚扰。MOBO物语，教会女士如何自信。菜单为九宫格试，图标明了，容易操作。1.9寸2万色屏幕，颜色亮丽。有快拍键，拍照方便。,2
13925,书评说很好，小侄女没有看，连里面花花绿绿的图也没有吸引住她，不知道是小孩子不爱学习，还是书不适合中国小朋友，汗！！！！,0
13926,摔了好几次，没有问题！操作简单，功能实用！,2
13927,没什么感觉，只是觉得图片还蛮好玩的！至于英文方面，反正对我而言，不会想用这本书提高什么英语水平就对了。,0
13928,亲子班发的牛奶，可能知道自己名声臭吧，蒙牛的标志藏在很小的接缝里,0
13929,有一天我买衣服的时候看到卖衣服的女孩在看一本叫《长安月下红袖香》的书，我拿来翻了两页觉得文章很美，又懒得上书店去找，于是想到朋友曾经推荐给我的当当网，试着订购了一下，结果很快到货，包装非常好。这本书的内容也很不错，分门别类介绍了一下与历史上那些奇女子有关的诗句，有些诗句以前读过，虽然觉得琅琅上口但是不了解相关的背景，读这本书加深了对那些美诗美句的理解。非常值得收藏的一本书,1
13930,入住了，马上到“十一”了，千万不要入住这家酒店！尤其是自家车的朋友们！我的车停在他们的地下车场，被划得是面目全非！到现在酒店都没有给一个说法。说停车场归物业管，停车除了问题找物业公司。房间调了三次才达到预定的标准！说是五星级，其实都是在装修，我看是目标五星级。,0
13931,买回来了，本想自己先看看再给孩子讲的，可是刺鼻的气味已经熏得头疼了，所以就一直放着没敢给孩子看呢！,0
13932,书的内容没话说 很棒！哈利波特这套书是我在读初中的时候开始接触的，当时犹豫经济原因没有买，7年之后有条件买的时候一直想买第一次印刷的版本。在当当上寻觅了很久，根据当当提供的版次信息以为终于找到第一次印刷的版本了，没想到货到后根本不是第一次印刷的（有些甚至是翻印26次的），很伤心，有一种上当受骗的感觉。拜托当当以后服务细致点，要写版次信息就写全，否则就不要写，不要误导消费者。谢谢！,2
13933,听筒声音好小哦，在屋里面讲电话还可以，在外面听不清楚，急死人了；200W的摄像头，我也没感觉出什么来，照出来效果马马虎虎,0
13934,我非常喜欢这本书，终于买到了。但是，遗憾的是，当当送的货书角有折及破损，对于一个很爱书很珍惜书的人来说，我需要的是完美的东西。你觉得看书都用书签的人能忍受自己书的破损吗？该书我已经包好了，希望当当下次发货的时候注意外包，不要把些残损的东西发来，这是对我们读者的不尊重，也是对你们自己的不尊重。前期工作都做到99%了，为什么要在最后让人失望呢？希望能改进。谢谢！,1
13935,光驱比较粗糙，所有接口都在左侧，本本的表层出厂没有贴保护膜，运输过程中比较容易挂花表面，电源接口比较松，容易碰掉电源线。没有触摸板开关键，没有硬盘指示灯。,0
13936,dvd刻录没多大必要，虽然dvd刻录很普及，但是笔记本刻碟还是比较鸡肋的不如兑成优惠,1
13937,美的售后太牛咧,2
13938,BIOS设置非常好！为了方便用户更换新的系统，在BIOS里设置了一键抹除硬盘所有内容！方便了不适用随机系统的人更换新系统！,2
13939,嗯嗯……你们都不是正常的消费者，我不吃双汇的肉制品，不喝伊利和蒙牛，现在开始不喝国内的任何红酒和白酒。不知我算否合格和正常否？,0
13940,看当当的推荐买的，不过实在不咋地！单词也是不常用的，漫画 逻辑什么感觉也不好。可能还是因为韩国人的思维咱不能理解吧！不过建议还是别看吹得那么厉害，实际不太好的,0
13941,房间很舒服，服务也很好，价格高了。另外，通过CTRIP订的时候总是很难订到大床的房间，可是自己打电话去前台就可以订到。看来CTRIP和酒店的协议没有做好呀。,2
13942,儿子四年级，对一些历史事件显示出浓厚的兴趣，我趁热打铁给他买些书来看。这本书买回来一家人经常推选一个人来读给大家听，共同分享，甚至共同设想、讨论当时的场景，孩子也经常能表达出他独到的理解……这是一个百家争鸣、英雄辈出的年代，这些历史典故对一个男孩子的影响肯定是及其深远和难以估量的……我和先生都这么认为,2
13943,平凡的记录不平凡的费德勒，有过辉煌，有过失落，有欢笑有泪水，相信他的路途依然精彩，胜也精彩，败也精彩，他的完美在于追求完美......过去喜欢，现在喜欢，将来也一直喜欢，这么一个人，创造完美，赢了多少，输了多少，付出多少，收获多少，ROGER 将继续完整他的人生，让他更加美丽，我们将依旧支持，默默注视，看他怎样打出完美比赛，画出完美人生。,2
13944,地理位置还不错，房间太小了，而且服务态度实在是太差了，我在全国住过很多酒店，第一次碰到，一到12：00必须退房的，一分钟都不能延时，如果需要延时需要按钟点房交费，当时跟前台理论时，大堂经理给出的解释其中有一个是：因为是携程用户，这个酒店对待携程的客户真的态度很差，因此建议携程的用户不要选择这个酒店，而且以后也不准备用携程卡订酒店了,0
13945,"物流速度太慢了,物流速度太慢了,物流速度太慢了,物流速度太慢了,物流速度太慢了,物流速度太慢了,物流速度太慢了,物流速度太慢了,物流速度太慢了,物流速度太慢了,物流速度太慢了,物流速度太慢了,物流速度太慢了,物流速度太慢了,物流速度太慢了,物流速度太慢了,物流速度太慢了,物流速度太慢了,物流速度太慢了,物流速度太慢了,物流速度太慢了,",2
13946,"觉得失望,并没有想象的好,书中教的方法一点也不具体,给人泛泛而谈的感觉,我只觉得在听别人吹水而不关自己事似的,总体来说不实用!",0
13947,好喜欢蒙牛的新包装！！！,2
13948,"银色边的漆以后可能会被磨掉.感觉16:9的屏幕太扁,毕竟看得多的是网页.还是老的4:3的14寸屏幕好.建议买16:10的屏幕(电影爱好者除外).",0
13949, 真他妈缺德，老子以后再也不喝蒙牛了！,0
13950,替朋友买的也不知道好不好，给个五分把,2
13951,功能强大，手感很好，外观大方，适合男人。,2
13952,找到你的位置满足你拥有的东西善待每一个人过一种好的生活不是关于物质，而是关于爱爱，永远是可遇不可求的看着书 会跟着杜威的行为大笑 会随着杜威的离去落泪一只很普通的小猫但是却让人为之动容最难做到的就是生命中些微的点点滴滴并且坚持所以那份爱才如溪流般涓涓融入心田很容易做到的事情最难坚持做到很简单的事情很难一直做下去所以应该静静地品味这本书,1
13953,"除了位置的优势,房间,服务都很一般...............",0
13954,前台check in 花了20分钟，check out 25 分钟，这是服务态度和没有做到位。信用卡刷了好几次，不愿意用手工打电话授权。典型国营企业的极差的服务态度。,0
13955,书的开始就是自我吹捧还有互相吹捧，作者不实在。书里都是点到一下，其实没意思的。如果没买不建议买，可以看王长松的健康书还有马悦凌的几本书，都比这本呢强，我是读过才比较出来的。希望大家不要被吹捧迷惑。,0
13956,舞台中央的奶滴形象真耀眼。这是今晚在发布会现场出现最多的图案了。由此可以看出蒙牛是真的决心从点滴开始改变了，也期待每一滴牛奶的改变和每一米幸福的降临！,2
13957,cpu的使用较大，不知道寿命如何？显示屏中间的华硕标志非常热，不知道是有点还是缺点。主要是在贴这个标志的时候，贴的很糟糕。,0
13958,发热大，没有所谓的ECO，麦克风延迟严重，没有Type II PC卡插槽。。。,0
13959,1.独立显卡就是爽； 2.外观不错； 3.键盘手感还行； 4.价格不错。,2
13960,看到网上有如此好的评论才买下了这本书，哪里想到这本书根本就不值得一看，说实话就是作者自我吹捧得一本书，也不知以前的童鞋们是出于什么目的对这本书有如此好的评价，简直就是“托”。,0
13961,没意思，把庄子写成了一本心灵鸡汤。,0
13962,"因为价格的限制，整体机器还是偏沉，不是很方便携带。装XP还是需要刷BIOS的，否则声卡驱动会出问题。已经刷了XP，又刷回Vista,分区倒还方便，vista自带的功能就能搞定。",0
13963,这本书太棒了，第一本是在新华书店买的，虽然很贵，但是很好。作者用感情写大自然，读者也仿佛就是田野里的一只小动物，身临其境之感，而且，文笔优美，知识性、趣味性、文学性，都有了，后来给孩子买了全套书，孩子爱不释手。可以从7岁妈妈给解读，一直到18岁的孩子都能看。了解大自然，爱护动物，了解他们的生活，更加爱他们。,1
13964,"这个酒店太差了,酒店里竟然还有公司,而且还很多,见过这样的酒店吗？我是第一次,下回不会再住了,上下班高峰时,下楼要25分钟,我计算过连亲着两天.门童像个爷爷一样对你爱搭不理的.",0
13965,个人感觉看这种书对英语水平的提高不是很大，基本上没有什么帮助，可能不太适合我吧。比较失望。,0
13966,硬件比较新，比如led的液晶屏，11n的无线网卡，4570显卡（虽然比较低端但是性能接近上一代的中高端卡）。发热比想象的好。,1
13967,给老婆买了这款X200，小巧精致，适合女性携带，用起来很爽，而且价格也很公道,2
13968,在那段人性泯灭的岁月里，李光头和兄弟相依为命，结下了虽无血缘、但是情同手足、血浓于水的人间亲情，该小说在后半部分李光头飞黄腾达之后，仍然难以忘怀兄弟之间的那一份手足情深，绝对与这一段经历息息相关兄弟上的魅力在于真实性、深刻的感情描写，但是好多涉黄的片段，譬如说李光头偷看屁股、举办处美人大赛、李光头和林红的性关系描写，究竟该怎么样看待书中大量的性描写，我认为值得探讨,1
13969,Vista系统的评分中CPU得分53，拖了后腿，其他的评分都比较高。CPU达到100%时内存还很充裕。联想自带的那个slidebar很不好用。容易没电。容易磕碰留下痕迹。,0
13970,华硕的笔记本我都在京东买了两台了。没想到华硕的机子在京东性价比这么高。,2
13971,怎么说呢......这也叫三星？比较象招待所，还有，井冈山的东西那可不是一般的贵！！！！！！,0
13972,这个价位，感觉还没有锦江之星好。房间比较旧。隔音不好，可以听到服务员的对讲机声音，有人关门开门都很大声音。热水出得很慢，空调不凉。下次不来了,0
13973,我订货有１０天了，怎么还没到啊？,0
13974,怎么书的质量这么差啊！！！封皮很薄 而且里面的切割还有碎末  一点也不整齐 是不是盗版的啊！！！！！,0
13975,作为一本职场启示录，不错没有像杜拉拉一样的引入胜的故事，却也用轻松的方式告诉你，如何在职场中生存如何能越爬越高用简洁明了的图形模式，刻画出了身在职场所需的“职场氦气”让人跃跃欲试至于为什么要叫“星巴克职场启示录”个人认为有一点打广告的嫌疑在里面，跟STARBUCKS似乎没有太大牵连美中不足，有些地方的阐述不够详尽，需要自己不断揣磨,2
13976,可能对于大多数人来说，这样的书实在是有些令人头疼，繁体字，竖排版，很多引述和评注。不过真正想深读深思考，就该读这本书。陈鼓应先生的评述也是很好的，如果只买一般的通识本，你可能会懂得字面上的意思，但却很难理解庄子为什么这么写，目的是什么，又有什么好处，甚至连一个名词的释义也有好几种。虽然著者说明了他本身很有理有识的鲜明讲解，但读书最重要的还是要自己来思考，自己去走进庄子本身,1
13977,我怎么感觉P8600和另外一个本联想F31的T2390一样的。。。没感觉出啥区别来,0
13978,外观不错。速度也快。还未安装稍晚再评价,2
13979,"这次入住发现在服务上下了工夫.比如在走道上,洗手间放了报纸.餐厅早餐自助餐服务,电梯服务都很周到.其实宾馆服务硬件不一定要很豪华,但要真心对待客人.希望坚持.",1
13980,作为这个价位的经济型酒店，总体还算可以。但是房间构局极不合理，一个小桌子紧挨着床，上网必须盘腿坐在床上才行，洗脸盆居然设在离床不到一米的地方，一旦洗点什么东西，枕头床单一定会被溅湿。房间整体比较潮湿。开着热风还觉得湿漉漉的。那个透明的卫生间居然作为卖点……,1
13981,配音居然是日本的~~~~~~~~完全是烂货！！！,0
13982,伊利的每益添赤裸裸的抄袭蒙牛优益C,0
13983,上当受骗了！一拿到手才知道不是胡兰成的原著！还那么贵！可恶！为了不破坏我的感觉！我决定不看了！准备哪天找个家伙卖了它！害的我又重新买了两本胡的书 怎么说不要破坏感觉 果然 文采斐然 不忍放手不过为什么总是木有山河岁月这本书 缺货缺货 无可奈何！,0
13984,京东的快递人员确实够烂，下单时声明了送货前要打电话，电话没打来，在公司吃午饭的时候送货，因为是公司采购，午休没到上班时间，财务不在，支票不能开，稍微等了5分钟就不耐烦了，还骂粗话，京东还是要把握好细节,0
13985,两个月之内必须返修，鄙人总结其十大条优点：1.花屏、黑屏或屏幕没显示；2.电池不超过一天半，待机两天；3.查找电话要一条一条去翻；4.声音非常小；5.铃声小或经常没铃声；6.摄像头一个月后成了摆设；7.经常掉线，信号接受太太太差（移动卡都如此）；8.关键时刻死机；9.返修时间长，动辄20天；10.想卖都卖不掉，二手市场没人敢要。飞利浦手机的牌子砸在859上了，恭喜恭喜！飞利浦垃圾手机的代名词。,0
13986,国航就爱配蒙牛酸~奶~ 如果中国有几千张这么“刺儿头”的脸，制度不灵的情况下，民航业也会改善很多......干，什么业又不是呢？ 国航搞这些小动作只能忽悠傻逼，可他是罗胖子啊，这张脸以后估计所有航空公司都会谨记了,0
13987,发货很快，物流也及时，热水器包装很好，已经打电话找师傅安装好了，用了加热挺快的，非常好的热水器,2
13988,"我的订单号是1401482205~书倒是蛮快就收到了,可是少了一本.钱是没算啦.那这本怎么办``?",0
13989,"推荐天目湖宾馆,各方面设置比这家好多了.值得推荐的是他们的餐厅还算过得去,鱼头还能吃吃.但是前台小姐的服务太差了。",1
13990,看着不错，先用着看吧。。,2
13991,很早以来就喜欢他的诗，但那个名字叫曼德尔施塔姆，现在这个听着不太习惯，这个版本印刷应该是没话说的，很好。只是现在条件好了，反而没有时间读诗了，这不能不是个悲哀。相信汪先生，夫人蓝蓝女士诗写的那么好，自然两人的水平应该是没得说的，等到冬天下雪时躺在床上再读……,1
13992,机子本身电力不够用，必须得接上电源显示频才看的清，拔掉电源就变得灰暗了。晕！,0
13993,喝蒙牛纯牛奶，觉得很好喝,2
13994,便于携带，外出时上网看片，文字处理都应付得了。还随机送内胆包,2
13995,通话声音太小了，和其他型号的相比很小，扬声器声音是很大，铃声很大，可是通话的时候声音太小了!!!!!!,0
13996,苦苦等待三个星期的蒙牛集团赞助单子就因为自己迟到五分钟的失误而泡汤。感谢这个教训，让我深深体会到：细节决定成败。,2
13997,我喜欢蒙牛这个广告的广告词。,2
13998,我自己是不太喜欢的，如同前面一位家长的评价，有可能加重小孩子的叛逆，我家小朋友现在的新口头禅就是“XX，XX，总是XX，我才不要XX呢！”,0
13999,只有一块电池，没用也不知道待机时间，来电声音小的可怜，接不上电话就失去了带手机的意义,0
14000,没住过这么差的酒店。首先不能刷卡。而且服务质量极差，我刚到时安排房间是未打扫的，再安排还是没打扫的，第三次才安排了干净的。我当时致电携程想换酒店，携程告诉我，我当时订酒店时承诺了未入住也付款（房间紧张），无奈，只能住了，我就不明白，那么多房间空着不打扫，紧张什么呀。办完手续，前台告诉我电梯是坏的，我提着三个大包爬上五楼，行李员，保安，服务员看见了根本就不管，估计心里还在笑呢。第二天早餐时发现包括本人才有三个人吃，而且餐台上的食物也就够十个人吃。就这个还以房间紧张为由，要求未入住也付款？酒店缺乏应有的诚实。后来携程客服的一个人以四倍的语速给我来个电话，估计以前是说绕口令的，说的东西其实几乎就没听清。主要意思是酒店的经理会亲自跟我因入住时的问题道歉的，但一直到我退房，也没人过问过。本人喷血不推荐前往该酒店。,1
14001,国庆期间订了副楼套房，差得不止一点点，家俱破旧，电视机小得不得了，想象不出的简陋,0
14002,"这本书实在是太烂了,以前听浙大的老师说这本书怎么怎么不对,哪些地方都是误导的还不相信,终于买了一本看一下,发现真是~~~无语,这种书都写得出来",0
14003,1、外观精致，做工优异。发货速度快 2、led屏幕亮丽，可视角度大 3、键盘布局还可以，就是小了点 4、上网功能强大，信号接收能力强。    可以兼容gsm和td-scdma双卡,2
14004,希望当当在发货前能够仔细检查每本书的质量。虽然拿到手此书是塑封的，也很新，可没有翻阅几页就发现书里有好几页居然是空白的，具体的有第12-13页，第16-17页，第20-21页，第24-25页，迅速检查了下书的后几页，总算没有缺损的现象。哎，蛮好的一本书，被糟蹋了。,0
14005,"668元国美刚买的,不错600条电话,160条信息,有收音机,能上网",2
14006,"看完《藏地密码2》,让我不由地感觉到作者想象力和知识的丰富。从《藏地密码1》到《藏地密码2》，宛如转了三百六十度的大弯，把我们从美丽、充满神秘的雪域高原转向那惊险、同样充满秘密的美洲大陆。看到卓木强巴等一行人的经历，真的为他们的胆量和勇气所折服。这是一场惊心、刺激的旅行。对于卓木强巴等人的遭遇和命运，真的为他们捏一把汗，希望《藏地密码3》能让我看到我心中所想的人物命运。期待中……",2
14007,这味道像？不像。好吧，我最讨厌蒙牛了！,0
14008,回复 ，不是吧！有优惠吗！你好，感谢对蒙牛产品的喜爱呦，我是蒙牛微客服，欢迎关注我,2
14009,功能不错！铃声够大！其它功能很实用！手感和外观不错！屏显比其它同价格手机好。,2
14010,如此无耻之人却有如此优美的文笔．,0
14011,1、 造型小巧，在X108的基础上进一步减小体积使得C208拥有更加广泛的消费层面；2、 键盘布局合理，C208的键盘设计继承了三星一贯风格，无论从人性化还是手感上来说都算得上一流水平；3、 机身顶部增添了手机挂件孔，很好的弥补了X108在这一点上的缺陷；4、 支持JAVA功能，内置了4款非常精彩的JAVA游戏；5、 电话簿容量达到1000条，并支持名片式存储，在这一点上接近商务机型的水平；6、 待机时间表现不错。,2
14012,服务很好，进房间服务员会给你倒一杯茶水，很温馨，硬件虽然差一些，但性价比很高，下次去还住山水,1
14013,整体性能比较均衡（显卡略弱），外观时尚（帮外甥女买的，女孩子用比较适合）,2
14014,初次知道薛涌是因为他的博客，后来知道有这么一本书，就决定买下来读。作者的一些观点是让很多中国人难以接受的，但事实不会因为你不去接受而想你妥协。作者为人朴实，观点鲜明，对我们理解自己的生活很有帮助，不光是教育孩子方面。如果能够认真的去读的话，一定能够悟出很多的东西。我对以上的话负责，欢迎大家在购买之前跟我联系和交流，我的EMAIL: jinli1986@gmail.com,1
14015,"缺点有以下几个: 1,右托掌处外壳接缝不严； 2，本子合上后上下部对齐； 3 cpu是60nm的，属于去年的新产品。 4 分区比较麻烦",0
14016,ddr3的内存实在是浪费，升级内存也很贵。驱动在光盘里都有，就是要自己找对应的，找错了容易蓝屏。,0
14017,喝不到光明纸房子喝到蒙牛的我也超级开心好嘛！！！（→_→ 跪求的这种事情我会乱讲嘛！）,2
14018,我是11月份去住的，当时见网上评价不错。但到了才发现，总体感觉比较脏，11月份的北方天气了，房间内竟然还有苍蝇！下午打死两只，第二天早上，发现房间内竟然还有一只。更可怕的是，晚上睡前打死一只蚊子，到睡时，还有一只一直在骚扰我，一直到半夜才迷迷糊糊睡着，也不知那蚊子到底咬我多少血。补充点评 2007年11月20日 ： 房间内有难闻的味道！但前台服务员的服务还是不错的。,1
14019,比较老的饭店，房间等设施也比较老，服务还是可以的,2
14020,一开始读的时候还觉得行，有模有样，再往后就觉得前后的反差太大，就如贺顿的经历，一个仅上过初中的女孩！,0
14021,20岁的女孩子就应该有20岁的感触这样的书籍毫无意义,0
14022,蒙牛的优益c太坑爹了 淡的跟水一样还好意思卖7块钱。。。再也不买了,0
14023,觉得作者的观点跟自己完全相反，很难认同作者的观点啊！可能有文化和地域差异吧！买了十几本书，觉得这本书最没用，唉！浪费钱了！,0
14024,宾馆环境不错，比较安静，住了两晚标间，房间超级大，我从来没有住过这么大的标间。但是地毯有点脏，家具的摆放也有问题，电视离床太远了。早餐不像四星的，太简单了。,1
14025,本来买了一套打算送爸妈，希望他们身体健康，可自己先看了一些，总体感觉就是夸张和空洞。整套书的思维也很混乱，似乎想到什么就写什么，以至于三套书中有很多类似的内容。很多穴位也没有详细指出该怎么找，个人觉得书中的案例也没有说服力。看了很多好评以至于想都没想就买了一套，可对我来说很失望，都不敢送出去了，对这本书的内容持怀疑态度。,0
14026,有些东西不赞同，事后的捷径，不过如此，年青人该经历的还是要去体验，否则拥有后还会抛弃，因为那不是他自己选择过的，所以此书可是说有误导成分,0
14027,入住的是商务大床房，是最贵的房型了。但一打开门，天，温差起码15度！房间里竟然是壁挂空调！因为只是晚上去休息，早上出门时想了想，还是把空调全关了。,1
14028,小时候看过这部电影，很喜欢小女主人公圆圆的脸，齐眉的流海，和软软甜甜的话。她的世界那么直率和光明，生活是那么美好，她对人的友善是那么真诚。不记得是哪个年龄看的了，不过记忆很深刻。某次在西西弗咖啡店喝水时，无意中翻到了这本书，一下子就勾起了我的回忆。心里还是暖暖的，很亲切很温暖，但有点点感伤。也许就如书中黑白的摄影图片所表达的，一些事一些景，已经过去而不再重来了。,1
14029,选该本的理由非常简单――性价比高，4299的价格在同价位的配置中是佼佼者，直接加内存到3G，完永恒之塔，特效全开很流畅,2
14030,拿来连接电视用解析度吻合。性价比中上。无线网卡带手动开关，人性化，设计扎实。,2
14031,"儿子4岁半了,拿到这本书,我和他一起阅读,感觉画面太乱了,孩子不知道看哪儿,而且看上几页会觉得很累,但故事情节幼稚,小一点儿的孩子也许会感兴趣!但我不知道为什么此书却写它适合的年龄段比较宽,总之,买这套书时,觉得价格不低,在犹豫,后来网站一直推荐它,就决定买了,但看后很失望!没有宣传的好!此书有一个优点:如果当绘画书看倒是不错,书中有不同的汽车飞机动物造型,很漂亮!",1
14032,"卫生间蛮宽敞，有淋浴房，也有浴缸，是分开的。就是晚上到的时候，听到一帮子人在西餐厅吼卡拉ok,实在是太不雅了,也太扫兴了。",2
14033,情节设计很能抓住孩子，6岁的孩子不仅让大人讲了又讲，还自己主动讲给好朋友听。绘画效果也还可以接受。孩子在无意间浏览了各个时期风格迥异的名画。美中不足的就是一套书中不同本的情节设计没什么差别，只是名画的年代或风格不同。遗憾的是为什么没有中国人的精美绘本，从创意、文字到绘画，好作品都是外来的，文化品位也是外来的，下一代都喝洋奶了，本民族的养分谁来继承？？！！！,2
14034,每次来盐城都是住的这里，感觉在盐城虽算不上最好的饭店，但还是算不错的饭店了。房间的环境稍显有些破旧，特别是地毯有点脏。但是整体环境及性价比，感觉还是不错的。补充点评 2008年3月22日 ： 服务态度也还不错，后来我一朋友凌晨三点过来的，小姐主动提出，如果他12点前退房，只收他半天房钱。,1
14035,但太不耐用，按键不好用，基本关机要使全力，待机时间超短，电话频繁也就能用一天,1
14036,对于像蒙牛这样的民族品牌最终打败洋品牌，我还是寄予厚望的，据说中国奶粉全球最贵？！蒙牛可以卸下包袱、充分盘整、夯实底部、轻装前进，但最根本的是抵制利益诱惑，真正彻底把好质量关，“义“、”利“很难两全兼顾，在短期利益和长期利益之间蒙牛必须做出正确的权衡取舍。,1
14037,首先五维导航键的的手感反馈以及方向移动精确度都非常好，其次虽然键盘不大，但是手感非常舒适，定位也很准确，最后就是功能够强大。,1
14038,看了三分之一就再以看不下去了，我买了一套。太不值了。给大家一个忠告：先买一本回去看看，然后再买剩下的。,0
14039,本人语文水平有限，不知道“勾通”和“沟通”是否通用，看到有几处用的前者，有时又用后者。故事写得很一般，至少在我看完“浮沉”以后，这个故事就显得没那么精彩，吸引人了。无非就是一个女孩子利用一个个机会往上提升的故事。人物写得不够饱满，给人印象不深刻，故事也没什么起伏的情节，比较平淡，很多人生活中都是这样过来的。也许跟我本身工作有关吧，书里的情节、故事、场景都太熟悉了，没新意，对这本书就是喜欢不起来。对职场新人有一定作用。,0
14040,"超级可怕的旅馆,进门后根本不是45平方米的大房间,很小.而且,很肮脏,真的很肮脏.自己动手擦洗消毒了2个小时.刚洗完澡的时候,发现了很多蟑螂,大小都有.连梳头的时候都从头上梳出一只小蟑螂,太可怕了.整个晚上就在和蟑螂斗争.早上连他们那所谓的早餐也不想去吃了.赶紧走人换到了阳光酒店.还有刚开是服务员态度也很生硬.",0
14041,房间装修比较旧，周边也没有休闲购物的地方，性价比不高。虽然说免费提供上网，但实际上网上不了，最后还要住电脑房才能上网，不适合商务出差。还要投诉一点，浴室的用具，包括沐浴露和洗发水，有些是满的，有些只有半瓶，有可能是上回用剩的，请各位入住时注意。,1
14042,浪费我时间。第一，所选题材不实用。第二，词汇该专业的不专业，该通俗的却假装深沉。感觉现在的中国外语教育就是随便几个老外包装几下就都成了专家，比起大学时候用的商务英语教材差多了。,0
14043,虽然书中案列都比较特殊，或者比较夸张，可是，我个人还是觉得这是一本很有用的书。对本书的看法应该是选择自己有用的信息，没有必要去争议一些无聊的细节或者案列的真实性。每个人的生活习惯饮食方式都不一样，不可能书中所以方案都能为你所用，或者，都能为你所用，这本书不是天书也该天价了，所以，平常心，这本书的内容对的起这个价格。家中备一本，有用。,2
14044,因为公司要开始实施胜任能力，所以我一口气在当当上买了四本关于胜任能力的书籍，四本都读了，觉得这本是最适合初学者的，条例很清晰，内容是可以马上实际应用的，里面很多是以销售 企业为背景写例子的，正好我们公司也是一家销售型企业，所以感觉很实用。内容比较浅的，但是就是很容易理解，因为逻辑关系也很清楚。还有，就是字体很大，看起来不费劲。价格适中。总体还是比较满意的。,1
14045,每天清晨最开心的事莫过于喝一瓶蒙牛真果粒啊,2
14046,基本配置还不错，噪音挺小的。屏暂时还没有发现坏点（用专业软件检测的）,2
14047,不知道为什么。我家女儿就是不喜欢这套书。我们一起看的时候她总是跑溜了。似乎这样的插图和乱七八糟的风格她不喜欢。我也不喜欢这样的书。图画不是很逼真。好多英文单词我看着都不认识怎么教她啊。可能是比较适合国外的小朋友吧。,0
14048,这本书的革命性医学理念，在于变治疗医学为预防医学，让我认识了世界顶级的保健品USANA，并通过一段时间的服用，彻底改变了我原来过敏性哮喘和过敏性鼻炎的几十年顽症。USANA还有更多针对性的顶级保健品提供，我3岁的儿子也在服用USANA针对小儿的保健品。强烈向大家推荐USANA保健品（e-mail:tonytong7015@yahoo.com.cn可以了解更多）USANA可能是目前世界上最好的保健品，但绝对不是最贵的保健品。,1
14049,不错哦！全家都喜欢,2
14050,第一次看奎恩的书，结局真是峰回路转，大出我的意料。书的内容不错，不过翻译是本书唯一的遗憾，很多地方译得很生涩，甚至还在掉书包，行文也不流畅，要不是故事实在好，都没有看下去的欲望。前半部我看了好几天，因为出场人物多，名字难记，翻译得让人看起来丝毫没有那种酣畅淋漓的感觉，后半部一天就看完了，因为解密是最高潮的部分，情节的设计让人看起来欲罢不能……一句话，好的侦探小说还需要好的翻译,2
14051,5699入手的。买回来马上装了XP系统。官方网站上都有驱动下载。不错，服务很好。,2
14052,使用中经常白屏。不知为什么,0
14053,手感很好,2
14054,爸爸妈妈这是要把我当奶牛养的吗？收到给我送的东西，吓了一跳:蒙牛、伊利、光明、君乐宝、巨尔、生生。酸奶、纯奶、老酸奶，就差给我运头奶牛过来了。我不补个儿，补脑。,2
14055,"我到现在都还没有收到书啦,当当真的好慢.上个星期买的书,本想这个星期六看都没得看",0
14056,李嘉诚说过一个人35岁之前要努力赚钱，35岁之后就要考虑以钱生钱。其实即使没看过李富豪说的这句话，好象人一过了30岁都会开始考虑养老的问题，于是如何理财实现财富增长就变得日益重要起来，我就是这样。当理财的愿望日益迫切，面对众多的理财产品，首先想到的就是找本好书来看看。这本书很实用，言之有物，有理论也有实务，可以帮助大家了解各种理财产品进而选择适合自己的。总之，读后受益匪浅。,2
14057,在读这套书之前，已从当当上买齐全套的《不一样的卡梅拉》，那时女儿不到三岁，非常的喜欢，后来看到这套，多少有些迟疑，因为从画面上来说有些过于简单，抱着试试看的心情，买了一套，结果，女儿一看就喜欢上了，这套书的特色比较鲜明，每一本的主题对塑造孩子的优良个性都有着很大的帮助，女儿从弗洛格身上学会了爱心，学会了自信，学会了勇敢。。。感谢弗洛格！感谢当当！,2
14058,"小家伙只知道自己看图片,书应该更适合父母看,个人觉得价格高了．教育家长的，可以不用买．书里只有图片没有文字，很简单的几页．不值．让父母反醒的，是不是总在对小朋友这不可以，那不可以做．",0
14059,1、外观炫酷。三菱M800拥有炫酷的外形，采用双彩屏、折叠式机身设计，使这款手机融入了更多的时尚新元素，内置天线的设计使得M800外观更显清新简洁。三菱专利的整体镜面外屏流露出的时尚感觉让人一见倾心。如过去宣传的那样，"闪电"屏设计是三菱M800手机的最大特色。为了让M800的“闪炫”风采发挥得淋漓尽致，该机不仅自带50多种"闪电"屏图案，还允许使用者自行对其进行编辑、创作。超炫的"闪电"屏图案可以让用户无论是在待机或是来电，无论是通话还是新短信到来等等多种状态下都能实现多种图案变化的酷炫闪光。并且这些图案也能够通过网络下载。特别是在夜晚，M800的这种最前卫的闪光方式更是光彩夺目，动画形式的光影组合的确魅力无限，全新的“闪客一族”自你手中而诞生！2、音效出色。三菱M800采用业界顶级的64和弦，铃声的音量得益于良好的独立扬声器设计而大大增强。铃声音效悠扬洪亮，中高音都有很好的演绎。得益于扬声器良好的设计，即使铃声音量开到最大也不会出现破音的现象。3、拍摄利器。三菱M800内建130万像素COMS摄像头，支持最高2倍数码变焦。可输出最大1280×960像素的大尺寸照片，即使冲印成6寸照片也是效果出众。三菱M800还具有一个很有创意的功能――内置了精美的像框，用户可在拍摄时将照片镶进五种不同的个性像框。拍摄功能的强大使M800足以媲美一台高端数码相机。4、功能强大。三菱M800机身电话簿采用名片式设计，500条联系人的超大手机电话簿，即使联系人众多的商务人士也可轻松应对。同时还支持来电大头帖，把您朋友的照片储存起来，使您轻松分别来电身份。5、待机强悍。三菱M800随机附带两块3.7V 680mAh锂离子充电电池，可以提供七天左右的续航时间，这对于一款以“闪电屏”作为卖点的手机来说实属不易，这也从另一个侧面体现出M800电源管理系统的出色。,2
14060,10.15入手，1050＝1电+1充+1数据线+1耳机（不能确认是否原装）+512TF卡+1大陆加印的说明书黑款，沃达丰定制版之前阿尔卡特的OT535用了将近三年，所以下面的体验很多会和小5的使用感受做对比首先第一眼感觉机型较长也较厚，宽度适宜，还是比较适合男生的手形使用的。拿到手先试试摇杆，感觉还不错力度适中，比OT535的摇杆稍紧一些（原因是535的摇杆比较松，几乎不用什么力摇）但770的摇杆太光滑有时候摇着会滑。770的其他按键的分布是紧凑密集形的，中间几乎没有什么间隙，这点我感觉不是很好，因为原先535的按键一个是一个、间隔较大分得很清楚不会出现按一个键而牵及其他按键的情况（用535发短信真的是神速）。另外770的按键凸起太明显，如果指甲长一点按上去容易打滑，535的按键平整。还有就是770的照相机的快捷键在机子的右侧，这样的设计在单手操作时候由于键对着手心所以是很难按下去的。可能是因为使用习惯的原因所以觉得就按键方面而言770只能算是一般。性能方面的确不错，除了开游戏或其他JAVA程序以外其他反应速度都很快，使用起来比较流畅。但是要说说软件和手机本身的设置的问题（我刷的是小碳的F1P），第一个让我不太能够接受的是作为一款直板机770没有设置自动锁键盘的功能只能手动加锁，还有一个就是在省电模式下屏幕全黑后就什么都没有了，没有像其他很多机型一样在黑屏状态下保留时间的显示，这个也是很不方便的一点。以上这两点不知道通过将来刷新的包来完善，如果不能就太遗憾了再说一下屏幕，在看惯了同学的L7和E1的26W色屏幕后再来看E770的6w屏还是有一定落差的，不像有些网友所说的“只是厂家的文字游戏，没有多大区别”。当然不能算差，只是和自己相像的有些差距罢了最后不能不说一下E770的电池盖，自从在店里装上电池后到现在只卸下来过一次。不知道其他的机子是怎样的，反正我的这部后盖真的不是一般的紧啊！而且没有按钮没有任何防滑的设计，上次拆下来不知道花了多大的劲。,1
14061,1、待机时间较短；2、接口连接能力较差；3、没有提供红外或蓝牙接口；,0
14062,这几天旅行中也在看《杜拉拉升职记》，的确是值得推荐的职场读物。虽然是虚拟的，但很多skill是可以在实际生活中运用，既是不完全运用，也可以做参考和借鉴。看完之后，觉得比较受用。,1
14063,1：外观不错，很适合MM用。 2：性价比高，该有的功能都有了 3：完美屏，反应速度很快,2
14064,可以够4星。泳池屁股大点儿，水还不清。宽带慢如牛。早餐质量不高。,2
14065,春节期间入住，性价比高，还不错，但是不知道平时多少钱，在成都知名度高，住着比较有面子，但是房间太小了，而且显得旧，可能和当初的设计有关系，门口都是单行道不是很方便，如果价钱还是这么可人的话，下次还会选择。,1
14066,"同样的房间有小有大，地理位置比较偏远。早饭不是自助餐形式的，采用的是套餐形式。不能够自己选择的，套餐之外的要自己购买的。这个很不方便，本人不是很喜欢。宾馆反馈 2008年4月7日 ： 非常感谢您光临我们酒店,也感谢您对我们酒店的关注和提出一些问题,酒店同一种房间大小都是一样的.关于同样的房间有小有大的问题,是在客人原订房型不足用或出现异常问题时,我们酒店为了保障预订客人的房间而给予客人免费升级入住所产生的情况.酒店早餐是套餐形式.共有8款固定中式茶点套餐供客人选用,套餐之外需增加其它点心客人需自已购买.给您造成不便我们深表歉意!欢迎您的再次光临我们酒店!",2
14067,"我用了一个月就出了问题:通话时老是自动关机.跟销售商重换了一个新的,才3个星期又出现拨号时手机什么反应也没有,要关机再开机才能拨出号码.真有一种上当受骗的感觉.",0
14068,外观漂亮，悬浮键盘很美观，速度还可以，LED屏色彩还不错。送个杀毒软件，送个散热垫，散热垫风力有些小，不过很实用。回家分区格式化，做了个Xp集成SATA驱动的安装盘（参考http://blog.chinaunix.net/u2/69856/showart_704523.html），安装带SATA驱动的系统一次通过，很是欣慰。,2
14069,屏幕的边框是指纹收集器。屏幕亮度每次调低后，再重启，又变成最高了,0
14070,很不错，是朋友介绍过来的，一家三口用起来很好，卖家服务挺好，继续关注卖家。,2
14071,值得首提的是，《哥哥不是吹牛皮》这书名起得尤其好。虽是描述建国后的历史传记，但是读起来却没有想象中的严峻和沉重。文如其人，安哥乐观的生活态度让他写出如此生动感性的好文章。没有战争场面的出生入死，没有文革的惨淡经营，安哥写的，只不过是历史下的众生相，悲苦的，乐观的，勇敢的……厚厚的一本传记，却给予我们很多读者很多的精神力量。真真不错的一本好书！,1
14072,东西很好 妈妈很喜欢 大天客服 服务很好 等安装后在来追加评论,2
14073,我们总共住了3晚。我在预定前已清楚地注明希望高层房间，当天达到时才4点多，酒店就以房间已开完了为理由给我们安排了一个没有窗的一楼房间，当时是一位男前台办理的，而且完全不理会我的预定要求。我的家人由于是老人家，没有窗觉得非常憋气，而且蚊子多得像开飞机。过了半小时，我来到前台要求换房，另一位男前台二话没说就换了一间房，但还是在一楼，好在可以透气。但蚊子还是一抓一把，酒店解释：厦门这个季节就是以蚊子多著名的。接下来我打电话给携程要求协调，但也没有成功。我心想换一家酒店，但老人家又不想折腾，因此在第3天才换了一间二楼的房给我们。我觉得携程应该重视客户的预定需求，要求酒店满足，如不能满足要告知客人，否则去到酒店还要生一场闷气，什么旅游的兴致都没有了。,1
14074,另外要说的是，这个本子的散热设计实在是太厉害了，cpu和北桥芯片就是用了一个铝片覆盖，铝片很薄很轻，而风扇只是起到抽风，让气流流动的效果。这种散热很是让人担心，不知道其他上网本是不是这么设计的。,0
14075,性价比高 intel X25-M硬盘卖掉 换普通SATA硬盘 一台上网本才2000不到 外观漂亮 全铝机身,2
14076,"本人昨天下午刚在北京苏宁电器买的,价格3800送一个松下的电吹风,当然这个价格实在朋友的帮助下才拿到的,如果自己买的话现在苏宁的行货价格是在4000元反200元的券,不过我个人觉得那个一点用都没有,而且行货里也有好货与次货之分,要是没有认识人的,大家在试机的时候一定要选好,千万不要买个次品回家,国美现在的行货价格在4500左右,配件都是一样的,欧版的N70和行货的版本不一样,而且价格相差仅小几百而已,所以我建议大家买行货,维修起来也非常方便,应用方面我刚买还没有碰到什么问题,听音乐和收音机的效果非常不错,我放到最大声依然非常清晰,没有出现杂音,别的慢慢用着在说,不过我哥们用的也是这个手机,感觉还不错,大家买完一定要把电放没了在充电,而且要保持12个小时以上,这样共保持三次以后,电池的使用时间会比较长,切记要关机充电.",2
14077,"书不怎样,价格又贵,有上当的感觉,特别是纸张太差了,我朋友都怀疑是盗版的.下次网购之前到书城先看看.",0
14078,散热不太好吧。机器较重的。更改系统不太好。声卡驱动装不上……,0
14079,"刚看了开头,就再也看不下去.她的叙事方式,让我觉得像一个初中生的水平.随便翻了一翻就丢到一边了.",0
14080,蒙牛喝多了 主要是膨胀太严重了。。。,0
14081,服务很好，环境也不错，很舒服，餐厅也很舒服，很温馨。,2
14082,有点重了，上下班背着太累人了；还有就是那系统，真气死人了，就一个C盘分区，找了好多办法来分区，结果还是把系统给搞坏了，备份也搞没用了。NND只有拿到服务点，还要花二百大洋搞好分区换个系统。,0
14083,5。1。---5。3。入住一直没敢在房间洗澡。太冷。房间太陈旧。设施太差。房间里提供桶装水还单收费,0
14084,"并没有宣传的那样好,且没有什么实用性,更没有娱乐价值,现在也没有人糊墙了,真不知道,拿这本书做什么???",0
14085,书的内容不错，但是再版的印刷没有以前好了。我以前在新华书店买过一套，后来送人了，听说当当会有折扣，就又订了一套，发现有当当网营销支持的版本明显印刷质量不高，图片清晰度低，纸张也不如在书店卖的那个版本好，不知道是为何？是价格打折质量也要打折吗？,1
14086,买这本说得时候，有个想法，就是想多了解一些关于中东的故事。慢慢地翻这书，渐渐被里面的情景所感染，有好几次都感觉得到眼泪在眼眶里打转——感动。如果，如果能有多几个像主人翁这样的人，那世界会变得美好些~~如果，如果中国能有人写上这样的书（关于中国的），并且能广泛受到关注的~~~如果~~没有如果，这些情况只能留在想象当中~~~人人都拥有一个慈善之心，只是，大部分都没有充分的“挖掘”出来~~~,2
14087,画面画的很不错，比例很准确，故事也很不错，有在我们中国不大和孩子说的离婚，去世的问题，但是一点不沉重。也有一些知识，比如麦子的问题，真的很好。孩子很喜欢，我是2，3天拿出一本新的给他（怕他看见一堆新书，花心）他会很期待，“妈妈，明天可以拿新的汤姆给我了”我从来没有看到他如此喜欢一本书，虽然估计是面向4岁的孩子的读物，可是宝宝6岁多了，一样很喜欢。我在考虑购买第一套。,1
14088,"之前也住过几次,但是因为最近又进行了新的装修,所以进行一次最新的评价,评价日期:2008.02.23优点:1配有电脑,我住了一次商务双人间一次单人键都配有电脑,虽然配置都差不多,但两者还是有差别的:商务双人间电脑:永久电源,不让登QQ,MSN等商务单人间电脑:拔掉钥匙则自动关机,可以上QQ,MSN等2有个人私人柜用来保管个人贵重物品3每天还会送瓶纯净水(可口可乐水森活550ML)给你4交通便利,旁边有洋货市场,天津麻花卖缺点:1早饭中餐不好吃,建议吃西餐(和前台换早餐券即可)2电脑有盗号密码(这可能也是商务双人间电脑不让登QQ,MSN等的原因),而且盗号能力很强5分钟就会盗走,幸好我有密保,所以强烈建议用QQ时一定要用软键盘输入密码3房间偏小4从外面看房间较旧",1
14089,至少我没觉得好看，根本就不吸引我，没什么可笑得，有些词很深辟。书的印刷很不错，内容没介绍的好。,0
14090,因为喜欢，已推荐给同事朋友，送给小朋友是不错的礼物。,2
14091,走廊上极噪 估计是乌合之众的住所 根本没睡好 害得我考试时候晕糊糊的,0
14092,拍照功能全面，分辨率也不错。顶极64和弦音。整体运行水平较好。,2
14093,现在的孩子要自杀的方法越来越坑爹了，过量饮用蒙牛,0
14094,"不如朋友推荐的好,既没有阅读性亦没有甚多的心理学知识,不喜欢.",0
14095,蒙牛是中粮的玩物，已被毁于一旦了,0
14096,房间真爽，传说的2104，一个人住还是真大。除了这个好像没有其他的优点了，早上赶火车到的想洗澡，空调没有，水还是有时无，最奇怪的是淋浴竟然是要把那个小开关往下按而不是拉，这是我发现的新大陆，害我还无知的问前台，打扫卫生时用吸尘器竟然跳闸，早餐真不叫早餐，什么都没有，20块太不值了。电梯爆慢，顶楼21楼等个电梯要抽几支烟的。不过服务员还是不错的。不过诸多不快被美丽的景色和服务员的笑脸给抹杀了！,2
14097,真恶心 现在这蒙牛真心不行，蛋白质忒高,0
14098,网上评价不错，但是实际情况并不尽如人意，与2-3星的水平差不多~~总的来说，性价比不高！,1
14099,没有MIC，没有相头 最大问题是：键盘软趴趴的，左Ctrl键下钢板翘起顶住Ctrl键不能按，同时'左向键'有一头上翘，因周日自提，无技术人员处理，很不爽，这点我要倒扣4分。退货嘛没时间，将就吧。,0
14100,总体不错的酒店，楼宇结构有点怪。携程订单下了，可是酒店内部协调慢，抵达后等了很久才拿到前台；前台男服务员很差，阴阳怪气的。一楼有不少大牌子奢侈品店早九到晚九，不错的，没事的时候可以逛逛。早餐尚好，勉强过关，比三亚喜来登差了n倍，当然，价格差没差那么多。,2
14101, 蒙牛不除 国人不强,0
14102,1000多块的价格，和小巧的造形、和谐的颜色搭配，让我心动买了它，而且键盘手感不错，别的不多说,2
14103,"很不好的酒店,不懂为何有些评价会说不错,1. 酒店很旧,房间霉味非常重,跟前台抱怨,前台居然说每间都这样,说到发火,才调整房间,但是只是情况稍微好点,依然是一股霉味2. 房间设施不好,空调吹到午夜,突然就失去功能,一点都不冷,闷了一晚上,让人睡不好3. 饭店的下层是办公楼,电梯共用,速度又很慢,很浪费时间4. 停车场的保安很差,下雨天也不愿开栅栏,让车可以靠近酒店的门口,直到我们开口骂人才开,服务很差宾馆反馈 2008年7月3日 ： 尊敬的宾客：您好！ 得知您在酒店不愉快的经历，我们深表歉意，请接受酒店最诚挚的道歉。谢谢您的宝贵意见，酒店领导对此非常重视，已召开专场会议查找问题并落实改进，我们会在管理中不断改进，提高服务质量，确保使每位客人都能有宾至如归的感觉。谢谢您对酒店的支持，衷心期待您的再次莅临！",1
14104,该有的都有了，系统也很好装，光盘驱动很全，指纹好用，性价比高,2
14105,此书对我们不是学医的讲不是很有用.,0
14106,1、外观设计非常有创意，手机的外壳材质采用独特的柔软质地，搭配起来感觉极佳；2、200万象素的摄像头，无与伦比的拍摄效果，对色彩的还原很好，照片效果不错，作为moto的第一款200万象素的机器算及格了。3、QVGA屏幕显示效果非常不错，看起来很舒服。4、Linux操作系统稳定性和易用性两方面比其它系统强，手机中内置的软件能满足大部分商务人事需要,2
14107,"系统的确难装,思路对了也挺简单:我是用U盘装的,我先用winPE把U盘做成启动盘,然后把系统光盘里的东西复制到U盘,将机器BIOS里的启动项调成USB-HDD启动,进入winPE界面之后,",0
14108,开机反应非常迟钝，电池待电时间也不是很长，不过好象觉得比我那个W800C的待电时间长，内屏虽说是26万色，可看起来不是很清楚，这点不如W800C，键盘太小，连在一起很容易按错键，拨号在屏幕上显示的数字也很小，真不知道带回国后老爸能不能看得见那么小的数字。照片只能横着显示，并且设为壁纸时也是横着的，且只能占屏幕的一小部分，不能覆盖全屏，这是我最不爽的地方，虽说相机相素是200万，就是觉得照出来的效果不如W800C,0
14109,这本书我之前就评价过了。结果发现，因为我手误，买了两套，居然。我的钱啊~~~所以，再评价一次！我真的真的很后悔买这套书，尤其，居然买了两套。肠子都悔青了。那么多穿越的书，我买的时候也都是挑的口碑和等级高的。可见，众口难调，口碑好也不一定取悦所有人。这个故事是我看得穿越中最没有逻辑性的。。,0
14110,房间很大，交通方便。早餐还可以。下次去沈阳，还是住那。补充点评 2007年12月25日 ： 贵了一点，如果不是公司付账不会住那。,2
14111,蒙牛国企是明智之举。只有国有化才能保证蒙牛百年。深刻!,2
14112,小且轻，放在背包里就跟背一本书查不多吧，白色感觉很干净，上网速度挺快的,2
14113,外观设计的好，做工精美，京东快递速度也很迅速，特别是2699-100的价格简直无可挑剔！,2
14114,"进入遥控竟然会出现信号狂降至0.MP3播放太不稳定电流噪音大不说,打开划盖还会干扰播放,想不通.划盖也不太可靠缝太大着实让我担心一阵子.果然前不久我刚对它习以为常LCD排线就出问题了,屏幕一片混乱.电池有880照理不少,可就是用不了一天半,有时一天就没电了,照像实在费电一用都电池撑不了一天.想不通.维修部的人说红外线只能传电话簿,可我传电话簿也没几次成功.",0
14115,地方有点远，不过打车过去还可以，起步价搞定，服务员态度恶劣，下次不到万不得已不会去的。,0
14116,"就linux系统不爽. 就算是linux, 麻烦装个图形界面啊, 什么ubuntu之类的水表搞一个也不错...",0
14117,因为孩子的关系，我现在看绘本简直上了瘾。这一套的绘本，我依然很喜欢。《跟上那头熊》，故事刚讲完，孩子就乐呵呵地笑了。一只勇敢的兔子想要捉住一头熊……你知道发生了什么奇妙的故事么？《装在口袋里的吻》对于学龄前的孩子真是太好，非常适合六、七岁的孩子阅读。《五个小怪物》其实是在对孩子诉说大自然的秘密，作者想象力也真是丰富。……其他的几本，大家认真去看~,2
14118,不是很了解高亨的经历，然其为毛泽东写的词，文革中作品的“革命化”语言，是反映了一个传统文人的弱点呢？还是一个深谙易理、洞明古今的智者的逐流自存行为？易道，大可以修齐治平，小可以乱世存身，高先生是不是已经达到这一境界了？,2
14119,功能还算齐全，对于那些白痴买家来说，是不错的选择。当然，我也算一个。现在价格在1280元的手机能拥有这样的功能不多。,2
14120,"声音太小了,开到最大,声音都小得吓死人,最好是买耳机听歌,,视频晚上有点黑,亮度调到最大也有点黑,送的内胆包太差了,我买的白色,送的黑色的内胆包,而且内胆包还不能封口,我觉得不像内胆包.",0
14121,容易粘指纹，偏重了点，屏幕换12寸会更舒适，键盘左半部分有点不实，按下去会下凹。,0
14122,前几年住过一次，这次去感觉它的变化太大了，服务很好，好像全面装修过了，房间很温馨，床上用品很舒服，还配送了果篮、晚安点心，还可以免费烫衣服，性价比高，有点遗憾的是卫生间有点小，过几天同事出差，建议还住这里！补充点评 2008年2月25日 ： 酒店的餐饮很不错，没有提前预订，所以只能做大厅，菜式、味道都称一绝！,2
14123,不知道是不是加装了内存条的原因，偶尔会蓝屏。内存条DDR2 667 1G,0
14124,做工什么的还可以 本人自己有USB光驱，装系统挺方便，自带XP驱动光盘,2
14125,包装精美，内容华而不实，韩式幽默实在不怎么样！说不好听，根本就是狗屁不通！,0
14126,随机附送的恢复光盘什么的都没有了，只有电源适配器和一个光驱托架。其实电脑都卖了，完全可以送一套恢复光盘的啊。 还有就是内存太小，运行VISTA有些慢，必须要自己加内存了。硬盘也稍显得小些。,0
14127,随着孩子的长大，这本书居然成了孩子的最爱（1岁7个月），连着2个多月，睡前必要这本书。孩子最喜欢的就是最后一页，有时候讲着讲着，就一下子翻到最后，当我说大卫的妈妈说“我爱你的时候”，宝贝女儿也抬头等我说“我爱你”,0
14128,是听电视台介绍才买的这本书。感觉这本书是针对外国宝宝写的，对于我自己的小孩，这本书感觉不太适合。,0
14129,太一般了，看了没啥作用，所以到现在还没看完，不想看了！,0
14130,很高兴看到药药终于完成了这部新作，也算是填补了国内bjd娃圈专业书籍出版的一个空白，为新入娃圈的新手娃妈或即将变成娃妈的亲提供了一份较详细的养娃指南，值得鼓励。书中，药药以自己的口吻生动道出了一个娃妈养娃的心路历程，如数家珍的介绍了她家的少爷们，同时，也让大家看到了药药的一份执著和热诚。衷心希望药药和紫玉继续努力，打造出属于你们的完美华丽的娃娃世界~,2
14131,待机时间没的说，电话多的情况下也能用到6天。信号也不错，怕怕传言中的小灵通，但是实际用起来还行,1
14132,念晚，对他的哥哥，是真的情到深处！从头到尾，我就听到一次他叫他“哥”，却是死前最后的话。我对他真是惋惜到底，作者也真是够狠心！心肠再硬，就冲他那声唤，也得给他个好归宿啊！一篇好笑的文，就在最后演了段悲伤话剧，却是真真实实的发生了。痛，是我看到念晚死去，唯一的感觉了。,2
14133,酒店服务员真好，我被大雨截在长途车站，给酒店电话之后派车接了我。房间不敢恭维，太旧了，而且有味道。总体而言服务还可以。,2
14134,acer的品质、服务都很不错，而且本品很超值。样子也算漂亮，基本性能只要不玩大游戏全能应付。,2
14135,帮别人买的，应该还可以吧。,2
14136,当时买这个本儿就是冲着它漂亮+电池，性能啥的小本儿也没什么追求 不过升级了2G内存+重装了vista之后感觉还是不错的 而且比较皮实，去电脑城看了其他品牌的上网本后，尽管这个当时贵一些，还是入手了,2
14137,看了这套书中的4本：氏族之王、最后的守护者、仇恨之轮、巨龙时代虽然各自独成一个故事，但个人认为此类书还是更适合喜欢魔兽并有一定了解的人看。让人更全面的了解魔兽世界的历史和世界观。不过在魔法方面，总让人感觉书里的描述很不平衡。翻译的文笔比较差，不优美，阅读不流畅。故事性不如指环王系列小说。仇恨之轮写得更人性化，是我比较喜欢的一本。,1
14138,环境一般，住了之后让人感觉价格和服务不成比例！,0
14139,我很喜欢傅佩荣的书，叙事风格很是随意。最起码，对于一些深奥的理论不会失去兴趣。也避免了国内为了学术研究和评定职称的故作深奥的书。但是有一点我不喜欢。傅佩荣讲哲学重在思辨、反省、分析。但是一提到有关大陆，便把哲学的眼光丢掉了。要么是笼统的说什么10几亿人怎么怎么样，要么说人多都浮在表面上。呵呵，还是--百川归海，有容乃大大陆有许多好的东西，另外也别把西哲看的太神秘了。但是我喜欢这本书。,1
14140,书没有什么的内容，标题已经全部概括。真的佩服作者能将一件事情写成一本书，而后我有将只有一件事情的书通读，真是同样佩服自己。,0
14141,"装到U盘果然这次认到了马上格式化然后进行GHOST,嘿嘿结果大家该猜到了装好了，不过后头的事情还有很多哦，装驱动是最最麻烦的了，",0
14142,这本书中关于亲生后母现象的描述我觉得很贴切，作者的年代经常会发生这种现象，貌似在现代没有上山下乡了，这种现象不会发生了，其实不然。现在很多年轻父母为了工作把孩子寄放在老家，或者父母出国，把孩子寄放在国内，都会造成亲生后母现象。如果父母自己有这种经历的，即使自己的孩子没有这种经历，也要注意自己的教育方法，防止自己的经历对自己的影响会带给孩子。所以建议年轻父母都来读读这本书。,2
14143,5.1期间在这住的，位置还可以，在市委市政府附近，要去商业区和步行街得打车，屋里有蚊子，虽然空间挺大，晚上熄灯后把窗帘拉上简直是伸手不见五指，很适合睡觉，但是会被该死的蚊子吵醒！打死了两只，第二天早上还是发现又没打死的，卫生间挺大，但是设备很老旧。,1
14144,专为女性设计的靓丽外观，机身做工较好，内置多种实用程序如：英语900句、健康宝典、星座物语等，内置FM收音机.,2
14145,房间设施陈旧，服务一般，由于中午到的酒店，网络调试需要帮助，居然说中午人都休息了，得等1点以后上班，靠。早餐还是很丰富的，下次不会住了，性价比不高。,0
14146,作为有史以来最伟大的基金经理彼得&#183;林奇凭借其在投资领域杰出的贡献，终其一生的经验和智慧，书写了这本《彼得&#183;林奇的成功投资》。这本书可以说是广大的业余投资者的福音，书中不仅讲述了业余投资者投资入门的基础知识，而且还深刻精辟的分析了业余投资者最常见的投资心理误区以及投资陷阱等，是一套最实用、最有效的股票投资方面的专业书籍，让人读后深受启发。,2
14147,重装系统不支持WINXP，BOIS设置改变不方便，要第三方软件才能更改硬盘接口设置！装XP必须使用第三方软件，郁闷！！！,0
14148,我的书缺少了十页，严重影响阅读！当当这么大的书店，怎么会出现这样的问题呢。我都怀疑我的书是盗版的。,0
14149,"装了基本系统,运行还算顺畅. XP 驱动能在光盘里找到,但不全.希望厂家能够更多为顾客考虑.",1
14150,距离想象太远。内容就是看看，没有太多内涵。如果可以，只需要2k字的新闻稿就可以说明问题。,0
14151,清新细腻的文字，温暖感人的情节，偶尔迷糊却又爽朗独立让人喜欢的女主，俊朗飘逸并且博学内敛的男主，还有那么多让我熟悉的中药方剂，每个章节的中药名称和章节后的汤药，全文细细读来，作者功力可见非凡，让我都感叹作者是不是中医学院出身啊。笙离的文字如流水，文中的感情也像流水，淡淡的，却很感人，也许，只有这样细水长流的感情才是最长久的。,2
14152,1.外观时尚简约。2.黑夜拍摄效果不错。3.键盘很有质感，手感不错。4.铃音清脆悦耳。5.折叠设计很紧密。6.省电。,2
14153,为保护环境，第二天我没要求换床单等，但床还必须要整理好。他们只是草草搞了一下，皱巴巴的，实在达不到四星。二星还勉强。价格系统与国际惯例相差甚远。给我留下的印象这是一家黑店，能斩到一个就斩一个。希望其他要入住该酒店的客人要对其价格从各种渠道，各时间段认真核对，才下订单。如有必要可随时撤单，以免挨斩。,1
14154,服务态度-没有态度，也就无所谓好坏总台看人-用眼白门童 - 门童长什么样子，我没见过房内 - 锁是坏的酒店说明 - 连中文也有错（潮州在浙江），更不要说英文介绍了，哦，酒店说明本身的英文翻译就拼写错误早餐，吃完后，又在外面找了点东西吃房间价格：390/晚，押金800？？！！,0
14155,作者的文笔还行，但通篇感觉太琐碎，有点文人的无病呻吟。自由主义者。作者的品性不敢苟同，无民族立场（可谓之汉奸），风流成性,1
14156,还是很幽静，设施也不错，但是服务水平和以前几年比急剧下滑了，接线员和客房服务中心的服务极差，幸好我不是很在乎。,1
14157,"1.装系统超级麻烦。京东为了省几块钱成本费,装的dos系统改装成XP系统时,蓝屏了好几次. 2.京东寄给我的机子左边单击的那个按键是坏的.点击的时候根本就没反应   3.散热一般.",0
14158, 蒙牛真不行！,0
14159,入住的时候我强调不要靠窗的房间，结果晚上休息的时候发现自己根本就是住在马路上。　　凌晨一点睡下，窗户外传来嘹亮的汽车喇叭声，而且连绵不绝，拉萨的司机在一点多也频繁按喇叭；　　在床上还可以听到大街上人高声说话的声音、楼下店铺关门的声音。　　天哪，噩梦啊！　　马上要求换房间，答应的比较快，原来还有其他的房间空着！他们把条件好的房间空着，却把客人安排在靠近马路的房间！实在可恶,0
14160,报名了catti的考生最好选择历年真题来了解和把握下题型和难度，而市面上目前好像就这个版本有真题，该书共有四套试卷，前三套是历年真题，和考试大纲一致，但是阅读篇目的数量和今天考试不一样，现在今年考试综合能力阅读只有五篇中等长度和难度的文章。该书真题比较简单，模拟很难，今年的实际考试的难度介乎真题和模拟的难度之间。该书值得考试的同学参考选择。每套题目后都有详细解答。,1
14161,装系统麻烦，XP要改IDE装，然后再改回ACHI 装Vista有点慢，而且搞不定激活,0
14162,职场如战场在这部小说里被阐述的淋漓尽致，拉拉工作勤奋如老黄牛，但性格却更似倔牛；王伟虽正直但有些过分天真；何好德思维敏锐、眼光独到却高深莫测；李斯特崇尚中庸，不喜做决定，却不失为一个温和而颇具慧眼识材的上司；柯必得天生的管家，却过于苛刻；岱西虽过分偏执但且不择手段却不得不佩服她的勇气的执着；TONY林在生意经上不似五伟有经验，却八面玲珑，关键能牢牢掌控自己的下属；约翰常虽做为颇为阴险，处处与王伟做对，但也是聪慧之人；李文龙表面温和却城府深、心机重，但却不影响他在DB的人际关系，因为他知道何为重何为轻，关键时刻也愿帮该帮的人一把；黄宏技术过硬，却人际关系始终无法处理妥当，且居小心眼；玫瑰经验老道但却有失光明。还有帕米拉、周亮、杰森、海伦、王蔷、罗杰、齐浩天等等，这些人个个性格鲜明，都有自己的独到之处。观完本书引人深思，故事鲜活具实用价值，无论是职场新人或才老将都能受益匪浅。,1
14163,"酒店位置稍偏,但不愧是从前的香格里拉,硬件和服务还是不错的,提供的婴儿床很棒,就是上网宽带还要收费,不太符合国际潮流",1
14164,"不完游戏,日常使用这个配置不错了,键盘比较舒服.装XP系统还是比较方便的.先改IDE跟光驱第一启动,装完系统再用IBM的AHCI驱动改回AHCI",2
14165,出色的另类设计；百万像素的数码相机；配有RS-MMC存储卡扩展槽。,2
14166,严重漏光！还不让退！郁闷！说不是质量问题！第一次帮同学买，哎！下次打死也不买了,0
14167,不支持Xp和未能提供相关该产品硬件的升级网站，且网站公布的可供下载的驱动不全，需要找HP工程师才能发链接。,0
14168,没看过她的讲座，所以买了她的书看看，结果大失所望，真想不到为什么会有那么多人去追捧这本书。太简单，没深度，从另一方面也反映了我们大众对传统经典的陌生。,0
14169,"地理位置不错,房间在香港来说,算大的,特别是卫生间很大,硬件比较旧.住这里只是涂个方便. 只是这次的时机不对,遇上会展,价格大概别平时贵上2-3倍哦. 平时的话,2000多能",2
14170,虽然文章中充斥着对他人的攻击；虽然看似蛮横的不讲理；虽然有时候为了泄愤的而废话连篇；但我仍然认为这是一本好书。在这个物欲横流的年代，能够这样清醒的认识这个时代，提出非常独到的见解，是转型中的中国必须有的，过于激进的表达也只是为了警醒世人。中国就应该有这样不同的观点，百家争鸣的状态，一味统一的论调只会让人更加愚钝。书中引用的几篇文章也非常深刻。这本书值得年轻人一读！,1
14171,美的美好专卖店美的美好专卖店,2
14172,与同买的汤姆系列，这个一直搁浅，感觉很乱，没有故事情节。3岁3个月男孩，不打算再买此系列的书,0
14173,键盘敲击声音大尤其小键盘，开盖按键还不好用，很不好打开，外壳边缘还有毛边，装OEM VISTA无法激活,0
14174,V79三围为87mm×43mm×21mm，重量仅约80克左右，相当轻盈。V79采用了内嵌式电池的设计，后壳底部有一个开锁按钮，将按钮按下，才能够取下后壳，这样可以保证机身良好的密封性。,2
14175,感觉就是在宣传他自己的企业……没有多余的收获……,0
14176,"书都没收到就要我发表什么评论,不知道当当是怎么做事的,缺货也不通知,就知道收钱~~",0
14177,体积很小；六芯电池续航时间长，估计能坚持6-7小时；金属香摈银，拉丝做工一流；散热好，工作了一段时间并未感觉到汤；风扇声音轻,2
14178,"我自己先买了一本, 后来又买了2本送给两个最好的朋友, 希望他们和我一样从中领悟到生命更加美好的秘密, 生活更加丰盛的秘密, 身体更加健康的秘密, 以及如果快速的心想事成...我已经看了一遍, 感觉大有启发, 打算再细细品尝一遍, 并开始照书中介绍的方法去做.我有体验过一些小的事情,比如见某个人时候, 预想的情节果真跟真实发生的一样, 神奇吧.",2
14179,新蒙牛、心蒙牛、新总裁，我们有信心做的更好！,2
14180,有蒙牛、三鹿、光明招待！,2
14181,不记得买过这本书了，可能是没有看的缘故？反正不记得买这个了。,0
14182,在故事中穿插着知识，而且很有趣味性，让孩子在听故事的同时，能学到不少知识，很好的一套书。,0
14183,觉得触摸板是个鸡肋，其实压力帽已经很完美了，，触摸屏很是没什么用处，而且还不好用,0
14184,客人说 总体感觉还不错 下次来上海应该还会选择这里,2
14185,暮色之城系列书籍堪称经典之作。我认同大多数人的观点。此系列四本组成了一部完整的故事，英俊善良的吸血鬼，顾全大局的深刻理解他人的贝拉，浓厚的爱情、亲情感染了每个人，意味深长。这部作品是我有史以来看的最完整的一部书籍，给我留下的印象深刻。期待看看根据这部著作拍摄的影片《戏谑新世界》。特此把这套书推荐给爱好读书的朋友。,2
14186,1、所谓钢琴漆，既不耐磨耐刮，还容易留手印。 2、换装XP非常麻烦。 3、电池续航能力一般。,0
14187,"周边环境很静,离天门山和机场不远,有接机服务也很方便.出行周边逛就很不方便了,离闹区很远.房间比较小,脏和旧,床单也不怎么干净,冷水壶底下金属有脱落发霉,不敢使用,连放冷水的也有沉淀杂质,没敢喝,淋浴房容易漏水使地板变得很湿.早餐不怎么好,餐厅象个体户开的大众食堂,卫生条件不好.看到综合评分感觉有点上当.",0
14188,我个人对这个酒店感觉不好：1、硬件（1）这个所谓的酒店公寓好像有的层是客房有的是居民，我甚至看到有个人在电梯里牵了条大白狗！酒店无论院外还是楼门边都没有“海悦滨江酒店”之类的牌子，只能顺着门牌找，感觉非常不专业。（2）房间临街，早上实在太吵了，不用叫醒或闹钟，五点多准醒。（3）浴室有一道玻璃砖墙临街，非常冷。（4）早餐只有四种可选，量少，单点要40元/份！2、软件（1）工作人员素质实在太差，到了前台里面坐三个人，根本没人理我，直到我说有预定房间要住店。结帐非常慢，等了很多人，发票两天开成一天，一切都很不专业。,0
14189,为什么如此平淡无奇的爱情会令我心情跌宕起伏呢？作者朴实无华的文字却又不时夹带着细腻的描写， 丝丝入扣、潜移默化的同时，将引发感动的种种细节埋进我们的心里，在最后一刻肆意地爆发！看完了故事，哭的很彻底，以至于餐厅的服务生不时观察我这边的动静，生怕我有任何突发的举动。。。在如今的社会，如此纯净美丽的爱情，真的只能纪念哀悼而已了吗？,2
14190,有蒙牛无幸福,2
14191,"特别喜欢房间里的床，睡觉非常舒服。但酒店周围环境不好，特别是很难叫到车，足足等了1个多小时，耽误了不少时间。补充点评 2007年11月9日 ： 不喜欢酒店周围的环境,很乱很脏，但老外特别喜欢，据说有上海的特色吧。",1
14192,横批：酒鬼吹牛 回复 哈哈，酒对牛，牛！ 这个妙！蒙牛人产蒙牛，蒙牛嘴上吹牛。,0
14193,"房间里的硬件设施还可以,周围环境太吵,早上不好打车.主要是前台的服务非常不好,Check in的时间很长,办离店的时候也很费劲,说什么房间里的地毯有新烧了一个洞,但对天发誓我连火柴都没碰一下,也不会抽烟.让人感觉非常的不舒服,订房时的价格时不含早餐的,但结帐时却非说我们订了早餐,,,,真是让人感觉糟透了..这样的服务永远不会去第二次.",1
14194,记忆最深的是作者说的一句话：父母之爱都是深如大海，但有质量差别！这是一本为人师为人父母都值得好好一看的书，对中国传统型教育思想和方式是一个不小的碰撞和冲击。单位里同样有不少同事的孩子在做着留守儿童，也都存在着或多或少的问题，经常听到他们会发出许多无奈的感叹，可又束手无措。很遗憾的一件事！如果我有了自已的孩子，一定会自已带，无论多苦多累。,1
14195,很久没喝蒙牛换了包装感觉比以前好看,2
14196,开始看前人的评价挺好就买了，但是看过之后觉得没有想象的好。里面内容我看了后就像那种和别人说话夹杂着英语单词的感觉。中文之中，杂着零星的英语单词让我感觉不是很好。觉得对我没有太大的帮助。只是个人见解。,1
14197,"本本外观大气时尚,性价比非常高,质量稳定,送货很快(5/2定,3号早上送到),按键也很柔和,屏幕是 三星的质量可靠  加了根2G的内存条速度很快",2
14198,响应速度：从网上下单到图书到手，只用了短短的几天，真的很开心，少了很多牵挂的烦恼！内容：色彩缤纷绚丽，充满想像，很适合我3岁的女儿学习。呵呵，我也看的很用心哦包装：过于简单，一个当当的塑料袋装着用绳子捆着的8本书，感觉和书不太般配。书好精美哦。胶装：胶装方式容易脱胶，不利于存放，我的书拿回家不到一天，封面就脱掉了。不过总的来说，还真是不错，我和女儿都很喜欢！,2
14199,从拿到书开始我就已经知道我家的宝贝一定会喜欢的，从文字和图画的色彩上，无一不是孩子们喜欢的。我只看了一本就发现这书里面体现的东西不只是昆虫的知识，其中更为重要的是一种亲情的体现。当砂泥蜂自己要产卵的时候才真正的明白自己的妈妈为什么在自己还是幼虫的时候不在自己的身边，一切都因为爱，为了保护自己的安全。现在的孩子都太自私了，多看看这样的书，家长多讲讲故事里的喻意，给孩子思考一下吧。,2
14200,"电影中寂静的音乐，令人心旷神怡的画面，彰显了爱的唯美。而最后离去的小船，伴着童声吟唱的《梦之浮桥》长出了Jane绵延不绝的爱意留在了弥留之际古老朴实悦目赏心的青山绿水之中，唯有把爱葬在绵延不绝的苍山碧水之下，才能源远流长，代代相传。。。。。。虽然书和电影中的结局有所差异，但只要是钟情于《面纱》，好奇于面纱轻薄如雾，滑似流水的面纱之下的神秘,两者都能给你满意的答案。。。。。",1
14201,我也抵制蒙牛，绝对不买的 被蒙牛看上的男人！,0
14202,"看到网上的热评终于忍不住买来一看,什么东西吗,完全一副显摆样老实说历史确实应该可以写的好看但似乎不该是这个样子吧,反正我除了看见一些新鲜词汇完全没觉得好看好玩明明惊险曲折的战争场面被他描述的寡淡无味人物性格不是通过冲突体现出来的而是硬生生,死板板下定义得出来的总之,不好看,没水平,没意义",1
14203,房间状况相当不错，和我在南京入住的5星酒店基本一致，服务态度和酒店环境都比较令人满意，唯一的问题就是退房时检查房间用了近40分钟，不知道他们查些什么花了那么久,2
14204,性价比非常高，价位非常合适！送货速度非常快； cpu较intel同价位来说性能要好很多； 最大支持容量 8GB  对以后的升级提供很大空间！ 系统总线 3600MHz  一般的都是1800MHz；性能要好很多！,2
14205,安装太差劲了,2
14206,因为看书评写的很诱人～觉得自己也是二十出头的年纪了 也应该学习下如何经营自己的未来了……但是，买回来 很失望。内容很空洞～写的太浮于表面。里面给女孩子的一些忠告，举的例子  没什么新颖之处，也不够深刻书的质量也不好，像廉价的言情小说身边还有人想买，就直接送给她看了,1
14207,感谢蒙牛阿姨@檬XY,2
14208,优点：1.屏幕是他的最大的优点也是他的卖点，26万色的TFT材质的屏幕，现实效果逼真，色彩饱满，亮度高，分辨率也是比较高的。240×320像素 这样就完全没有一般的手机看上去屏幕有颗粒感。完全可以满足你的视觉感受。2.摄像头也是他的一个比较好的方面，是110万像素的，还是CCD传感器，这样拍摄的效果更好，我曾经照片传到电脑上过，效果还是基本满意的。3.只能Windows CE系统和手机基本通话系统独立运行，PDA资源管理与手机通话可同时操作，这样就可以两不耽误了。另外是 基于266MHz双CPU的硬件支持 ，处理速度很快，看视频文件完全没有拖影和失真的感觉。画面相当流畅。4.手写的识别率很高。5.键盘输入、鼠标操作，数据存储更随心应手，可以真正实现掌上PC功能，与PC中Word/Excel/Power Point/outlook完全兼容，可以浏览 Word、Excel、PPT、PDF文件，可与PC快速互传资料 ，而且在手机上也可以设置缩放比例，这样就能弥补屏幕小的缺点了（和电脑比），这个对于在车上不方便用笔记本来说真实太好了，而且即使是黑天也不怕啊。（这个对于在每天在车上时间长的用户来说无疑是个学习的好机会）5.支持K-JAVA （我特别喜欢）,2
14209,1.相对于14.1?的笔记本，体积大了一点，完全可以制作得更加小 2.vista basic而不是premium,0
14210,日本人的酒店，居然日本料理做的那么差。房间很旧，早知道还不如住锦江。早餐味道不好，品种少。超难吃。我住的528元的房间。完全谈不上性价比。我不会再选择这里了。,0
14211,不错，离大连港很近，步行几分钟就到了。坐船的游客很适合这个宾馆。挂的四星，感觉比三星多点，比四星少点。不过宾馆的价格还是对得起客人的。大连的如家快捷都得两百多呢。非常感动的是我们的船是早上四点多到大连湾的，码头的车送到火车站，然后我们自己打车到宾馆，时间大概是六点左右。非常担心这么早宾馆会不会让我们入住。忐忑不安的走进宾馆，前台只有一个服务员，态度非常亲切，一直都很温和，笑容很温暖。在确定了我们的预订并且有空房间后给我们办理了入住。这样我们得以休息了一个小时再外出赶往发现王国。这一个小时的休息非常重要和有效。,2
14212,因为是去会展中心参展，这家还是比较理想的，打车沿着金水路一直下去就到会展中心了。老外对酒店比较满意。自然，价格也不低。稍微有些美中不足的是，早餐就在大堂下沉的空间里，烹炸煎烤的，味道充溢大堂。可能有些人不在乎吧，但我是不大喜欢那种味道的。要是能改善一下通风的话，应该会更好吧？补充点评 2008年5月27日 ： 对了，他们饭店有7座专车可租，去机场的话，人多或行李多，可以租，应该比打两辆出租舒服加实惠。可以侃价的，呵呵！附加一句跟酒店无关的话：郑州机场的出租，那叫黑啊！打到这家饭店，花了151块，而走的时候，从饭店打到机场，只花了73块！差整整一倍啊！提醒大家一定小心！！,1
14213,今天才拿到，试了下机。屏幕大效果好，玩游戏、看HD都不错，毕竟显卡还是比较强劲的。 散热也不错，风扇比较安静。,2
14214,觉得是住过酒店最差的一家，一楼房间接近地下层，空气不好，而且酒店还在涮漆整修中，油漆气味很难闻....早上七点钟不到，施工人员和服务人员就在走廊上吵到不行....而且，酒店位置很难找，在胡同里！...总之印象超差,0
14215,去住的话最好是住朝向大院的房间，因为酒店后面有中央空调的一些设备，晚上响起来的话影响休息的。早餐很一般，没甚么好吃的东西。酒店旁边有条小路，那里有几家实惠的小饭店，比如私家菜甚么的。总的来说，出差宜兴，国际饭店还是第一选择。,2
14216,房间非常糟糕，零乱不堪，弥漫一阵腐霉气味，家具极其陈旧，地毯脏臭，冷热水不能调，龙头漏水，灯罩不翼而飞，不可想象居然还挂着三星的标志。有些酒店虽然营业时间久远，但维护得好，仍然可以入住。但此酒店简直象无人管理一样，破败不堪，非人可住的，与网站介绍完全不是一回事情。希望携程把好协议酒店的关，不能让此类酒店误导客户。,1
14217,正在使用当中，目前没啥问题，希望一直保持下去。,2
14218,1、屏幕显示效果相对较好；2、功能强大实用，性能稳定；3、外观简洁，时尚，整体手感很不错；,2
14219,美国卖的都是带XP的，国内版本增加了200元。内胆包要是有个放电源适配器的就好了。,0
14220,外观继承了IBM的风格 配置也不低 4000下的最好选择了 屏幕够大 看电影也足够  京东比国美还便宜了100多 价格优势很大,2
14221,虽然很喜欢张小娴的文字，面包树系列也很早就看过了，但是还是买了她所有自己喜欢的书回来珍藏。面包树系列故事讨厌女主角的个性 也不喜欢结尾为了一个自己所谓的完美爱情，放弃了那么多可能会很适合自己的优秀男人，不值但是这样对爱情的执着也许会打动很多人吧我确实也为书里伤感的情节而落过泪感叹 唏嘘但是这不是我要的每个人追求的爱情不一样，有些感受却是可以一样的吧,1
14222,1.价廉，配置足够女友用 2.散热不错，噪声低 3.加装内存方便 4.完美屏,2
14223,买回来有一段时间了，我三岁的孩子不爱看。一方面里面的卡通造型不甚简洁明了，一方面很多东西确实在我们中国人的习惯中没有出现，所以没法给孩子解释。还有就是书中所用的名字及语言方式，孩子不习惯。不知道为什么这套书还在畅销书第一名，我周围的孩子家长都冲着名气买了，都在家闲置。,0
14224,致命缺点：电量剩一格时死机；取下电池再装回，好了；过一小时接着死。升级了固件也没用。售后维修人员说，电池问题的可能性大。（确实，满电时就死过一次。）可是，此机死前毫无征兆，太耽误事！,0
14225,小说很早就看过，一直在纠结要不要买来收藏。买，肯定有人说不就是一本青春小说，还是半个同人形式的 意义不大；不买 可是书里那些往事曾经是触动我的，真实的，让我不由自主地有共鸣的；结果还是情感战胜理智~ 哇咔咔到货的时候专门看了看 嗯 有盘~（虽然我私底下更加喜欢另外一版《此间》的广播剧）~书的封面有点压痕 不过都还好~最后让我照搬一句不知道哪里来的签名，经不住似水流年，逃不过此间少年。~,2
14226,"手机屏幕亮度好。6万5千色的TFT屏幕还是比较细腻，基本没有颗粒感。此款手机又设计为一定时间后屏幕变暗，而不是黑屏。键盘设计个人比较喜欢，蓝色包着键盘数字，很是漂亮。功能区设计为半圆形，美观、大方且方便使用。手机铃声较大，不会漏接电话，且支持人声；通话音量大，嘈杂的地方也能听清；录音有选项，可将录音作为来电铃声，比较个性化。闹铃可设置两组，对于我这种需要早晨、中午叫的人刚合适。电话簿可按姓名、号码、位置、分组进行查询，比较方便，手机与卡之间可相互复制。通话中有一选项，可记载电话号码，做简单的数字记录。手机可存储短信40条，卡15条，可互相转存。短信量不太大的用户基本够用了。 31万象素的摄像头可180度旋转，10倍变焦，10级亮度。拍照没有后滞现象。功能较全，除掌中宽带，联通业务全部支持，包括定位之星。图片可显示的格式有：png,bmp,wbmp,gif,jpeg。可设为背景的图片格式有：bmp,png,jpeg，可设为休眠、来电、开、关机时的画面；铃声的格式有：qcp（语音）,mid,mmf.",2
14227,房间比较干净，卫生间太小，转身都费劲。地理位置一半，因在胡同里，不容易找到。服务一般。,2
14228,"1.配置比其他上网本升级,感觉不错 2.键盘比较舒服,和SONY的一样为巧克力式 3.电池直角转弯设计的,这样不会突出来了,暂时试用,就一点点电,看显示说可以用2个小时,,,确切的时间等用过再说",2
14229,对 说：你好 ，我喝蒙牛的酸奶很多年了。特别喜欢原味的盒装酸奶，但是我一直不理解 为什么盒装酸奶不用勺子而且用吸管，我想说吸管吸不干净，没有勺子来的方便。这个问题困扰我多年····希望你们能考虑一下我的建议···,1
14230,我短信挺多，为了方便换了个可以手写的机子，感觉用着不是很好，首先说识别方面，这机子做的不怎么样，写完的字出来不是我想要的字，以为是新用还不熟，但是现在用了快3月了，错误率还是很高，如果有断笔就一定会错，再有，配的手写笔用着不舒服，太细不好握。屏因为笔头总是写来写去的也已经有了细纹了，这样下去，屏也用不了多少日子,1
14231,看了三分之一就再以看不下去了，我买了一套。太不值了。给大家一个忠告：先买一本回去看看，然后再买剩下的。,0
14232,外观很美观大方，配置均衡合理，做工不错，屏幕效果很棒，镜面高亮，使用中基本只要开到一半亮度就足够了，机器稳定性不错，尽管都说amd的机器发热大，我这款倒是没觉得,2
14233,这本书中间不仅印刷糟糕，而且还有几页还是被撕坏了的,0
14234,蒙牛也挺好，，，味道不错，,2
14235,如题..作者可以用不知所谓来形容.浪费了我的时间.她顶多也就是个白领.一个一点文采基础都没有的白领作家.看这样的书非常的后悔.想要在自己的人生历练下记录自己的脚印这没有关系.但问题是你还出书.....建议如果真的要出书的话.就要像付摇那样的水平再出吧.跟<输赢>比.根本不是一个级别的..再说一便此书太恶心.此人太恶心.不信的就买吧,1
14236,我正在写这本书的心得，勘误和疑点，有兴趣的朋友可以访问我的网站，交流切磋。www.smallstonesoft.com,2
14237,各地都支持地方产业啊:来到武汉，酸奶好多是武汉本地的企业生产的。我朝思暮想的君乐宝，在这里都没人听过。我还想问，为什么学校超市只有光明，畅优的酸奶呢，蒙牛，伊利小罐装的八盒一套的原味酸奶呢？,2
14238,看了后，觉得这本书有些名不符实，没有什么触动心灵的东西,0
14239,这本书也许你不会一气读完，也许它不够多精彩，但确实是一本值得用心去看的书。活在当下，所谓的悲伤和恐惧都是人脑脱离当下自己瞎想出来的。书里的每句话每个理论都需要用心去体会，你会受益匪浅，这是真的！做个简单快乐的人，也不过如此。看了这本书，如果你用心去看了的话，会觉得豁然轻松了，一下子看开了，不会因为生活中的琐碎而成天担忧，惶恐不安。这是一本教你放下压力的值得一买的好书。,1
14240,内存太小，不能下什么歌，我下３首就满了，第３首还只下了一半多，郁闷，特别气人的是，经过压缩过后的ＭＰ３跟没压缩的装进去一下，打个比方，５Ｍ的歌经过处理压缩过后可也缩小十倍容量，按道理说装进去也应该只占５００多ＫＢ了，但是这手机我也不知道怎么回事，装进去还是一样，跟没压缩的一样．,1
14241,无线网卡驱动不好装，装xp比较麻烦~~不过装上后很爽~~还发现一个缺点是 电脑外放时声音比较尖。。。,0
14242,7月1日，2日入住酒店的豪华海景房，是看了携程的点评后预定的，直面大海，果然很不错。尤其是酒店配套的康乐设施很多，很干净的游泳池，保龄球、高尔夫练习场对住店客人打八折，酒店服务人员态度也很好，儿子特别中意这家酒店，称以后来威海还要入住。就是自助早餐品种较少。,2
14243,风扇声音有点大，而且叫起来是间歇性的，跟老公的DELL本本放一起，就感觉我的本本很聒噪，不知道这个是叫法是普遍现象还是个别情况呢？不过可能正是风扇的声音够大，所以散热很不错，其他的暂时还没发现问题。,0
14244,"每天不是烦死,就是吵死。不是吵死,就是闷死。怎样都是死,为什么不能快活死。有谁给一支蒙牛酸酸乳给我,, 我要快乐的滋味。@王楠wnan",2
14245,装系统比较麻烦。惠普的笔记本不配驱动程序，都要上网下载才行。,0
14246,散热还不错，玩游戏cpu温度和硬盘温度都在56以下，     速度很好，显卡也不错,2
14247,原以为Windows Vista 家庭普通版的软件很难用的，兼容性差，谁知一上手还是很好用，原来想装得东西都装上了，出乎意料之外。,2
14248,能把英文写成这样子，也真难为作者了虽然有些搞笑，可惜不喜欢这种风格而且，中英混杂的读，是能记住一些词汇的，倒是把阅读能力搞坏了。,0
14249,书很泛泛  一些道理有些偏激 另一些则很老套 ~~,0
14250,这套书三册，非常精美，内容也很好，我七岁的女儿拿到书后，坐在地板上用了二个小时读了一遍，喜欢得不得了。然后就将它们放在了床头，时不时地翻看一番，还经常问我想知道什么动物的知识，然后给我讲解，俨然是个行家的样子，可爱极了。她问我有动物百科，一定也有植物百科，我说一定会有，我会再给她买一套植物百科。不过这套书附的光盘我女儿拒绝看，她更喜欢自己阅读文字。,2
14251,曾经在德国的时候，就经常给儿子看德国的一个科技生活频道。它介绍的总是各种生活用品尤其是食品的加工过程，都是自动化流水线。在买这本书之前，我只是想让儿子知道，这些东西是如何来的，买了书后发现，书中介绍的不仅是东西如何来，而且全部都是按照流水线的方式介绍，基本是自动化流水线的缩版。我认为这样的介绍有助于孩子对于东西的来源，生产方式，尤其是现代化的生产方式促进理解。也有助于培养孩子的创造性。是本不错的书。,2
14252,呵呵，又住了回豪华双床房，感觉房间比标间大了，没那么压抑，床也大了，比较舒服。就是电视太小了，农村的朋友家估计都没有这么小的电视了吧。卫生间还是太简陋了，和酒店的整体定位不匹配。衣柜里缺少浴袍，总可以提供两套吧，我住过的更便宜的酒店都有提供。,2
14253,就是801.11n的无线网卡不容易找路由器搭配。 对京东发货速度有点不满意，订单4天后才能够在ems网站上找到信息。ems走的挺快。下订单后5天收到货。货从ems网站查只走了一天。,0
14254,我是6月4号订单，至今没有收到书，谢谢,0
14255,因为它的名气，我购买了它。也因为它的名气我转送了他人。除了做份礼物送出，对我而言没有任何价值。文中所表述的一切男人女人的特性和家庭问题的解决对我而言都是空的。 没有任何价值来参考，也无法产生任何共鸣。。。。。。。,0
14256,没有手写和收音机功能，而且又不是智能型手机，还那么贵，当初真不该买它！样子也是怪怪的；虽然有一个摄像头，因此加重了份量，但照片效果不是很好，（功能还是很丰富的），而且机身内存不是很大，也就十几兆，原装配件里也没有外接存储卡，再额外买也要花上好几百元钱。此外，也没有自动开关机和JAVA功能。,1
14257,"索爱机的屏就是清得不得了,我用过几个最名牌的手机中,它是最清的.音乐和录音效果特好.真是音乐手机.此外我喜欢它的手机绳往下挂,这样不影响打电话和拍照.设计不错.几科学的.",2
14258,“有德有才，破格重用；有德无才，培养使用；有才无德，限制录用；无德无才，坚决不用。” 蒙牛用人规范，精炼,2
14259,这是我第一次在当当网上为书发表评论。因为我希望我的留言能够让更多人来读《动物档案》和《一只蚂蚁领着我走》。我相信会有更多爱动物和尚未发现自己爱动物、爱自然的人，能因为读了蒋子丹的这两本书，而作出更加积极的言行，共同爱护地球上的所有生灵。请你一定要读这两本书。当然，如果你读完没有一丝感动和沉思，那我只能跟您说：对不起，浪费您的时间了！您确实和我不是一路人！,2
14260,就一个电话，第二天就上门安装了，服务真不错，价格超实惠，,2
14261,太过分了不好看而且功能不高要不然价钱不会这么低嘛,0
14262,买前看规格介绍是6芯电池，实物却是3芯，这点是很大的不足，希望京东能组织原装6芯电池供应。,0
14263,每一本都是这样的，简直象是盗版书，如果是正规出版印刷，这样的封面质量怎么出得了门？！儿子才6个月，里面怎么样还没有看，以后看了再评论这套书的“内涵”吧。。。。真是的，拿出来把我吓一跳,0
14264,装xp的时候很麻烦。驱动现在有个未知设备不知道什么东西。 别的都驱上了。,0
14265,外观不错，XP的驱动官网上都有，用了两个小时重装了xp，基本上速度没问题了 音质不错,2
14266,第一天十点下订单，第二天十点就到了！效率很高！本本质量还可以！,2
14267,蒙牛真果粒的牛奶饮品很好喝，我特别爱,2
14268,塑料感十足，而且感觉材料又脆又薄，屏的质量实在不怎么样，键盘有点不平，而且键盘不平……,0
14269,很久以前就看见这本书，我一直认为又是媒体的炒作，于是置之不理。有一天在网上下载了DOC版本的来读，谁知道一读就收不住了——没有华丽的辞藻、没有谄媚的讨好，有的只是自我反思和自我激励！面对急功近利而浮躁的学术界，自我反省和深思正是我们所迫切需要的。沉思录不是什么灵丹妙药但却是我们的良师益友！可能是因为是英译版，有些地方玩味不清，但是，沉思录真的值得花一点时间去慢慢的品尝！,1
14270,很一般啊，没有想象中的好，内容有些肤浅，没什么特别的，特别是关于中医养生的部分，有点失望，不过版面印刷质量还是可以的，文字大小看起来也很舒服，仅此而已！,0
14271,本来这本书是送给自己的生日礼物的，但是这次的货送的有点慢，不过读起来还是觉得收获很多，很欣赏其中的文字和道理。我们舍不得抛弃的都是那些已经拥有的，虽然明白可是还是没有像圣地亚哥那样的勇气来舍弃现在的这份工作，尽管我知道我已经不喜欢它，我确总是瞻前顾后。我想圣地亚哥能够断然的放弃羊群，因为他看见了未来的希望，而我现在对于未来还没有足够的把握，不敢放手一博。,1
14272,相对其他品牌来说我更喜欢小黑，磨砂的壳，很有质感，不容易留指纹，散热就不用说了，很ok的！预装的VISTA个人是很喜欢，不过兼容性太差，没辙只能换XP！,2
14273,全金属外壳的机器 SSD速度快 3芯电池够用 6芯会突出一块影响美观和携带,2
14274,本本比较漂亮，适合女孩子用。 键盘超级大，使用起来会相对方便些。 装了xp系统后，没有出现网友说的驱动不好装的情况,2
14275,对于1000元左右价格范围来说，选购一款外观功能都出众的手机产品的确是一件令人费心的事情。然而OT332以其完善的功能及极强的性价比使得选购这样一款产品变得容易许多。其彩屏的抢眼，相信年轻人或学生用户群，都会把它作为考虑的对象之一。其显著特点主要有以下几个方面：1.屏幕为4096色 2.WAP功能增强 3.手机待机时间长 4.具有高性能价格比 ,2
14276,是买给公司同事用的，轻便小巧，适合女孩子出差带。性价比较高。,2
14277,反应慢，外壳易变形,0
14278,我于2008年1月29日下单订购了三本书，其中之一是《杜拉拉升职记》，订单号： 1457306335；我想请问一下编辑这本书为什么缺了17页？从218页直接跳到了235页？像这种书籍质量出了问题当当是否负责？请尽快答复。,0
14279,已经学了好几章，感觉挺好，韧性已经有了明显改善了。但有个感受，呼吸难以掌握，俺们还是初学者，也许应该去健身房跟着瑜伽老师学习下在做某些动作的时候如何调整呼吸。不管怎么样，很喜欢这本书。坚持做下去是最重要的。给想买这本书的网友们的建议，这本书还是挺全面的，如果不是只想在短时间内专门减肥的话看这本就可以了，不需要再买其他的书，现在市面上瑜伽的书太多了，好多都是从里面拿些出来凑页数的。,1
14280,原来刚刚接触杜拉拉的时候，不知道人力资源是个什么东西，现在我以及决定考人力资源专业的研究生了，当然不只是因为杜拉拉，而是我发现了我对人力资源的浓烈兴趣。2也是一样的好，像1一样。讲述了职场的喜怒哀乐，或者身不由己，虽然我现在还没有步入社会。但是已是完全的社会人。世俗的想法，圆滑的做人技巧。还有身边的人的影子，都能在杜拉拉里面找到一个类似的人,1
14281,酒店位置较方便。服务较周到。房间稍显陈旧。房间价格还算合理。,2
14282,样式漂亮 平板键盘 摄像头不错 效果比想象的好不少 还带话筒 比较方便使用,2
14283,"房间比较小,最多3星,不如定168.设施一般,不如定特价房.免费注册 网站导航 宾馆索引 服务说明 关于携程 诚聘英才 代理合作 广告业务 联系我们Copyright?1999-2008, ctrip.com. all rights reserved.",0
14284,"很多：我的机器出现了三次‘个别人’才能出现的问题——开机便因为短信功能而死机……然后就属于瘫痪状态,其次，普遍的问题：1.滑盖不稳定，易松动,2.反映很慢……,3.电池难以负荷如此大的屏幕；一天一冲,4.一键通快捷设置不科学，打开滑盖之时，容易触碰。5.输入法不够方便，还不如6020等老款机型",0
14285,很薄的一套书，很便宜的价钱。不过拿到手时，还是超出了我的预期。一个个可爱的故事，一段段好玩的经历，不是单纯的说教，只是两个丑丑的小家伙，就叫我们的孩子在笑声里懂得相处，懂得生活。挺喜欢的~~~现在偶家小宝只要静下来就会拿本书看，连换衣服的时候都要瞅上两眼。。。很好玩的一套书。。。。小宝识字很多，基本 不用大人念了。。。很好~~~~~希望更多的父母跟孩子一起看这套书~~~,2
14286,我有时真是觉得患难见真情的境况是有的，在甄寰遇到这样的境况，温太医还是对他不离不弃，虽然甄寰不爱他，但是他依然守护在她的身边。假如有一天即使有一个我不爱的人在我潦倒的时候依然对我不离不弃，那我即使不爱他，但是我都会接受他对我的爱。虽然六王和甄寰真心相爱，但是他们最终不能走在一起，这样真是世间最痛苦的事。,1
14287,个人认为携程推荐此宾馆是不注重会员的基本利益。该酒店一半房间临大马路，晚上很吵，使人无法入睡。每次预定，该酒店总是声称无法保证安排安静和有宽带的房间，明显不重视携程的客人。本人已在该酒店经历了多次可怕的预订过程，携程的协调能力始终使客人深感失望，希望携程在赚钱的同时真正为会员的利益着想，不要推荐这样服务死板的酒店，本人今后决不入住该酒店。,0
14288,"轻薄,无坏点,稳定.正版V系统,7000买个正版,还有什么好说的呢.京东商城买这个确实让人放心.速度也很快.",2
14289,前台服务超差，基本的笑容都没有，看都不看你，连招待所都不如，很明显四星级的牌子是买回来的。房间装修也很一般，幸亏价钱还不算很高，但这样的服务就算高了。住了两次，没有任何改观的迹象，下次不住它了！,1
14290,好书要与大家分享，即使不是美术爱好者，读后也必会有收获的，热烈推荐给大家！,2
14291,买书之初绝对没想到儿子会如此青睐这本书，这半年多，他是早也读晚也读，走到哪带到哪，几乎翻烂了。所以不得不再买了一本。多数时候让他自由阅读，偶尔跟他一起练习对话。也许比较适合他的喜好，基本上他很有兴致地自学完成了，并且在日常生活中试着运用其中的句型和表达。对于他而言，绝对是物超所值了。他开始阅读这本书时大约7岁左右，因为已经有一些英文单词和阅读基础，所以可以较好地接受。,2
14292,硬件设施还可以，服务很‘好’ ，一个晚上竟然打了好几个电话上来问需不需要小姐服务。。。。。。,0
14293,1.屏幕显示效果好！2.2英寸的超大26万色TFT屏加入了CGS的独门技术，显示效果一流，分辨率达到QVGA标准（240×320），很少有机型可与之媲美。2.拍照效果出色。别看GX32的摄像头是100万像素的，但效果十分不错，但色彩还原的真实度和对焦的精确性远非一般百万像素拍照手机可比。配备闪光灯以及微距模式，即使是某些200万像素的手机也要甘拜下风。3.数字键位置宽大，黄绿色背景灯在黑暗处看起来既清晰又漂亮。4.MP3播放功能简单易用。,1
14294,容易死机通话声音小功能少,0
14295,设施一般，比较旧。环境比较吵。二楼有个餐厅，人员往来较杂。退房时，清理房间的服务员竟然诬告用了什么洁牙水，晕！真是荒唐，令人气愤！估计是这个服务员自己拿了，反过来诬告客人。建议以后不要在房间里摆放那些收费的东西，需要什么客人可以到下面的杂货店购买，否则某些素质不高的服务员自己用了或拿了那些收费用品，搞得客人反倒恼火。,0
14296,我想在此提供本人的入住经历给大家，仅供参考1.提前预订酒店时就曾打电话申明过需要接机，结果当日下机后和老公托着行李前前后后找了一圈也没找到来接我们的师傅。无奈之下只得自己叫上出租车前往，好在距离不算太远，旅游公司的车只花了二十元2.从进饭店的那一刻起我就开始后悔，这个酒店是有些年头了，外表和内在的设施都已陈旧，进酒店之后也没有服务生过来帮忙提行李，从旁边经过却熟视无睹。3.房间太小，比想像中还要让人失望，所谓的高级客房充其只能算个普通单间。4.送的水果是两个小苹果，一根小香蕉。鲜花我也没见到过，也许就是因为免费赠送的原因吧。不能太过计较，怎么说也算是送了。5.早餐，也许是因为太早要赶去丽江的原因，所以服务生打包送到房间里来了，馒头之类的东东，单调的只能是充饥而已。虽说酒店离机场比较近，但是昆明的交通啊，和咱们武汉一样的，不敢恭维！昆明机场也是，一大清早让人感觉是春运的火车站，所以提醒朋友们，一定要早到以免误机！以上便是入住此饭店的个人感受，我只停留了近十个小时，性价比真的是很差，实在是有待加强！,1
14297,性价比没得说，做工也还可以，就是光驱有点松，物流太厉害了，两天就到山东潍坊了，还是免费的，我一下定了两台,2
14298,"房间干净整齐,服务员态度很好,不过餐厅一般.给我的早餐券上的套餐与餐厅的套餐不符",2
14299,看了众多好评才买的，可是失望透了，看完就扔在了地板上。气愤。没看出哪里好，无论是语言还是故事。,0
14300,"两个字毛病多的没法说;这样的机子,也能上市快打回老家算了.",0
14301,前台小姐的态度不好，房间一开门走进去，一股发霉的味道，而且阳台的门的玻璃是坏的，cheak out的时候前台还让我们赔钱，说我们把门弄坏了。前台小姐兴冲冲的跑上来说隔壁的客人投诉我们太吵，要我们做房客登记，态度差的一塌糊涂，隔壁是客人，难道我们不是客人吗？而且我们一开门，隔壁比我们吵多了。反正就是一个字：差！,0
14302,"在汕尾的酒店不多(上档次的),只能订这个了.如果可以的话,去海丰住比在汕尾住好多了^^酒店不大,其实就是高级招待所的感觉,无论房间啊设施啊什么的.酒店的装修到了晚上十点还在滴滴滴响个不停~狂郁闷的!还有,上网还要收费20元/天!!晕~~~下次一定不住汕尾了~~怕了!免费注册 网站导航 宾馆索引 服务说明 关于",0
14303,我是一名资深的网络潜水员，喜欢在论坛上看护肤、理财等等。在网上经常看到一猫一菩提的精彩文章，深深地被她感染，成为一名不折不扣的猫迷。《31岁小美女养颜经》向我们展示了一个与众不同的护肤、养生、调养的新世界。她教会我们，可以从名贵繁杂的护肤品中解脱出来，用一些日常生活用品护肤；通过一些日常小动作健身；调理身体，以内养外；还教给我们，如何轻松自如地度过女人一生最宝贵的经历---怀孕生子。总而言之，这本书是女人的好朋友。,0
14304,没有介绍的那么好，也没觉得可以让人茅塞顿开的感觉，总之对记住单词效果不佳。,0
14305,我随便翻了下，封面花哨，书里面字体很大，差不多可以用“极大”形容。内容尔尔，估计以后只能当垫桌脚的了。 我一致以为，凡流行的，花哨的，众口一词称赞的事物，需要报以最大的怀疑和谨慎。这次买了太多东西，理性的光芒没有照耀到冲动的感性，我还是给我本来不大的房间添加了累赘或者叫鸡肋吧！这俩本书在当当里评论非常高，非常好。我怀疑有当当的托在这俩本书的页面上假装顾客炒作。当然，我只是怀疑。 这俩本书，如果需要阅读的话，建议去图书馆借阅，买来收藏和慢慢吸收阅读是毫无必要的。这是我个人观感。请诸位自鉴。反正我家垫桌脚的东西，是用20元钱买的。,0
14306,破玩意儿，文笔实在太烂。不明白为什么怎么有这么多人给它 5 颗星。你们工作过吗？,0
14307,十月二日晚入住，前台小姐态度冷淡，到了三楼的标房没有电梯，走廊很闷热（没有空调），房间内设备陈旧，没有吹风机，就是招待所的标准，哪是三星级的宾馆哦！　　晚上吃了饭回宾馆，１０点左右宾馆已关门，没有服务人员，要自己叫开门，晕死，就这个服务，还收４９０的房费．　　不建议去天目湖的游人选择这个宾馆，物不所值啊！,0
14308,这本书的排版很差，前面有四五页是空白的。,0
14309,整体外型比照片好看很多，外壳也有防指纹的设计，发热量也可接受。,2
14310,一个同事向我推荐这本书，于是我满怀希望地跟当当订货，结果苦等了两周之后，寄来的东西根本不是这本书，他们又一次把货发错了，我退货之后至今仍未收到那本书，相当的郁闷啊！,0
14311,1 别的翻盖手机在来电话时，可以按一下手机侧面的键（三个当中的任意一个）关闭铃声，这时既不接也不挂断，而只是取消了铃声。我觉 得这种设计非常好，大显C318则同是按住侧面两个键3秒钟即可。 2 支持通话中录音，方法是：在通话中长按侧面M键。 3 用笔画输入汉字时，非常快。 4 在储存电话号码时特方便，可以先输入电话号码，按“-”键就可以存了， 5 如果某人电话是：13X555XX000，则在待机是输入555或者000后按“OK”键，则所有含555或000的电话都查到了；如输入133后按“OK”键，则所有含133的 ,2
14312,终于可以打分了，打五星吧，实在太喜欢这本书了关于彭老这本书，个人认为怎么赞美都不为过。原因有三：1.语言通俗易懂、浅显易懂，容易阅读理解2.理论深入透彻，直指中医本质。3.内容系统完整，层次分明,2
14313,因了地理位置不错，定了这家酒店，也曾上网看过其他人的点评，总不相信真有这么糟，待得自己亲自住了、感受了，才真的体会到，这里还真不能算是一家酒店！没有门头（门前一滩脏水），所谓的大堂和前台（只有一位服务员忙碌地守着电脑和电话），狭小的电梯，廉价且肮脏的地毯，这还不是最坏的。穿过幽暗的走廊，打开房门，房间很大，空空荡荡没什么家具，但卫生间搞得超小，洗手盆放在外面，所以洗澡时没地方搁衣服。冲淋房密封差，一个人用过后第二个人根本走不进，地上全是水！房间的墙壁有些剥落，还有斑斑血迹的蚊子尸体。勉强睡了一晚，第二天的早饭也惨不忍睹，还不如不含！,1
14314,"我家宝贝男孩子,虚四岁,这一套系列丛书孩子不怎么喜欢.可能是东西方文化差异，故事情节做为大人的我，感觉也有点接受不了。比如长牙的小鸡",0
14315,HK人 本来就不太喜欢！ 蒙牛喝多了,0
14316,青岛拥有众多京剧戏迷和票友，吸引了许多京剧前贤来这个“大码头”演戏献艺。“四大名旦”、“四大须生”、周信芳、唐韵笙等京剧大师都多次来青岛演出，受到了极为热烈的欢迎。早在80多年前，青岛就已票房林立、人才辈出，不少名票下海后，进一步展示了他们的出众才艺。1959年，言少朋、张小楼伉俪在青岛振兴了几乎失传的言派老生艺术，在全国产生了极大反响。青岛与京剧的渊源，很深很厚，很值得一写。,2
14317,本次住进长春国际大厦酒店，对这家位居商业大街而与周围市场经济极不相称的管理太有感受了：1.那天晚上约10点，我们一进酒店大门， 霉味扑鼻，顿时意识到这家酒店人气不旺。前台仅有的一位服务员在打电话，滔滔不绝。我们等了数分锺，已经开始不耐烦地叩柜台面，暗示她我们在等她办入住手续，可是她压根就没有意识到我们的存在，眼度不抬。还是后来进来一位服务员，才给办了登记手续。2.好不容易上楼开门，IC-Key开不了门， 叫服务员没有人，只能下楼换了一把，还是开不了，叫了服务员来了，才打开了门。丢下行李准备出门吃饭，门却锁不上。倒霉的事情怎么都到我们这里呢？！ 只能下楼叫服务员，捣鼓了半天确认是门锁有问题， 才同意给换房间。3. 卫生间简陋不提。一洗澡，水是满地流溢。凭良心，洗澡水是挺猛的。4.第2天早上办理离店手续，服务员说请等片刻，电脑死机，说是中毒了。天啦，要等到何时？ 说没有办法。因赶路，再三要求下才手工办了退房手续。这叫什么酒店？ 这是什么服务？ 连招待所都不如 !!!! 换3星级！？ 不难想象为什么霉味。 真是倒霉！,0
14318,"7月21日就提交了订单，结果7月26日我们其中2个朋友先行到达酒店，他们由于2人中一位未带有效证件，结果前台足足让他们等了一个小时也不给他们解决（据前台说是7.25接到公安局的通知，每位住店客人必须提供证件），本身恰逢奥运期间公安部门提出这样的要求，我们作为中国公民全力配合也无可厚非，但是酒店的几个作法实在是让我们无法忍受：1、7月25日晚我们曾经致电酒店，但是酒店根本未提醒我们有如此新规定，同时在我们提交订单近一星期内也未有酒店或携程事前通知我们；2、我们2位朋友足足等了一个小时后，我们也赶到了酒店，又把我们晾在一边达1个多小时，只顾给其他客人办理手续，不给我们提供解决的方法；3、作为号称6星级的酒店，此事件自始至终前台人员未见到笑脸，似乎错全在客人这边，难道号称与国际接轨的6星级酒店就是这样培训员工的；4、我们要求酒店提供公安部门下发的相关文件，结果前台人员回答，是公安部门电话下达的，酒店没有文件，作为一名有稍有常识的公民，在当今这样的信息化时代，政府部门都遵循信息公开的原则，若真有诸如此类的文件下达，也不至于会如此不正规操作把，故此我们十分怀疑酒店的说法。5、在于酒店交涉后，酒店人员竟然十分蛮横的回答，如果我们不能按照他们的要求做，就不接待我们了，鄙人实在对“半岛”品牌的规范度、信誉度感到十分震惊，室外是高达40多度的高温，我们是驱车2个半小时才到达酒店的，难道真正的“半岛”集团酒店会如此对待他们的客人。（后得知此半岛是盗用香港半岛名称，不知香港半岛酒店管理集团得知有这样的“李鬼”兄弟会做何感想，也不知当地工商管理部门是如何会让这种水准的团队使用享有盛名的“半岛”品牌的）；6、期间有一位身着经理服装的女士出来接待，都是说2句话就跑开，号称去请示上级，一请示就是15、20分钟，真不知这位经理是什么级别，更有甚者，此位经理还出言不逊，说出门带证件是常识问题，我们斗胆问一句“那信息提前公开告知”是否就不是常识问题了，似乎我们都是些没有常识的人，似乎我们这些没有常识的客人是不配入住这种“高贵”的酒店的，这是对客人的极度不尊重，是对我们客人人格的极大侮辱。7、我们本着息事宁人的态度提出从上海将证件传真至酒店，请酒店先行办理check in手续，结果前台也是出尔反尔，一会说可以，一会又不行了，最后也是在我们态度强硬的情况下，足足耗了1个小时后才满足了我们这群饥肠辘辘的客人的基本要求；8、check in手续办完后，突然又说只能给我们2个房间，说其中一个房间还在打扫，我们看了时间，此时已是中午12点35分了，按照国际管理，当天客人入住最晚应在12点，我们实在是对此酒店的服务水平大大怀疑；9、我们预定了泳池湖景房，结果根本看不到湖，真不知这个湖景从何而来；10、凌晨4.：45分，竟然有2位男客人到泳池游泳，影响到我们根本无法入睡，酒店竟无一人前去劝阻。归于以上种种（还有许多细节不满之处不再一一叙述），我们真诚的对携程网提出我们的建议，此种水准的酒店以后真是不要再推荐了，一来使客人遭受折磨，二来也大大有损贵网站声誉！补充点评 2008年8月2日 ： 对于该酒店不负责任，缺乏诚意的反馈，实在是有愧于挂出的“六星”标志,我十分赞同楼上朋友的点评“对不起这六星，这家酒店没有管理好，希望下次可以看到新面貌！”：1、酒店既已承认25日就接到公安部门通知，却给予携程网的客服人员26日上午才收到通知的信息，不知如此欺骗公众的酒店如何生存；2、请酒店再次调出当日的录像资料，请你们公司全体高层好好学学什么叫微笑，好好培训你们的前台，你们的前台脸上出现过笑容吗？3、明明是我们的朋友自己提出传真身份证件，而前台一会说可以，一会又说如果没有证件恕酒店不接待，现在竟然变成了酒店总经理决定的事情，那我们只好在此感谢贵酒店总经理的“真诚服务”了；4、请酒店尊重我们的公安部门，难道我们的公安部门作为国家执法机关，会如此不规范、不严谨吗？（前面承认接到指示《凡是入住酒店的客人均需出示身份证登记，否则将对酒店和相关工作人员以及住店当事人均要做出特别时期的严肃处罚》，很明确的使用了书名号，后面又说公安部门不会为此发文，不知酒店如何自圆其说？）5、另外自始至终就是那位不会笑的前台小姐接待的我们，不知酒店所谓“前台其他员工从何而来；6、自己也承认自己是“1881半岛”，难道半岛前面加个“1881”，就和香港九龙“半岛酒店”是一脉相传吗？酒店都不知要尊重客人，却指责客人不尊重酒店，对于酒店如此“真诚”的反馈，我们只好在此很真诚的回复贵酒店，我们是再也不会享用该酒店的“六星”服务了！也奉劝贵酒店，诚信是生存之本，切记！宾馆反馈 2008年8月7日 ： 针对你26日入住时无法正常出示身份证登记的情况，酒店方查看了当日录像全过程，并对所有当事人进行了全面调查。奥运会即将开幕，为了确保奥运会及全国人民的平安，25日我们得到公安部门的紧急指示 《凡是入住酒店的客人均需出示身份证登记，否则将对酒店和相关工作人员及住店当事人做出特别时期的严肃处罚》。对应您提出的意见，酒店慎重做出以下答复：一、 7 月25日 公安部门强调了必须出示所有住店客人身份证登记的紧急指示，而作为公民入住酒店是必须携带身份证的。这一常识。不需要公安部门做任何发文！希望你懂得。二、你朋友 11:40 进店至 12:25 Check In 手续办好，共 45 分钟，和你说的等待 2 小时多不符。正因为我们尊重客人，所以当你和你朋友在大堂吵闹时，我们前台其他员工非常礼貌地为其他住店客人快速办理了 check in 。三、无锡 1881 半岛酒店隶属香港 1881 半岛酒店集团公司！再次声明！！ 四、我们 1881 半岛酒店、可能会对极少个别客人不“尊重”，其目的只是为了更好的尊重服务于其他客人，为其他客人提供更好、更高品质的服务环境。当时相关经理的出现正是想尽快解决问题的，也是在她的协调下，在 45 分钟的过程中解决了你们的问题。没有一点不尊重你们，更谈不上出言不逊。五、酒店零距离泳池房在你入住前一天是客满的，你预定的房间必须是前日客人退房后(入住 1881 半岛酒店客人享有住房保留到 14:00 退房的权利)才能提供给你。我们不可能会因为你的到来，而提前把前住店客人推至门外！按照国际惯例(ctrip的公开公布):14:00 是你的入住时间，酒店尊重并遵守了此惯例！六、诽谤及诬蔑是不道德的，1881半岛酒店所有零距离泳池房，都能透过泳池清晰看到全湖景！！其主要特色是客房与游泳池紧相连，也是目前国内最前卫的设计理念。七、对于凌晨有客人游泳，我们也做了相应的调查，有 2 位住泳池房的醉酒客人，未按照酒店规定时间游泳后，不到 5 分钟便由保安劝慰回房了，在此深表遗憾。针对你的补充点评，我们做出如下反馈：一、我们酒店实行不卑不亢的微笑服务标准，深知微笑服务的重要性，但是，我们的微笑只会给予值得尊重的客人。二、我们在奥运会期间严格执行公安部门指示，希望你们不要玩一些文字游戏，打书名号只是为了让你们跟上奥运步伐、更清楚的认识到：非常时期出示身份证的重要性。我们真诚欢迎并保护好每一位有素质、有品味的客人，并提供舒适安全的服务环境，反之 ……",1
14319,宜宾还有很多好的酒店，比如说叙府宾馆就不错，不知道为什么携程没有签这个酒店。,0
14320,因为这是本很多人都说好的书，我才买来看的，也许是余华写的东东和我本人的套路完全相克吧，我觉得他这书写得差劲极了，我个人感觉他有点模仿王小波，但是那种控制文字的能力差得远，所以不伦不类的，非常后悔买这书。,1
14321,前台服务态度不好，不能替客户考虑，宾馆装修，噪音很大，,0
14322,是最值得推荐的一本科学育儿书。这本书文字简练有力，案例丰富，虽然都是外国孩子的案例，读过以及实践过后，我发现天下孩子和天下父母有很多相似之处。这本书我百看不厌，每次碰到困难的时候，都能从中得到启发。相信每个爱孩子的父母都能从中获益。我还买了一些送给当父母的朋友，我觉得这是最好的礼物。知识就是力量，象书中所说的，养育孩子光有爱还不够，你还得有知识有力量，这样父母和孩子都能共同成长。,2
14323,不是不喜欢，而是故事内容的展开太乱，给人一种纷杂的感觉。由于我的个人文学修养还没达到一定程度，所以我的个人评价是：一般！,0
14324,电池在使用初期待机时间还不错，但在使用两三个月之后待机时间就大大缩短，手机自身的反映速度也减慢！,1
14325,总而言之一句话，很差！早餐基本上没有能吃的东西，房间也很差，附近交通也不方便。配套以及服务都很一般,0
14326,"内容一般般; 印刷制作很恶劣, 不知用的什么垃圾纸墨, 很臭, 恶臭, 根本不得近身...",0
14327,我感觉这机子还是不错的，16和弦的铃声虽然比不得现在那些64的好，但是我感觉还行，图像显示也不错，两个屏的，看时间方便，功能也简单易用，我就喜欢简单的东西，有些机子的功能是多，但是不一定实用，所以还是简单又实用的好，我主要看中了价格，不到1000元，对于我来说合适,1
14328,因为去长寿路办事，于是订了这个酒店，但却是我在上海住过的最差劲的酒店！酒店是单栋建筑，周边没有绿化等任何美化的环境。门口叫车超级难，因为上海的司机不知为什么在这个酒店附近都不停车，只有当有乘客正好在这个位置下车时才能叫到，在门口吹风真是冷死冻死！大堂在六楼，楼下没有停车场，地下室停车场很小，高级大床间很小又不方正，是个三角形的结构，床对着门，躺在床上有一种很不安全的感觉，因为一开门就看到人，难道携程预订的就只能排这种房间？！房间的设施设备勉强三星，将近六百块一晚真的很划不来，下次绝对不会再踏入这个酒店，也会和朋友说到上海千万不要住这个酒店，性价比太低了！！！,1
14329,HPmini110mi快出来了，降价是对的，而我们不过提前了几天享受MAC LEOPARD　１０.５,2
14330,刚以为不错，谁知道买回以后，看了看一点都不好，作者其实不是了解中国女人的，更不了解国情...郁闷这年头什么书都可以炒的很火？,0
14331,帮朋友买的，自己大致翻阅了一下，自己更喜欢曲黎敏老师写的，不过朋友很喜欢。这本书最大的好处就是有一套人体穴位图,0
14332,并没有评论说的那么好．很一般，文字的感觉不好，没有反映出那个年代独有的美感．,0
14333,官方给的驱动是在是不敢恭维，刚买来的机子就已经玩游戏很卡了，害我自己到显卡的官方网下载最新的，之后就玩起来比较爽。,0
14334,必须抵制蒙牛,0
14335,1 跟我以前的ibmx31 比起来键盘键要松，但好像更容易敲 更省力 2 随机的vista也不错啊 习惯就好啦  3 感觉很好  ibm的风范  联想的特点 中国人的胜利 4 大气 配置合理  高清 视频音频均很出色 5 京东的送货的小伙子很可爱  建议给他们加工资,1
14336,买完降价了，店家服务还不错，但安装售后太黑了安装费竟然漫天要价，一开口要378，我不肯买单，打了400的服务电话投诉后降价到260，真心黑，太恶心了。,1
14337,我一直给我的学生说，懂你的人肯定是你的邻居。这句话用在日本人身上，简直是对极了。日本和我们有着相近的文化起源，而且近代以来我们一直把彼此当做彼此的朋友和对手，从朋友兼对手的方向看我们当然会把我们看的更透彻。所以，向各位朋友推荐这本难得的书。唯一的不足是，译者做了一些“必要的”删节。我不明白，为什么要删呢？难道学术研究都要阉割吗？,2
14338,外观也还行，就是　毛病太多，设计理念是对的，可惜脑子不够用，质量太差，还调漆，用不了长久,0
14339,外观很漂亮，比较轻，，这样的价格能买到这种性能和配置的本本，已经很不错了,2
14340,这本书不象宣传里说得那么好，买到家以后，翻了翻就没有兴趣了。本来是想买回来，让小孩学习英语的，拿到书以后，竟然是中文夹着英语单词，这种脱离文章来学习英文单词的方法，我是不认同的。,0
14341,"每次出差都住在这家酒店，酒店在服务上做得很好.前台小姐很有礼貌,训练有素，非常热情，由于飞机晚上很迟到达，大堂经理还专门派车接了我，她们这种热情、细致、周到的服务使人有种宾至如归的感觉，下次还会到这家酒店入住.",2
14342,酒店的居住环境真是让人没有安全感，一座楼里有按摩厅，饭店，火锅店，还有台球室。让人匪夷所思的是卫生间的门，居然是透明的，又不是情色酒店，入住的不是情侣只是朋友就算是同性也感觉怪怪的，没有任何隐私。酒店的服务人员服务态度也不怎么好，给的房卡也搞错开不了门，还要我亲自把卡送到楼上大厅去换。总的来说这家酒店的各项远没有它的名字好啊 ～～～～～～～下次不会再光顾了,0
14343,第二次住，在北京，398元的房间，已经很不错了。没处吃早饭，酒店早饭要100多，吃不起。单人间很小很小，光是住一两晚上还形。房间挺干净的。,2
14344,因为太光滑了，所以容易留手印儿。有时，鱼和熊掌就是不能兼得。好在配了块布。 还有就是有点重，轻的就不是这个价格了。,0
14345,太不喜欢了，连快餐都算不上。非常的后悔买了这样一本书。特想退货。哈！,0
14346,酒店房间小，设施陈旧，酒店靠马路，窗户很不隔音，影响休息,0
14347,总体不错，窗外就是江，周围吃的也很多。（乐山人民有些不友好，当心敲诈，吃东西最好多走几家问问价。）要的是180的标间，房间空间很大，虽然有些成就，不过也算对得起他的价格了，早餐没吃，送了两瓶小矿泉水，不够喝，建议换小桶装的。,2
14348,收到这本书后，虽然一个人看着宝宝几乎没有时间，但我还是挤出了所有的时间在二天内看完了，这真的是至今为止看到过的最好的一本育儿书，，，让我在教育儿子的路上有了指路灯，审视自己平时的一些习惯，发现文中提到几处，也知道了妈妈的一个小细节几乎会影响宝宝的一生，，真的感谢作家。有这样的一本好书问世。也真的庆幸自己在儿子一岁时就看到了这本书。。好在一切都来得急改正,1
14349,"屏幕亮丽,上网.视频播放流畅稳定,用PowerDVD8.0播放外置DVD光驱中的蓝光碟也非常清晰流畅,这得益于9300GS。6芯电池保证3小时以上的使用时间,声音轻,发热量低。 到手后换了320G硬盘装XP很顺利,速度比Vista快多了,京东上购LCD保护膜自贴蛮难,手忙脚乱的,又购了一块键盘保护膜。HDMI输出音视没问题",2
14350,外观很有档次，如果有红色的话女生用刚好，很漂亮，。。同价位中配置高，很实惠了。,2
14351,系统要自己装，会让你很头痛！买回来发现不能上网有线和无线都不行！打过800服务电话也找过网络工程师却发现网卡问题！原装系统超慢且容易死机换系统装驱动却装不了!麻烦的还在后面 售后服务简直不人性化！,0
14352,看完后不仅对中国以前以及现在所在进行的改革有了新的认识，同时也对社会和生活在这个社会中的人有了新的启发。很多事情不是我们所左右的了的，时代造就了很多英雄，同样也湮没了很多人，我们生活在这个时代，这个社会中，最应该学会的就是顺应时势！不管你做的是惊天动地的大事，还是过自己安稳的小日子，要想过的好都不要违背时代发展的趋势！,2
14353,一：沉稳的黑色机身，银色边框，有一种说不出的神秘感。二：手感不错，胶质外壳，温润贴手。按键较大，布局合理，既使边角键，也易操作无误。三：声音性能突出，既使免提接听，音量和音质都比较出色。支持MP3、MEPG4。扬声器的三维环绕音效、内置震动器、彩灯随节奏闪烁，营造出了享受音乐的氛围。在“摩托混吧”，还有集下载、编辑、创作的开放式平台，可满足音乐迷的不同需求。四：带补光并可变焦调节的30万像素相机。五：TFT屏幕色彩饱满鲜亮，对比度也较高。六：时尚的娱乐功能全面：彩信收发、蓝牙、K-Java下载、移动QQ。七：内置多种主题和面板风格。八：附送64MB SD Trans-Flash闪存卡，便于存储。,2
14354,就是一些浅显的道理，不过女人多了解一点也没坏处。看一下前言后记就可以了。,0
14355,文革时金镛在香港办报纸，预测时事每每中的，众人询问原因，则说“我读《资治通鉴》几十年，中国人的事，大抵如此。”此书真有如此神奇？我怀着好奇心，硬着头皮，历时一年半，终于把它看完，也终于明白，金大侠所言不虚，中国人的事，确实是大抵如此。历史现象虽然不会简单重复，但历史的规律则总是不断重演。看完此书，令人的认知水平有被拔高一筹的感觉。,1
14356,和父母一起去的，所以住在家庭房里，没有看到无敌江景。总得来说，酒店弄得比较干净。韩国人特别多。但是房间里老是有一股去不了的怪味道，马桶偶尔漏漏水，莲蓬头设计得非常容易往外溅水。早餐也不咋地。虽然缺点多多，但是已经算是丹东最顶尖的酒店了。,1
14357,用了两天，还可以,2
14358,这是第二次入住，感觉服务不如去年热情了。房间里很大的烟味，喷了两次空气清新剂，开了整整两天的窗户，空调和排气扇也开了整整两天的通风，结果临走时烟味仍然很大。衣服上熏得全都是烟味。希望酒店能检查一下，看看究竟是怎么回事。房间设施比较一般，毛巾和浴巾明显看起来很陈旧了。卫生间洗面盆的边缘露出了一圈污渍，让人看起来很不舒服。房间的隔音也不好。补充点评 2008年4月1日 ： 从这里打车去机场，走三环路，一共用了25分钟（没有堵车），花费68元。,0
14359,看到了第六章，感觉内容确实如书中所说，其实很多的人际日常交往技巧真的是没有什么神秘之处，都是在日常生活中需要注意的一些小的细节而已。但就是这些小的细节，却能够起到很大的作用。内容值得一看！但是我感觉只需要看内容和每章开头英文的章节名称就可以，而不要去看中文的章节名称。中文的章节名称不仅翻译有很大问题（哪怕我们从意译而不是直译的角度去考量）而且和章节内容本身基本毫不相关。,1
14360,"我买了台V628,感觉还不错,价格也很划算,在广州买1400.各方面还是满意的,不过上网就不是很快.很一般,不过打字可以智能.总体来说还是值得试一下的.",2
14361,这本书可能是先有剧本后有书所以不象亮剑书那样感人，建议大家去看电视剧。,0
14362,"输入法太慢,拍照反应慢,有许多MP3不能播放,强烈不满:电话本库存不下没有提示,甚至把我所有客户号码,短消息自动清零,因为我没有备份,导致我损失惨重,赔我!",0
14363,性价比高，找了好多商场都没有找到合适的，同样的东西别的地方好贵。,2
14364,价格公道，配置均衡，处理器、主板芯片、显卡都是新一代的。A面外观还可以。另外感觉很轻薄（可能是整天用小黑的缘故吧），便于携带。带驱动盘，不用去网上找费时间。,2
14365,在他的诗中始终贯穿着爱与美的主题，在对大自然的讴歌中抒发了对自由、理想、爱情与美得渴望，在对人生经历的描绘中无不蕴含着对人生真谛的探索。他对物欲、剥削、压榨、暴力的社会极端的厌恶，他离群索居，就是渴望内心的精神自由。他认为真正的自由意味着人性的升华，人主宰自己的命运。《先知》表现了万物统一和生命超越这一主题思想，他认为人类要实现生命的永恒就有超越死亡。,2
14366,这上面是不是打错了，才８５０元？有谁能告诉我这机子到底多少钱啊,2
14367,"摩托罗拉手机返修率高得惊人,而且不是特致命的故障却检测不出来,让人很是郁闷,如是不信请到他们的检测中心走一遭.摩托罗拉让我们很是失望.",0
14368,房间非常好，早餐还好，比较满意。房间缺少针线包，客房部人员反应速度比较快，再去沈阳还住高登。,2
14369,与同买的汤姆系列，这个一直搁浅，感觉很乱，没有故事情节。3岁3个月男孩，不打算再买此系列的书,0
14370,反应还是有点慢，可能上网本就这样吧，下单时的要求，京东估计根本就没看，服务有待提高。,0
14371,中国人对美的这个民族品牌还应该大力支持啊，我很喜欢这个热水器，40升的容量刚刚好！！！，期待哦再次合作！！！,2
14372,光驱不大好，给人想散架的的感觉。哈哈，总体上还可以。装系统有点绕手，害的我装了一个小时。,0
14373,喝了4年多的蒙牛奶，这次心血来潮换了伊利的，结果频频闹肚子。到底是蒙牛害了我的胃，还是伊利毁了我的早餐！？,2
14374,买了书十天了，还没有寄到，怎么做生意的啊？？,0
14375,突然发现大家都手捧一本《明朝那些事》才察觉原来都出到4了，赶紧从当当上买了一本饱读。感觉一般，看到一半就进行不下去了。,0
14376,用这只手机打电话不能太长时间，如果时间长了，通话音量就会变小，呵呵，这个是新出的智能控制通话时间的功能不？再有，铃声有点小，主包里时就容易听不到了,0
14377,大人孩子都喜欢！只是有些文字和画面比较含蓄，孩子有些看不懂，但大人却可以看得开怀。比如封底，蚯蚓斜着双眼说：“我好象有被偷看的感觉。”我为闹：“蚯蚓为什么会有被偷看的感觉？是谁在偷看它的日记？”一开始闹并不理解，一直开导了很久，慢慢地才把她引入正确的理解，继而会心而笑。非常享受这样的开导过程！相信若干年后，闹还会在她的小书架上寻找这本书的踪影！,1
14378,我是去直营店自提的。前台小姐的态度不好，好像刚和自己的老公吵过架一样，面部表情僵硬，架子很大。,0
14379, 共勉！嗯嗯……你们都不是正常的消费者，我不吃双汇的肉制品，不喝伊利和蒙牛，现在开始不喝国内的任何红酒和白酒。不知我算否合格和正常否？,0
14380,这本书真的很好啊，应该打五星，只可惜评分好像无法修改，很有作者的个人风格和简介，能学到不少健康知识，作者您还能再出书吗？要是还出这样的好书，我一定买。谢谢当当热心的顾客推荐，我才能买到这些好书，也谢谢当当，祝好心人合家欢乐，身体健康！~,2
14381,电池下面有划痕，LINUX不是很方便装系统费了老劲了，其他都还OK！,0
14382,优点：彩屏色彩很好，MP3音质优秀，可从夏新网站上下载软件，能在电脑上编辑电话号码本，并回输进手机，也能从手机上下载电话本。能将手机与电脑同步通信，在电脑上发送短信，也能群发。支持自动开关机和关机闹钟。由英汉字典能背单词。缺点：不支持Flash存储扩展。,2
14383,模具较差，指示灯有漏光的现象。 发热较大，电池持续时间一般。,0
14384,羽绒被子，枕头，毛巾够厚有四星的感觉，也很干净。洗澡不错。但房间装修一般。早餐不错，就是贵了。总体感觉偏贵。,1
14385,反复装了2次VISTA，用OEM  U版，不能激活！提醒其他买家，除非刷BIOS，导入SLIC证书，否则其他激活方法，都不用试了！最后装的XP！,0
14386,在各大书店都看到过金波老师的名字，但一直没有看过他的故事，这次买了这本书，主要是认为有必要培养孩子丰富的语言表达能力。买回来看了以后，发现大人读也很好，可以回忆自己的童年梦想，而且读诗需要放松心情放平心境，可以让自己焦躁的心平静下来，非常好。决定每天早上都要起来读一首，让自己一天都能心平气和，不要为各种琐事烦躁。,1
14387,买这本书的初衷就是把它送给上大学的妹妹看，收到的效果比我预想得要好。很早以前就关注过开复先生的经历和作品，但都是在网上看，真正买书这是第一次。静下心来看过后，觉得现在的孩子们都应该好好读一读这本书，无论是大孩子还是小孩子，我觉得在这方面现在的孩子们是越早接触越好。他们在这方面欠缺太多了。这和父母的教育以及现在中国的教育制度都有关系。,1
14388,"没有光驱,重装Windows需要外接光驱,对于电脑新手会很麻烦(没什么人会用Linux吧)",0
14389,电池似乎远没有8.5小时那么久，巧克力键盘也有一点不太习惯，感觉很单薄。,0
14390,热水器还可以，我家刚装上，上班太忙，没在网上买个电器，满好！,2
14391,我的A310，用话筒听彩信铃声时会走音，而且很严重，就好像机子没电在放音乐的感觉，有时候还是断断续续的。还有与对方的通电话时也走音的厉害，有的时候根本就听不出来对方的那人的本来声音，通话中也有杂音，有时候根本听不清，我怀疑是音板的事，喇叭也有可能是坏的，送修盼回,0
14392,回来后开机    我感觉好像没有系统但是进不去    总之还是不会操作   需要急救,1
14393,先是看过《且是天下》，然后发现了她，于是买了她，看了她，很喜欢女主那喜欢就做，不喜欢就不走的性格，有点像白风夕，幸运的是她早早的离开了那束缚他的地方，虽然代价高的让人难以承受；喜欢意遥，那就是喜欢了就是喜欢了，没有任何原因。其实看《且是天下》的时候就为玉无缘难过过，现在看到意遥有好的结果真觉得幸福啊。,2
14394,当当网名不符实，订货多日不见送货，询问客服只会推托，只会要求用户再下订单。如此服务留不住顾客的。去别的网站买书服务更好。,0
14395,对清史感兴趣的朋友不可错过此书，喜欢清穿小说的朋友更不能错过此书，书中对满文化解析的比较全面和详尽，作者是代善的第十三代孙，可想而知内容的权威性。书的装帧质量很好，还有很多晚清民间的图片，真是太喜欢了。对源自满语的老北京话感到很亲切，文化是需要传承的，随着北京的移民化，很多土语老话儿逐渐听不到了，作为北京人感到有些遗憾，这本书能很好的反映老北京习俗，值得研究与学习。,2
14396,指示灯是绿色的，感觉和灰色调不大搭，当然这是个人意见 光驱声音很大，咣当咣当的，摄像头非常的劣质，图像模糊的很 还有一个是担心外壳很容易旧或者脱漆 装系统挺麻烦 就体会到这么多了，还要慢慢体会,0
14397,原先在VK520有的Java功能，到VK530不见了实在令人有点失望。无声短片玩起来就太没有意思了，而且暂时只提供紅色的，希望选择可以多一点。 ,0
14398,买到后，装完系统后测试时发现，所谓的显卡切换独立钮是坏的，根本切换不了。经华硕检验，说该钮断了，不在国家三包退换之内，让我找京东协商。呵呵，京东也一直遮遮掩掩，推三挡四，后来想想算了，直接送修了换底壳,0
14399,之前买过一本UK版TWILIGHT 三联买的 109好像太贵了啦！那时太想买了现在看到当当才280，立刻没犹豫就买下刚好放假了 等的那叫一个焦急连睡觉 散步都把手机拿着 生怕漏了送货员的电话唉唉唉 6天后终于来的货 我在顺德 和过几天卓越订的货一起来 估计是送货员偷懒出乎意料 这本twilight比UK 大开很多 纸质也很好的 淡黄色 问起来也很好闻很高兴啦，如果除去等待的痛苦不说……,2
14400,这本书很实用，更适合给家长和老师看，然后在指导孩子或学生。书中的作文方法很有道理，从书中可以看出，作者饱读诗书，不光文笔好，在一线教学作文的经验也非常的丰富，别的作文法可能是经验之的谈，但 他的理论更多的结合了理论知识。用他的方法教孩子作文是很快乐的。最关键的是家长要有耐心时间引导陪同孩子去体验并积累各种经验，写起作文来也就不难了。值得购买。,1
14401,价格适中，总体感觉还可以。地理位置上稍微难找一点（因为不是靠大路边），但离商业街北京路很近，酒店门外就有一条小食街。,1
14402,屏幕不错，怕麻烦直接装了V系统，用着还不错！电池3小时左右，有几种节电模式可以选！,2
14403,其它都可以但本次提供的房间不好窗户离墙只有几公分，应事先和客人打个招呼说明一下，否则很郁闷。,1
14404,最大的不好就是没有音标，看的时候不是很方便，而且书的内容一点也不好笑，或者说作者幽默感很有限。。。,0
14405,酒店的设施还是不错的，大堂的布置的比较气派有气氛，房间虽不算很豪华但各种设施很齐全。但可气的是原来看到订酒店有送１００元的餐饮消费券，但你不问就没有得送，因为有这项优惠，我们就去西餐厅夜宵，消费了近３００多元（东西超贵的）．而且走的时候，也没在系统上显示出来，有个大姐级的人物还斩钉截铁的地说自己是大堂经理，从来没有不知道这项，搞得好象是我在无理取闹一样。结果还是在我坚定的要求下，才去咨询其他人员，其他很多人都知道是有的，最后才免了１００元，浪费了我好多时间。,1
14406,"据说是经典中的经典，也承认它好。但是不知道为什么，随意翻开，却发现这本书的写法采用严密的科学体系，按照西方人的逻辑、分类的路子撰写而成，从中选取一页，却有一丝枯燥的味道。相比这种体系严密的严肃读物，我惜乎更喜欢“驱使万物如军队,不如让万物卸甲归田,一路有言笑”的散文化读物，譬如培根的议论文，譬如蒙恬的随笔那一路。当然也就是初初而起的想法和感觉，也许放一段时间想法又有不同。",1
14407,1.没有鼠标和包 2.沉了点 3.操作系统是个败笔，安装起来真麻烦。。。我断续花了差不多20个小时才搞定，最后还有三个未知硬件，直接禁用了 4.随机盘的xp驱动不全，官网不提供下载。,0
14408, 要远离蒙牛 证明无毒嘛！嘻嘻@ShuFenLin：只能说蒙牛真不容易啊，总是活在枪林弹雨中。唉，珍惜生命，远离蒙牛。,0
14409,我曾在书店买过同样的书，就因为它实用，孩子喜欢，所以就买本送朋友了。本系列书都非常的不错，其中包括排版、画面以及配套的动漫VCD，都非常适合2到6岁的孩子学与看。我们家宝宝不到两岁就开始学了，短短二个月时间，里面38首儿歌，基本都能背诵。同时她也痴迷配套的动漫，想买类似书的朋友们，推荐此本，同时系列的《背唐诗》《英文歌曲》等也很不错呢！,2
14410,配置一流，在我F8拷贝五分钟的文件，这台机只要30秒就搞掂，散热风扇够静，外观漂亮，屏幕好看，显卡不是一般的强大，很爽。,2
14411,送货挺快，就是外包装只用了个塑料袋，快递拿来时本本自身的包装盒都有点破损了。。。,0
14412,一翻开这本书，就让人想起韩剧里头那些不温不火絮絮叨叨的韩国女人，可能这就是文化差异吧,0
14413,现在蒙牛很低调 不喝蒙牛，死不了的。老袁，咱没得选择啊！,2
14414,"Treo650配备了可更换的1800mAh锂电池。按厂商说法Treo650可以连续通话6小时，待机时间达300个小时。在实际使用过程中，每天30条SMS、10分钟通话、作为PDA使用30分钟，电池可以有接近4天的使用时间。作为配有高分屏的智能手机来说是相当好的。1.多种输入方式,2.电力持久",2
14415,"书的内容不多，其中很多剧照，三两下就翻完了。中间部分的访谈比较专业，篇幅也显得比较冗长。从书中能感受到那个时代成长过来的不易,特别是写到演完《英雄无悔》之后成了红人，却还是住在旧胡同里的宿舍，与那些爷们冲凉，蹲茅厕，感受着别人的眼光和指指点点，蛮感慨的...通过这本书可以看到一个公众人物在平常生活的另一面，喜欢的可以买来翻翻。",2
14416,"因为文化背景的差异,感觉这本书还是比较适合西方的小朋友!故事内容强调个性!比较自我!虽然我们可以比较理智的对待,但小朋友不太容易理解.",1
14417,"我们根本就没有收到书.不知道是怎么回事.也没有接到电话.定书都快1个月了.这是什么样的商家,希望商家尽快和我们联系,说明情况.02800923158",0
14418,看完之后兴奋了很久...因为我也处于那种阶段...值得学习...很值...而他们的那些精神和想法还有那些经典的语句...让人深思...里面好几个地方我看着看者就哭了...钱小样...我太佩服她了...她能承受那么多...还是不屈不挠...愈挫愈勇(用了里面对小样的形容)还有那蚂蚁论...也让我思考了很久...才发现我其实也是一只小蚂蚁...建议广大正在实现梦想青春年少的朋友们购买...,2
14419,"还可以,不过第一次入住的时候没有送水果,这次送了,不过第二天把我第一天存的水果换了,虽然房务中心帮我换了两个苹果,不过一个坏的,不过总体还可以,听说马上要涨价了,因为听说评上了四星级,哎",2
14420, 可悲呀！蒙牛还能吃吗？哎！！！ 震惊了……,0
14421,先看了网络的，觉得不错就买里一本。被小说里男女主人公分开七年后还爱着对方，还能幸福的在一起所深深感动，现实生活中这样的事应该不多。觉得作者书名起的挺好。不是每个人都能找到适合自己的人，就算现在合适的人也不能保证以后也合适，所以人们总是在徘徊不安中前进，不是每个人都有勇气回过头去追已经错过的风景，就是回到原处，风景可能已经变了，所以抓住现在的美好是最重要的，活在当下。,2
14422,正如这本书的介绍一样，是家长不喜欢的书，书中的主角设计的很难看，孩子看了居然哭了。内容很简单，简简单单十几页全是一些家长不让孩子做的行为，不知道大点的孩子看了是会学习大卫的做法还是能够从中学习而不这么做？,0
14423,买回来才发现，原来好多年前购买的张爱玲的书里已经收录下了这些短篇，所以有上当的感觉。,0
14424,原以为新瓶装旧酒，只是出版社把茅老的旧文章编辑一把出售。读毕，非然也。心愧之。体会到茅老思维框架的完备、思维方式的缜密，论证出的观点总是如此新颖、出人意料、发人深省、让人感悟，而不是人云亦云。其思想已达到自由的境界。建议茅老再多出新品，并注明写作日期。同时多些文彩（也许茅老当初是学数理的），哈哈！,2
14425,买了不到一个月 一个下午就死了4次机 我要摔了它 通话声音小 外界有一点噪音 就听不清楚拼音操作麻烦 整机反应慢,0
14426,书中的语句不知道是翻译的问题还是作者表达的问题，让人觉得有点别扭，作者提出的有些观点也不能认同,0
14427,"1、屏幕大了导致机身比较庞大，拿在手上会有些不太适应。不支持闪存卡热插拔2、待机时间不太满意，虽然原装一块1600毫安的日本产电板，但玩的多一点，还是只能坚持一天的待机时间，主要是高运转的CPU和超大的屏幕，导致耗电量大增。 3、拍摄方面：A1000与以往摩托罗拉的手机产品一样依然没有配备闪光灯，对夜间拍摄造成一定的影响，而且拍3gpp有声短片只有60秒为一段，不能无限制一直拍下去，而且120万像素拍出来的照片真的有点差强人意。4、传输有些局限性，没有红外,数据线传输比较慢,tf卡不支持热拔,只能用耗电大户蓝牙了。",1
14428,相比索爱同端手机T618 T628却缺少红外线，而且蓝牙连接繁琐（输和入有两个程序）。导航键设计为凸起，设计不人性，有时手指会产生酸痛感（特别是在玩游戏时），而索爱以上两款就不会。程序反映缓慢，这个相信使用的朋友都会发现，发短信的时候几乎要等一秒多才能让程序反应出打的字词。自带游戏少，做为娱乐手机这点有些让我想不通，（随机带的游戏几乎是SB游戏）还需自己下载。同样的NOKIA3220自带三款游戏的基础上还有让用户免费下载本型号游戏的服务。机身容易进尘土。在同端手机都具有名片储存功能的时候，E398却还是以前的单人存储。DC照出的画面略显红色，且闪光灯还需手动开启，过于麻烦。,0
14429,换个马甲就以为消费者不认识啦？ 凸凸 哥们儿是从小蒙牛喝多了吧··· 回覆 这话你自己信么？ 回复 新蒙牛，新变化。http:t.cn/zWBhkvl,0
14430,蒙牛荣获惠康＂出类拔萃＂奶类食品大奖！ @蒙牛乳业,2
14431,"VK900手机各方面操作可以.比较人性化.照像比较好,像这样价格的手机,有这样的性能,我还是比较满足了.MP3用起来还可以.声音比较清楚.",2
14432,果然又是一篇说教的滥文章！果然又是一篇说教的滥文章！果然又是一篇说教的滥文章！果然又是一篇说教的滥文章！果然又是一篇说教的滥文章！果然又是一篇说教的滥文章！果然又是一篇说教的滥文章！,0
14433,众所周知手机业界最最美妙的铃声莫过于三星的产品，这一点别说国产手机，即使是NOKIA、MOTOROLA之流的领头企业也难以比美。不过当我听过D3100的铃声，真的为之一震，很难想象这不是出自三星之手：不仅铃声数量丰富，而且首首精彩悦耳，尽管铃声阴凉比起三星略有不足，不过效果绝对很好。闲暇之余，欣赏它的铃声成了我的乐趣之一（虽然没有办法下载新的铃声，但是绝对白听不厌！）。它的那首邓丽君的甜蜜蜜，至今仍然记忆犹新，常常拿出来欣赏一番，感觉不比我的新手机逊色（MIO 8380）。相信有很多朋友也一定是出于它的美妙铃声及现在较高的性价比选择了他。,1
14434,小侄女8岁了，很喜欢看书，就像我小时候一样，所以我怎么可能不满足她的这个小小的又是这么美好的愿望呢！她看过杨红樱笑猫系列的一本，好像与什么猫耳朵有关的故事吧，就开始天天幻想着能拥有全套了，看来笑猫还真有吸引力呢!不过我儿子不怎么有兴趣，可能杨红樱的书更适合女孩子吧。我已经能想象到小侄女拿到书的享受样子了，呵呵，赠人好书，手有余香啊，我也开心呢~~,2
14435,我是一个不太喜欢看书的人，但自从买了“温度决定生老病死”我一连看了几遍，非常喜欢，因我的身体免疫力非常差，经常感冒，还有其他很多不适症状，书上说的很多现象我感觉自己都存在，自己一直不知该如何调理，很发愁。我现在已经开始用艾叶泡脚了，希望能有效果，也在进行食补，但生吃泥鳅我却不敢尝试，我会有书中其他的方法将火。如果我的身体有改善，我也会将此书推荐给朋友。,1
14436,酒店的大堂真的很旧了，房间还可以，早餐的西餐厅比以前的就餐环境好了，以前乱哄哄的，（以前早餐是凭2张餐券，很多人估计叫外面的人来吃所以乱乱的），现在凭房卡就好多了。,2
14437,买了后悔了。感觉就是有个人用英文自说自话，不象想像的那么幽默。,0
14438,"感觉用这个手机下载MP3听很方便，用T-Flash卡装上歌，就可以当一个小MP3用了，很不错，还可以把MP3转为来电铃声用，呵呵，多方便啊，选自己喜欢的歌来用，心情很舒畅啊，机子性能很稳定,用着很好，表扬一下吧",2
14439,挂的是三星的牌牌，但室内、用具、环境及性价比还是差太多，现在可能是哈市的旅游旺季，因为是冰雪的季节吗？房间内有股汗味让人实在受不了！,1
14440,同类相比外型可以看，短信查看可以直接翻下一条（方便）,2
14441,《窗边的小豆豆》写出了一个孩子纯真的童年和质朴的内心世界。也许每个孩子的童年都有类似的想法和心态，但却早早的被所谓的成熟、正确想法给扼杀了。现在的我是个准妈妈，小豆豆给我指明了一条如何正确培养孩子的道路，很感谢《窗边的小豆豆》给我的启迪，很感谢豆豆的童趣，很感谢小林老师的教育模式。,1
14442,1.屏幕大，这是我选择这款机器的最根本原因2.价格便宜，1000来元的价格让人心动，而且功能强大3.红外方便，蓝牙适配器太贵，还是买红外适配器便宜（我才花了十几两银子^－^），现在手机上的游戏都快有50多个了，感觉有点像GBA了。手机可玩性高！4.摄像功能，手机升到最高版本能拍摄1分钟左右的录像了，在这个价位的手机中十分难得了。5.图片编辑功能强大，玩过就知道，不多说了6.发短信快，自我感觉上手快，现在我用了2个多月，1分钟打字速度在25以上7.“长”得比较漂亮，大家都这样认为，我也相信自己的眼光,2
14443,硬件还算过得去。就是服务水准太差了。前台服务员好像都是煞笔，一个个装傻充愣，一问三不知！！另外，日式标间里根本没有宽带接入，与他们网站上宣传的不符。如果用电话线接入，还要另收费！！为此与前台交涉，服务员和领班态度蛮横，出言不逊！！根本不懂什么叫服务业！！我看这样的服务迟早要让这个度假村关了张！！！,0
14444,小时候在《故事会》杂志的后封上经常看到《父与子》，印象非常深刻。看到这本书后就立即买了送给了孩子，不想上一年级的女儿一看到这本书就爱不释手，连睡觉也放在枕头旁边，生怕被人拿走了。看着孩子看《父与子》专注的样子，听着她不时发出的笑声，真是让人开心。《父与子》的确是一本好书，书中那些生活场景让每一个人都觉得似曾相识，书中蕴含的质朴的道理又让人受益匪浅，但愿它给所有的读者以快乐幸福。,1
14445,"在当当网买了几次东西了,感觉不是太好.服务上总是出现一些小问题.我19日下的订单,到了24日打电话还在配货,而贵网明明白白说按规定在2_5天内发货.记录显示直到30日才发出来,这是一种什么服务,糟糕透顶.上次东西有问题要退货,我问能否早些退货,客服人员回答不能,只能在5个(7个)工作日内办理.一直等2周以后打电话给客服人员才又拖了几天解决.感觉规定就是给顾客制定的,公司人员无所谓,让人缺乏信任感.客服务倒是服务态度很好,但谁会无聊没事找客服.我想大多数客房要求很低,只要把你承诺的话做到就对了,并不希望你们做得有多完美..好好改进吧,否则再过几年这个世界还不知有没有当当网了.",1
14446,"垃圾,相当垃圾,1和2好多都是重复的不说,还总是买关子,什么这个的详细内容看第二本的多少页,那个内容看第一本的什么地方.诸如此类的数不胜数.总体感觉就是再变相让你买他的书,手段相当下贱.而且字大行稀........",0
14447,"待机时间短后盖松动厉害14版时经常死机,升级到16后基本正常最为不能忍受的是 至今仍经常自动关机！！！！！！另外所谓的照相机功能让人大跌眼镜",0
14448,比市场价格便宜几百块，质量不错，功能齐全，性能满足普通家庭使用和工作用，散热还可以。,2
14449,"改了招牌以后第一次光顾,感觉没啥变化.自助早餐涨价了不少宾馆反馈 2008年8月8日 ： 感谢您对本酒店的支持！我们将一如既往地保持5星级的服务标准， 欢迎您再次下榻， 衷心祝您身体健康， 工作顺利!",2
14450,"1.触摸屏操作快捷,精准。2.对手写连笔字的识别率挺高的。3.拍摄影响方面画面十分流畅。",2
14451,阿加莎之外的另一位犯罪推理小说的大师级女作家！女作家和男作家的区别，在于擅长在逻辑严密和气氛紧张的犯罪推理之外，对人性的软弱、复杂和彼此之间可堪或不堪的关系有着细腻的观察和丰富的细节表现。小说更对女性在“法医”这一“男性”职业之种种身心压力、人际压力、规则压力的包围下，如何坚定地维护正义、呵护亲情和爱情，进行了细致入微地表现。,2
14452,算他狠！爱了那么多会，还说没什么感觉！要不是冲着张爱玲，没人理他！,0
14453,很容易自动死机 没有GPRS不能下载图片和铃声简直就是他妈的垃圾拿出来都掉胃口！！！,0
14454,酒店外墙在装修，门口很小，进入大门后是G层，然后乘电梯到一层Check-in。酒店的房间很小，进门后是一条笔直的单人走道，往里走二步后的左手边是二张紧贴着墙的单人床，中间是一条单人走道，整个房间除了这2条走道，没有其余的行走空间，虽然房间小的可怜，我仍然觉得感觉还不坏，原因一可能是因为房间非常干净，小而干净的房间反而给人一种温馨的感觉，原因二是因为与同在弥墩道的汉普顿相比简直是一个天一个地。酒店离地铁站非常近，步行2分钟，在香港只要能乘到地铁，去任何地方都是非常方便的。到了晚上，酒店附近的广东街会有很多小吃、排档，非常的方便。,2
14455,房间很旧，停车要收10元一晚，服务态度还可以,2
14456,我向朋友推荐这本书~~朋友看了一眼书皮说：一看就是唯心主义者看的书~我说，虽是唯心~但看起来很舒心~从天堂里开始理解现实的生活，因为我不知道现在发生的事情，会变成以后的什么~因为我相信，这世界上的事情是串联在一起的~你和我，我和他们……过去，现在，将来……我很喜欢这本书~重新开始认识身边发生的每一件事情。关注身边每一个经过的人~,1
14457,昨天垫了个键盘膜，改天再去贴个屏保，要是这些也一起配送就好了，呵呵 还有个问题就是昨天晚上用的时候，听到本本发出的运作声比较响。同事跟我一起买的那台就没有这个问题，不会是机子内部哪里不好吧？？,0
14458,换XP搞费劲的 颜色我一直以为是黑色的 害的我弄了一层膜上去 声音的触摸键不灵 散热不是很好 风扇声音太大了,0
14459,这里可以让我们三个人住一间房，而且服务员还主动多给我们一份浴室套装。一次性的浴室用品质量还是不错的。房间是小些，但是装璜上有很多人性化设计，老妈很喜欢。服务台前还有一块板上，写着从这家店到各各景点所要乘坐的公交车，方便游客的出行。不过这家店的位置有些偏，我是因为这家店离“留园”很近，才定的这家。,1
14460,"性价比高，质量也还不错,安装系统时也没有碰到什么难点,驱动到管网去找就可以,1小时搞定~哈哈~送的酷冷底座不太好接~",2
14461,房间隔音不好，其他方面比较不错，不巧的是，我抵达当天正赶上哈市大批出租车休息，所以宾馆的地理位置好还是让我满意,2
14462,这机子的反应速度超慢的哦，彩信必须要30KB以下才能收，也不支持MP3铃声，自带铃声也不好听，时不时的还会死机，本来买的时候挺喜欢的，样子挺独特，红色白色搭配的，挺有个性，也不贵，但是用着实在是总出状况，让人头疼,1
14463,四星级酒店，符合标准的地方我就不提了，有以下缺点：1.标间不提供免费瓶装水（吧台内的瓶装水8元一瓶）2.距离市区远，根本无法打到车，且不提供叫车服务3.其它餐不知，早餐巨差免费注册 网站导航 宾馆索引 服务说明 关于携程 诚聘英才 代理合作 ,0
14464,评论之前已经写过了。看看大家的留言，好书真是不用作广告啊！今天专门补打分“5星”。,2
14465,"万豪的酒店硬件设施应该是相当不错的,只是因为春节入住的缘由吧,显得异常冷清,几乎看不到其他客人.大多数配套设施也歇业了,除了健身中心.健身中心的女清洁工居然对客人问及拖鞋和浴巾在哪里置若罔闻,回答说你自己找.找不到.害得我女儿光着脚丫,只穿了游泳衣穿过长长的过道进入泳池,除了冷,还有不雅.太过分了.",2
14466,我们是幸运的一代人，见证了国美，苏宁的兴衰，joyo，当当的崛起，京东的反击。见证史玉柱的起落奇迹，看到了马云，淘宝，阿里的神作，看到了蒙牛牛根生的崛起，也见证了光明，伊利的开拓，珠江的固封，蓝月亮的创新，超级女生，中国好声音的创意，flacebook，twitter的崛起，人要敢梦想，敢追寻,2
14467,读书的时候最爱蒙牛，因为迷恋蒙牛散发于舌尖的奶香，硕大一盒，五块钱，常常一个晚上就能喝完。多年以后，吃知道那是添加剂，包含且不仅包含三氯氢氨。。。唏嘘不已。 Mark!@西米豆豆77,2
14468,看了《无极》，才发现我其实也可以做导演；看了《女心理师》，才发现其实我也可以做作家。如果用书中一个成语来形容这本书的话，我会毫不犹豫地选择“乏善可陈”这个词，对于《女心理师》的炒作，一浪高于一浪，其实这本书不值得看。首先，从文学的角度来看，这是一本相当烂的书，我在阅读过程中毫无阅读的快感，看了50、60页，我实在看不下去了，后来还是硬着头皮看下去的，以至于我都怀疑是不是毕淑敏找枪手写的。人物塑造毫无特色，应该说看得出毕淑敏还是想把人物的性格塑造出来的，塑造人物性格的起点就是人物的语言。但是，书中每个人的语言是何等的相似。柏万福应该是一个性格懦弱、不善言辞的人物，但是他的语言显示出他很幽默，有很灵活，这其实是个矛盾。几个故事实在没什么，只能说“乏善可陈”。从心理学的角度，这本书更不值得一看。心理学的技术、技巧毫无体现，贺顿的咨询过程就像一个居委会的大妈在做思想工作，而且还是一个自以为是、自作聪明的大妈！一本比较差的书，建议大家不用看了！,1
14469,我的机子音箱听起来刺耳 跟手机喇叭似的  不知道其他人的怎样。。。摄像头塑料的感觉被摸过脏兮兮的，材料问题？,0
14470,看到评价那么高，就买了，但女儿不喜欢，我看了一下，也不喜欢，不知所云，汽车什么的，都是过时的，或生活中没有的。不明白，为什么有这么高的评价。,1
14471,外观很漂亮，自己把内存扩成2G，装的XP正版系统，速度很快。我平面设计的，用了一周没发现问题。,2
14472,"杜拉拉升职记语言简洁流畅，主线清晰，拉拉的倔驴脾气和聪慧、做事的专注给人留下时刻的印象，职场秘笈让我受益匪浅。可是第二部给人的感觉就不好了，琐碎，没有主题，拉拉的智慧不见了，执著也不见了。书变厚了，闪光却每了。故事最终的齐浩天访广州，拉拉不知道这个情节太失败了，拉拉不仅是HR,更重要的她还是行政主管，总裁出访，行政主管怎么可能不知道呢？说不通。",2
14473,这本书主要是讲数字集成电路的。之前从图书馆借阅过，觉得很不错，所以买了一本。这本书的一个很大的优点就是比较容易读懂，连我这样物理专业出身的人都能看懂书中的绝大多数内容。只要学过半导体器件物理、了解布尔代数基础就可以吃透书中的内容。不过需要指出的是，这本书对于MOSFET的I-V特性的数学描述与一般课堂所学的公式不一样，初看起来不大习惯。,2
14474,距二环高架桥太近，有噪音。附近小吃还是不少的。,0
14475,"绝对是超值的一家酒店. 如果不是要求豪华享受, 这家酒店的每一部分都绝对可以令人满意. (AvlNtTy)",2
14476,"这本书实在太烂了,什么朗读手册,一点朗读的内容都没有.看了几页就不想看下去了.",0
14477,本来不是很喜欢这文字种插画性质的读物，觉得不多，有点不划算，嘿嘿但阿狸的故事却喜爱至极的确，比几米还几米“据说”的故事有在网上看到阿狸与妈妈的对话，问到何为死亡阿狸与树的对话，问及何为人生无一不引人深思不错！值得反复回味！,1
14478,好像用一会就挺烫的，自带的驱动盘上无线网卡的驱动有问题，安装总是出错！~打了客服后，人家说要重装系统，没办法，我只好下载了一个驱动精灵，就弄好了。 另外如果是XP系统就好更好。,0
14479,好多啊，质量不好啊，我的手机屏幕亮度不均匀，电池充电满时无提示而是白屏，电池在1格电时电量不足直到关机前还是1格电，晕了都！花了620元买的12月14日，专卖店的，质量让我晕倒啊！,0
14480,便宜，配置不差，外型高档，完全可以满足日常使用 (送货确实挺快),2
14481,"很差劲的一本书,没有任何营养成分...看了会消化不良",0
14482,买了就降价100，比较不爽。 不过东西不错，老婆跟我抢。。。。,2
14483,刚刚入住是发现房间的地毯和椅子都是湿的，打电话询问时前台只是说明了为什么椅子和地毯会是湿的、一点歉意都没感觉到。结果只给换了两把椅子，实在有些让人不爽。离五星级服务还有距离。,0
14484,说的很好赞赏：学习蒙牛文化---善待每一头牛，他们都是母亲。,2
14485,说实话，买到这本书纯粹是个偶然，看到了当当网的评论——感动了百万人的中医……这个评价真是名副其实。我一直比较关注养生和中医的话题，这方面的书和资料看得相对多一些。可是罗老师的这本书让人眼前一亮。用最通俗的语言、浅显的方式讲述最深奥的道理和千百年来中医中药的传承文明。我喜欢这本书，喜欢罗老师的语言风格，读过这本书之后经常会去踩他的博客。我可以负责任的说，这绝对是值得一读再读的好书。,2
14486,蒙牛不是策划出来的，而是踏踏实实的产品、服务和体系做出来的最优秀的模式往往是最简单的东西,2
14487,硬盘时常咔咔响，很担心；机器有点沉，使用时底部有些发热；外壳容易留指纹要贴膜；自己装XP很费劲，建议买XP版的。,0
14488,抱着很大兴趣买的，买来粗粗一翻排版很不错，姐姐还说快看吧，如果好我也买一本。可是真的看了，实在不怎么样。就是中文里夹英文单词说话，才翻了2页实在不想勉强自己了。我想说的是，练习英文单词，靠这本书肯定没有效果，其它好的方法比这强多了。,0
14489,工艺设计和做工都不错，电池、无线、散热出色，CPU N280性能超出我的预期，一般应用足够。华硕品质可以的，值得为此多花几百块。,2
14490,经常死机，买了不到一年现在就不能用了，因为完全的环了。都不能开机了！气愤阿！,0
14491,1.稍微有点厚 2.对硬盘做了一个初步测试，读写速度一般，但cpu占用率较高。 3.随机附带的驱动光盘只有vista驱动，无法适用于XP 4.读卡器插入有点卡，不方便。,1
14492,准、新妈妈们，推荐你们看看哈！每个妈妈都是有“奶”的，没有哪个妈妈没有“奶”，如果别人说你没有“奶”，或者你感觉你没有“奶”，那都是你没有尽力“下奶”的问题，没有想做一头“好奶牛”我非常坚信这句话。。。支持母乳，母乳是宝宝最好食物；宝宝是非常需要妈妈的母乳，妈妈的“乳房”是宝宝最好的安抚品。。。有了这母乳妈妈的育儿手记，一直支持我走到现在，我感觉非常非常愉悦。,2
14493,行动遥控”也是明基P50的一大卖点,2
14494,买回来只翻了几页就发现不是地道的英语或美语，毕竟是韩国人写的，想想自己真可笑，想学英语居然不去买英美的作品，反倒是去韩国人的作品。现在只有当垃圾扔了，白浪费了钱。,0
14495,很棒的一本书，我以前比较喜欢看国外学者写的书。作者让我改变了对中国学者的态度，以前认为中国学者缺乏研究深度，只会在现有的学课知识上分析现状，也提不出什么有建设性的意见。向作者致敬！本书的生育制度很值的一看，他让人了解到性、婚姻，家庭等一些人们日常生活中很困惑的问题其社会原因在哪？。,2
14496,"本书对英语学习没帮助,抱着学好英语的目的的读者最好别买",0
14497,刚为朋友29号预定的北方担心过，不料30号结房时，前台问我朋友房间的有线电视摇控器不见了，后来在我强烈要求下，酒店人员可能动用百度搜索到摇控器，这才罢休！我就纳闷了：我怎么就这么倒霉啊？每次预定北方都会有麻烦，我想这不是偶然吧，北方的前台服务真的有待提高。,0
14498,"特别是关于她和总监同志的感情线一直脱不了琼瑶的小影子, 太一厢情愿自我感觉甚好了",0
14499,觉得这本书不需要孩子读，全中国的老师、校长、家长都需要好好读读，一开始，读这本书是为了增加对儿子的信心，现在，我更坚定了自己教育的信念。实际上，小豆豆是正常的，因为大家都有点畸形了，就认为她不太正常，把孩子养成正常的人，正常的人肯定是独一无二的，只有流水线上的机器人，才都一样，才都那么完美。孩子不用读，大人读读就行了,2
14500,外形设计不是很好，不是和人家三星学了那么多年吗？怎么设计出的东西还是不时尚啊。拍摄出来的画面效果有点惨不忍睹，而且只能拍一分钟也实在满足不了大家的需要啊。,0
14501,环境很脏，不干净，床单好象很久没换过，破旧不堪宾馆反馈 2008年6月29日 ： 谢谢您提的宝贵意见，我们设施设备现已全面更换，欢迎您的下次入住！,0
14502,现在书已经看完了，无处不在的友情，亲情让我时时感动。我为少年阿米尔的懦弱叹息；为少年哈桑的遭遇叹息；为有拉辛汗叔叔这样的人对待阿米尔感到幸运；为沦落到美国不受施舍，宁愿自己受苦受累而支持阿米尔的学业而感动；为长大的阿米尔鼓足勇气为哈桑的儿子所做的一切而感动。我为书中的一切感动，好像我同阿米尔在一起生活/成长，一起面对过去挣扎，最终成为一个像父亲一样有勇气的人。,2
14503,第二次来了，这电热水器真的不错,2
14504,用一天的时间读完了这本书，全身都洋溢着幸福的暖光，一个在图画书领域有发言权的人写的一本话语温软甜蜜的书，简单的字眼就勾画出了幸福的滋味。图画书的意义何在，如何给自己的孩子选择图画书，我还没有结婚，一样能感受那种幸福，书中的文字让我想起我的妈妈，我们一起度过的美好时光，我还能在寻找幸福这条路上一直努力，我就是幸福的，感受那些生命的美好！感谢那些彼此爱护的人们！感谢松居直先生！,2
14505,蒙牛...我真是无力吐槽了。今天买了瓶1.5升装的蒙牛鲜奶，是有瓶口的那种，可以盖上，前提是因为光明同款的卖光了我无奈才选择无蒙牛，结果依然让很失望，侧倒放置在冰箱里居然是漏的！瓶盖不密封，不管以前牛奶怎么样，居然连包装都这么差，以后再也不会买！,0
14506,早上挂的单，下午就去取货，机子性价比很高，用了10天了，才上来评价，发现这机子京东还没有降价，心里很高兴，只有一个扬声器，音效还可以，没有网上说的那么差，重装系统后运行很平稳，没有什么问题！,2
14507,不要脸，继续抵制蒙牛伊利,0
14508,首先附赠软件（Office2007、McAfee）是在第一次启动时决定是否安装。不像很多品牌的笔记本，一上来一股脑儿给你装上。而且实际使用后发现它的很多自带的实用软件非常出色，非常人性化！回家仔细使用后发现键盘手感果然如大家所说非常出色。另外第一次使用小红点就爱上它了--感觉比触摸板好多了，难怪它会成为ThinkPad基因之一机器虽然有点重，但是感觉很扎实，比某些“娱乐本”扎实很多。,1
14509,"屏幕亮度不能调节,晚上感到有些暗，想调得亮些，却无法满足这种要求！拍照需求许多内存空间（照片很占空间），可是它的内存并不大；而且不支持外接存储卡，拍照前总要考虑它的空间问题。还有就是用红外传输数据时，有断线的情况。还有就是价格不便宜。",0
14510,酒店旧，服务差，餐厅垃圾！坑人！极力推荐不住！补充点评 2006年9月30日 ： 坑人行为：地下一楼按脚，按了后告诉我是30分钟一个钟的，然后泡药水要另外加了38一位，不问人就按摩头部，又是30一位，可是头部按摩前后就三分钟！坑人行为：租当地的一个车回北京，多加了我300元！服务差：到二楼餐厅用餐被从大厅赶出来，理由是大厅有筵席，问题是那时候都7点多了，整个大厅除了五六个在讨论八卦的服务员就我一个人！最后赶去一小包厢，电视又说坏了，说没有遥控器，然后这样没有，那样没有的。服务差：12点停电到4点，没有任何通知。问了说是要更换设备。。。。。。。。。。总之，我住过最差的饭店特别是服务！一打听，原来是当地交通局开的，怪不得！,0
14511,上个周末去无锡，看了诸位网友的推荐，住的友谊，总体感觉不错。总体情况基本上前面的网友们都说到了，酒店的周边环境一般，当然和风景区不能比，也不能算嘈杂，一般的市区非繁华地段大抵如此。好在酒店弯在里面，所以基本上没什么影响。酒店边上有可的便利，稍远一点有乐购，交通也很方便。房间床比较硬，卫生间比较小，电脑病毒比较厉害，不过总体来说瑕不掩瑜。我们住的2号楼商务房，房间大而且干净，卫生间也很干净。酒店的服务态度非常好，check-in和check-out的速度也很快，特别值得一提的是中餐厅的菜很不错，至少很对我们的胃口，听边上的一位当地人说这边的无锡菜很地道。是一家性价比很高的酒店。,2
14512,送货相当快，早晨7点多订单，中午12点送到。 朋友看了配置都说这机子想当棒，超值。,2
14513,有点太厚了，键盘比较没手感！屏幕下方有一个亮点，实在让人遗憾！！！,0
14514,书本太小，不方便小孩翻阅。有些页面，字太多，而且字体很小。可能适合上学的小学生看吧！我不太喜欢。,0
14515,热水器是正品，质量不错，价格很实惠，安装后使用了一下，加热很快，很好的产品。物美价廉。值得购买的宝贝！,2
14516,"我怀孕生儿子时看的就是这本书,现在儿子已经14岁了特别健康,朋友的女儿结婚,我买了送给她做礼物,希望她也生个健健康康的宝贝.是日本专家写的孕期指导,特别体贴有实际操作价值.每个月妈妈的身体变化,注意事项,宝贝在肚里的变化和注意事项,大小都提醒.特别是:告诉所有的家人同事朋友,让他们照顾你,做个幸福的懒妈妈等等这样的话真的好体贴.",2
14517,才翻了两天书就散架了，想退邮费又太贵，买东西还是眼见为实。,0
14518,蒙牛一经理篡改生产日期被抓 涉及3000箱纯牛奶,0
14519,我个人觉得这是一本述说宋朝生活的书，而不算是一本评论水浒传的书籍，本书的整体架构是从水浒中摘录一个名词，加以扩大引述及论述，比较像是一部「宋朝生活随笔」。结论：如果是要看正宗评水浒的读者我建议不要买这本书，这书是局部的名词解释，但如果你是一个看品水浒书籍看到成精亦或是想多了解宋代人们生活的人，此书是个选择。PS:本书看完让人有股想去买「清明上河图」了解其中的细致及惊喜处。,1
14520,"房&#38388;不及168,居然用复合地板,走廊是地&#30742;,空&#35843;是分体的,房&#38388;窗外即&#39532;路,人喊,狗叫,汽&#36710;高音喇叭,&#26080;法睡&#35273;.&#25658;程向我推荐是4星&#32423;酒店,有欺&#39575;之嫌,使我&#23545;&#25658;程的信任大打折扣.",0
14521,第一次坐国航，好高档啊~饭也好高级，水果是哈密瓜橙子，蒙牛酸奶，鱼肉米饭，小菜和烟熏火腿，还有餐包~,2
14522,郁闷的事情终于发生了，我的908也坏了，以前听别人说国机不好，我用着一直没事的，发短信也好，讲电话也好，一直用着挺好。前些天，用着用着就自动关机了，有时还会死屏，上午的时候死机再开，屏幕亮了一下就定住了，再按键也没反应，也不能关机，只好把电池拆了，装上就再也开不了机了，现在KF拿去修理了，还不知道结果怎样,0
14523,和前两本《姑获鸟之夏》、《魍魉之匣》比起来，翻译的有点不是太习惯，可能还是先入为主，本人还是最喜欢《魍魉之匣》（啊~我也被套在匣子里了）。虽然一直都有一些艰难晦涩的理论，不过这次的知识涉及面更多，幸好我学心理学专业，弗洛伊德理论还能懂一点。可能因为是骷髅而不是鬼魅，所以这次读起来没有上一本过瘾，听说《铁鼠之槛》在4月份出，不知什么时候能买到，很期待，还是会一直追下去。,2
14524,“特种刮痧运板技巧”的作者是周信文老师，他是我的推拿老师，我谢谢推拿后，受益非浅。自己的毛病自己解决，亲友、朋友的毛病我都帮助解决。,2
14525,该手机质量差，性能不稳定，售后服务不到位，维修质量差，越修越坏。比如，突然不能摄像，不能拍照，装上电池就震动。外壳经不起磨损，用一段时间后，很容易掉漆。建议各位慧眼之士，不要购买国产的杂牌字，一定要购买过硬的品牌手机，如摩托罗拉，诺基亚，飞利浦等。,0
14526,个人比较喜欢诗词，自然也就喜欢诗词背后的故事。每每看到经典的作品，遥想诗词说展现的美妙的画卷，真的是一种奇妙的感受。作者通过自己的行走仿古问今，为我们展现了一首首经典背后的故事，展开了一幅幅美丽的画卷。壮丽的河山、质朴的风情都不断跃然纸上。个人感觉美中不足的是作者的文字在部分章节中略显枯涩，不够丰润，可惜。文中的插图是典型的中国传统水墨山水画，心向往之。,2
14527,冷冰冰的文字后面是一颗寂寞的心。安妮宝贝笔下的主人公大都有着放荡不羁的叛逆，同社会格格不入的孤僻，却恃才傲物不为社会淘汰。清醒记：文字深刻，读着这样的文字，你会觉得有一根针慢慢的刺入你的皮肤，直达你的心脏。痛并清醒着。某些文字，粗读只觉不知所云；细读方能产生共鸣。只是，阴暗的文字容易使人沦陷。不知不觉的便沉沦在安妮宝贝为我们制造的那个阴冷苍凉的世界。教人封锁内心，变得沉默。,2
14528, 1、TF卡槽位置设计不合理：如果要更换TF卡，必须先关机、卸下后盖和电池才能更换，相对于那些采用机身侧面插卡甚至是支持热插拔的手机来说使用不是很方便。2、外盖黑色部分比较容易沾染指纹。3、外壳不大耐磨，尤其是后盖samsungmobile.com文字下方因为有弧线，这个部位比较容易被磨花，我的手机就是放在牛仔裤袋里（没有钥匙等坚硬物品），结果1周后这个部位就出现了比较明显的划痕。4、不支持电话本直接存储到TF卡。5、从三星网站上下载的相关软件易用性比较差，很多功能不知是做什么的，另外用USB连接线连接电脑的时候提示需要安装驱动，但是在网站上根本找不到相关驱动。,1
14529,非常喜欢。乔落，当年的落落公主遭逢大变后却仍坚强的站了起来，你不得不为她惊叹。贺迟，从小就和乔落不对路，彼此都看不惯对方，可是在乔落最凄惨的时候却是他扶着她一步步的站了起来。贺迟爱乔落，爱得刻骨铭心、小心翼翼，而乔落也从起先的逃避、退缩到最后放下过往的一切，对贺迟敞开心扉，接受了他的爱。整本书是现在和回忆交错着进行的，感觉有一点杂乱，不过不影响我对这本书的喜爱。,2
14530,配置比较齐全，什么指纹识别，都有 屏很好，看着很舒服 呵呵，很超值,2
14531,我是九月份入住的，600多一晚，定的是普通标准简但前台主动免费升级到了15楼的海景房，态度好风景好。其实住在西环挺好的，电车和巴士方便便宜，上次我也住在附近的Ramada感觉挺好。缺点是房间有点旧、壁纸感觉不太干净。,1
14532,好友是说心理学的，在她的影响下，喜欢上素黑的书。拥有专业知识的人是很让人佩服的。书中素黑以她接触的个案为契机，向读者传达一种态度：爱别人，先要学会爱自己。两个不同的个体在一起是会产生很多矛盾和误会，书中的个案都是很偏激的，用我们的说法来看，很多人都钻了个牛角尖，于是爱情变成了一种伤害。在我们看到了芸芸众生的爱情观后，发现很多局面是自己逼出来的，所以要改变，先要懂得爱自己。,2
14533,太大，出个12~13寸，这个配置的就爽了。 机子很厚，这点不得不提。,0
14534,酒店地方很偏，在一个远离市区的开发区，环境冷清。前台服务很差。我办理入住的时候，两个接待小姐都在忙。但一个忙完了后看到我站在台前也不知道主动招呼，而是去相帮另一个。后面一个客人进来直接挤到我旁边，大声吆喝要办入住，那小姐立刻去帮他办理了。训示她怎么不懂让客人排队，居然没有反应。酒店中餐厅在另一幢楼，那天都被包了做婚宴，只能外出找吃饭的地方。,1
14535,1.有急事出去，要们童叫出租车，他们就叫酒店里的黑车，价格是普通出租价的两倍。你提出不要酒店的黑车时，他们就告诉你外面拦不到出租车，我们自己走出去时，外面出租车随时可以拦到。住店期间不止一次发生。,0
14536,书的纸张、印刷均不是很好，不过就这个价位来说还是物、价相符的，外加赠送的电影vcd，虽然效果怎么样还没有试，但相信应该还可以。书的内容就不多说了，想看的人基本上应该都知道。此书10年前看过，当时还是初中生，甚是喜欢，可惜我当时买的那本物美价廉的译林出版的那本书在N年前被老姐借给她同学，然后就杳无音讯了，成为心中的一个隐隐的遗憾，时隔多日终于还是自已再买一本的好。,1
14537,自称4星， 实际上顶多2星。 贵宾楼比较好， 房内还挺干净。,0
14538,买回来，先看的周易。本以为周易是中国最难懂的汉字了，在南先生深入浅出、娓娓道来的讲述中，忽然发觉原来自己也是可以挑战一下有难度的东西的。南先生博古通今、学贯东西、精通几家思想的精髓，书中的智慧和学问更是随手拈来、挥洒自如。南先生深刻而不刻板，看他的书有时会让你不由得会心一笑，生出“原来是这样”的感慨。总的来说是一套值得收藏的好书！南先生的学问值得我们好好学习！,2
14539,轻巧，电池强劲，键盘尺寸够大，打字不吃力，cpu性能够用，WLAN性能不错，摄像头比较垃圾,2
14540,"回想起我们的QDII,回想起当年的豪言壮语，我们要到国际资本市场上去拼搏，大有一番“乘风破浪会有时，直挂云帆继沧海” 之势。 而如今“执手相看泪眼，竟无语凝噎”。自己也在一家外资银行工作，我们也销售海外基金，复杂的结构性票据，不要说客户，就连我们自己有时候也搞不清楚。现在看来，是他们早就设计好的，我们根本算不过人家！",2
14541,商品相当不错，客服服务是我在淘宝上买的这几年最满意的一次，5分，没说的！,2
14542,太玄了，反而不可信。给爸妈买了有一个月了，还是全新的，完全不敢兴趣。我看那么多人追捧，一直建议他们看，可自己看了几页，也扔到了一边，浮夸-----,0
14543,初见书名时，自己也暗自猜测书中内容，打开一看，天呐，整个一小百科。由于自己之前的工作性质，对这些知识很敏感。茶余饭后细细品读时，感觉是别有洞天，内容涵盖之广，涉猎之多，足见编辑之苦心。但金无足赤，此书知识点广度足够，但深度不足。若为开拓眼界，拓宽知识面，可谓良友，但若要深入了解，还需借助专业著作。总而言之，瑕不掩璧还是本不错的书，值得一读。,1
14544,商品很好。看起来不错。。。,2
14545,韩琳是一名优秀的军人，非常积极上进、且独立的女性。姜士安出身贫苦，但凭借自己的点滴的努力，取得了事业上的卓越功勋。她们最初相处的那段时间，姜士安心底是默默的非常喜欢她的，可是韩琳对他没有相对的感情，两人擦肩而过。若干年后，时过境迁，韩琳依然是姜士安心底的最爱，韩琳也能爱了，但姜士安不能了，社会、道德、良心，两个人经过了苦苦挣扎……,1
14546,酒店位置不错，距天府广场和春曦路走路大概25分钟、打车5分钟。房间、服务也不错，够三星水平。只是早餐过于简单。房间地毯、墙纸略显陈旧了。,2
14547,"5.12地震当天上午入住，喜来登得当的应急措施和诚恳的服务让我们感动！特别是前厅部的丁经理，能真正急客户所急提供帮助！！再次表示衷心感谢！宾馆反馈 2008年7月24日 ： 感谢您的点评,我们期待您下次的光临,并为您提供优质的服务.",2
14548,送的志美光驱做不了XP系统。电池后边有点松（X200都这样）装XP比较麻烦。,0
14549,环境比较旧，但是床单、毛巾都比较干净，前台服务态度良好。,1
14550,电池好像时间比较长 Lenovo标志印在上面感觉有点傻 还是喜欢只印ibm的 Vista装的实在不爽，第一次开机用了5，6分钟 ， 第二根内存插进去才稍微好点，没光驱也不知道怎么装个xp进去,0
14551,好大一本，内容少，字少。 小一点孩子看开本太大，硬硬的。大一点孩子看内容太少,0
14552,"服务热情,环境也不错,喜欢,就是周围商家不多,吃饭的地方少.宾馆反馈 2008年4月15日 ： 感谢您对我们服务的肯定，期待您的再次光临。",2
14553,转轴设计不好，合上屏幕后后面缝隙很大，手一抓就变形了，只能抓前侧,0
14554,斯诺说过：“在中国南方的大山深处，有两个近似世外桃源的小城，一个就是湖南的凤凰，一个就是湖北的恩施。”（大致意思，原话记不清了，有想引用的查找原文）。我是山里长大的“毕兹卡”男人，我的老家就是在其中的一个城市。原来是特别喜欢斯诺的作品，还特意去宁夏等地方探寻过他的足迹；而今更加喜欢斯诺了，因为，他是国际名人，国际名人曾夸奖过别人未曾夸奖过的我的穷家乡。,2
14555,价格还是高了点，上网本的配置办公还可以，娱乐性能就差一些了，作为用了超低功耗的intel Menlow平台，电池持久力有待加强,0
14556,当年三鹿场的漏斗坏了 一个不小心 三聚氢氨加多了 蒙牛这经理估计前天茅台喝多了 一个不注意 日期改多了,0
14557,因为之前住过这里，房间非常非常大，所以这次又选择了这边，但是却有点失望，房间明显小很多，旧很多，厕所有很重的下水道味道，这个价钱就不值了．,1
14558,哈哈！ 蒙牛啊，当心成了最好的泻药。,2
14559,打字的时候，键盘左半边有明显下陷；屏幕两边有漏光；等货的时间有点长，第六天才能自提。,0
14560,外观倒是延续ibm的一贯风格，键盘也很舒服。整体相应还是不错的，尤其是加了1g内存后。,2
14561,总是自动关机，输入法太差,0
14562,听别人介绍了说挺好的，我就买了，但是儿子一点都不喜欢，我也不怎么喜欢，呵呵,1
14563,商务笔记本，全黑镁铝合金外壳给人很大气的感觉，无论商用、办公、家用都可以。配置方面也除了显卡是集成的外，其它的配置都很主流，当然这款集成的显卡也是很强的，玩魔兽这类游戏也是游忍有余。,2
14564,缺点是开机硬盘有响声，插口少，没有蓝牙功能，没有摄像头，降价降得太快了，还送杀毒软件我靠,0
14565,这样的傻逼企业怎么就不倒闭呢？抵制蒙牛。,0
14566,实在太无聊的书了  一点意义都没有,0
14567,"首先说说书本身，书的纸质还好，页厚适中，印刷字迹也清晰。  到内容,涉及到药类是挺丰富的，介绍简明扼要，毕竟是实用版，不可能再非常详细介绍各药的临床药理机制，点到则止。至于用途，剂型与规格，不良反应，注意事项还可以。缺点是，药名字体没有加粗，找起来有点不便。最让我觉得不足的是，我收到的书竟然出现了空白页，内容因此衔接不上。对此很不满意。",2
14568,安装上了，是正品，与实物一样，比专卖便宜了好多，发货也很快，包装也严实,2
14569,以前在书店随手翻阅发现不一样的卡梅拉很抢眼，图很精美，故事也很浪漫，价格也实惠，唯一遗憾的是不成套还差两本。上网查才发现卡梅拉竟是这么热门。朗朗是什么常常让我遐想，即使看过了，我还是会想法国文学的浪漫唯美主一。虽说我家说要抵制法国货，可书应该可以豁免，这一套是属于小口袋文学之类吧，很不错。真希望多出版一些像这类既精美又实惠的图画书，动辄二十想说亲近阅读不容易。,2
14570,简单的道理谁都懂，不过，看了这本书后才知道，人的身世并不那么地简单，作者戴蒙德以博物学家的锐利眼光与哲学家的巧思来研究人类的行为与起源。书中告诉你，人类是怎样演化成今天的模样的。同时，这本书还以独特的视角，从语言、行为和生命周期等方面探讨人类独特的自毁行为。全书充满令人好奇、发人深省的问题，阅读趣味十足。作为一本趣味横生的科普读物来读，十分好看！,2
14571,我经常住在西藏大厦，主要出差的方便，周围的饭店也比较熟悉了，还有一个物美大卖场；去首场机场相对较方便。,2
14572,"每次喝牛奶时，总会觉得特憋屈。虽然我可以选择抵制蒙牛。可我做不到抵制牛奶,我喝下的究竟掺杂了多少我所不知的东西？我竟连一杯牛奶也要喝的战战兢兢。",0
14573,1、外观很酷，很商业，我喜欢这个简洁的感觉。 2、键盘手感好。 3、散热性好，手腕位置都不怎么热，风扇没转过。,2
14574,机身外观时尚，键盘操作手感好，支持CDMA1X,2
14575,哎，看一遍就差不多了，谁想要转送给谁啦，偶是武汉的，需要的联系我呗qq42950063,0
14576,是最值得推荐的一本科学育儿书。这本书文字简练有力，案例丰富，虽然都是外国孩子的案例，读过以及实践过后，我发现天下孩子和天下父母有很多相似之处。这本书我百看不厌，每次碰到困难的时候，都能从中得到启发。相信每个爱孩子的父母都能从中获益。我还买了一些送给当父母的朋友，我觉得这是最好的礼物。知识就是力量，象书中所说的，养育孩子光有爱还不够，你还得有知识有力量，这样父母和孩子都能共同成长。,2
14577,我买了一套，是送给男朋友的妹妹！妹妹拿到很开心，立刻开始播放，可时不时总是卡碟，并且断断续续的！好像是剪辑的，并且剪的不好，衔接不上！送给妹妹，真是好没面子！,0
14578,许多关于生命、生活的真谛，对我们这些平凡人来说，只有在不断的经历洗礼后，才能真切地感受到它。通过对前世、今生、来世之间关联的探索学会了学习，改变，感恩，在一次次经历中使自己向更圆满的方向前进。,2
14579,1.开机时读取SIM卡资料的时间比较长，整机运行速度不是很流畅，按键的反应也比较迟缓； 2.铃声音量不够大，调到最大会出现破音； 3.不支持JAVA、红外接口；,0
14580,这部书可以用来作为榜样，激励实现梦想，挥别周而复始的单调生活，寻找自我之旅启程，然后发现生活之美和宁静的内心世界。是一本带来能量的书，我很喜欢！,0
14581,没货了为什么在页面上不显示告诉啊，还让人买什么啊？这不骗人吗！对客户尊重最起码应该显示暂时缺货的啊，别让人白费力气。,0
14582,性价比很好，4199元很值！看到别人的评价说：发热有点大，我用了半天，就是笔记本左侧的出风口热，其它位置都不热。,2
14583,这本书非常好，给我们谈了很多作者自己的编程经验，还有10个实例。我觉得这本书好在理论和例子相结合。本来我是在看电子版的，后来觉得要支持作者的辛勤劳动的成果，如果我们都只看免费的电子版，就没有好的作者给我们写书了。还有就是电子版看多了对眼睛不好，所以我就买书了。如果有朋友要买书，我还是希望他们先大概看哈电子版的，那样你才知道好不好。如果好就买书了哈,2
14584,这本书刚拿到，就被同事抢去看了，第二天就还给我了，惊讶！原来她熬了一个晚上就一口气看完了。。。。还和我交流了半天。自己看完后，觉得挺有感触的，里面的一些故事都好像发生过，很有感触。总的来说，是一本不错的职场工具书,0
14585,书已经看了一半，确实挺好看，通俗易懂，值得一读，正在犹豫要不要买后面几本作为南昌人，要纠正作者一点，他在书中写说，某人在滕王阁上望着鄱阳湖。。。（书没在手边，不记得确切的说法了）而事实上滕王阁能看到的是赣江哦，希望大家不要被误导了,0
14586,在当当上买了很多书，都懒于评论。但这套书真的很好，3册都非常精彩。我家小一的女儿，认字多，非常喜爱，每天睡前必读。她还告诉我，学校的语文课本中也有相同的文章。我还借给我的同事的女儿，我同事一直头疼她女儿不爱看书，但这套书，她女儿非常喜欢。两周就看完了。建议买。很少写评论，但忍不住为这套书写下。也给别的读者参考下。,1
14587,传说中当地最好的酒店，主观上的不说了，各人要求不同。三点非常不能让人接受！1、正对面就是火车头维修站（机务段），一整晚在呜呜呜……2、一晚来三个性骚扰电话！有个居然是三点，分别不同人打来的！3、酒店桑拿中心！根本就是那个……不说了！以后去内江！我宁愿坐车回自贡住！,0
14588,属于小巧可爱型的，携带方便，如果充电正确的话，电池待机时间可达半个月。,2
14589,"系统安装比较麻烦,特别是安装驱动特麻烦,触摸板的滑动老是不行",0
14590,外观时尚，白色的键盘用起来是相当的拉风。机器的配置在同等价位的品牌里属于最高的了。,2
14591,天府丽都喜来登饭店不错。价格比较实惠。硬件绝对够五星标准了。环境也很好。服务很到位。2007年3月入住了一次。寄存行李的人很友好位置靠近人民广场，绝对是黄金地段。 就是门口的那条路是单行线，这个要大家注意,2
14592,东西不错有的速度很快就是安装师傅黑点,0
14593,"父母对孩子富有感情色彩的评价性语言,在孩子的一生中往往成为判断对错的原始依据.虽然孩子在成长中还会被外在的环境有所修改,但这种修改决不会触及他儿时的核心观点.所以,从某种程度上说,父母说话的态度、内容和品质，将成为孩子一生的自我意象和思维定式，是乐观、自信、富有想想和气概，还是消极、自卑或得过且过、自暴自弃。可见，父母对孩子的态度和话语，对孩子的影响有多大！",1
14594,为孩子买的，也让自己的心情能放松一些。陪儿子一起看，有更多的共同语言。我们都喜欢。,0
14595,1、电话簿设有查找功能，用起来也很好使。2、双语词典还可以对解释进行继续翻译3、铃声内置很多，可以下30多首，还是40和弦，可以调节在户外用户外模式，在衣服里可以震动，应该不算很轻，算正常啦。 ,2
14596,"为什么以前在当当网上买书是送货上门,现在却要自己拿身份证去邮局取呢?",0
14597,珍爱生命，远离X国 换包装也消灭不了毒牛奶这一形象，蒙牛一生黑，坚决不买蒙牛出的任何产品，珍爱生命远离蒙牛 为啥突然想到某洗洗更健康。。。救 回复 .......救命 回复 新蒙牛 新变化 http:t.cn/zlwxz2P,0
14598,"Stayed here many times in the past 18 months. This could be a good place to stay if the hotel would maintain the facilities, but they did not. The last two times I stayed (Feb and March) the shower and TV did not work EVEN after I reported them. Will not stay here from now on!宾馆反馈 2008年5月16日 ： Thanks your problem , We will chang the shower and Tv ,I will hope you come here again",0
14599,"这书我是被迫买的,没法子啊.我家老师命令的.东西是满有用的.内容枯燥是任何练习曲的书都无可避免的,台上一分钟,台下十年功啊.整本书都是各种指法练习.条条都是该练的.会对提高基本功有很大帮助.书是按指法分类的.每种都有若干条,大家可以慢慢练.没有好的基本功,只想追求速度,到真正高难度的曲子就会力不从心的.PS:书每条练习曲都是简铺和五线谱对照的.对各个程度都是满方便的.",2
14600,看着他们浴血奋战，看着他们在那个年代为我们杀出幸福之路，为我们搏出国家的尊严，在明知是必死不已的战争里，他们还是想胜利~~是炮灰吗？不是！他们是子弹，是最最锋利的刀刃，直捣敌人心脏~！他们教会我不论在任何时候，就算破败不堪，就算狼狈囫囵，就算没了希望的火焰，也要乐观向上的生活下去，有着崇高的信念，有着坚定的信心，就会活的精彩！活出尊严，活出价值，活出真正的自己！值得收藏~~,2
14601,上次出差住的套房，以下几点感受：1，房间大；2，装修很一般；3，好像没有卫星电视节目，上了两晚上网；4，早餐极其一般，就餐环境像食堂；5，附近什么设施也没有；,0
14602,"职场=战场,绊马索和暗箭,着实防不胜防,但是不做到这些,一定会影响正常工作的开展,为了自己的工作、职位、薪水、地位，我们前赴后继，勇往直前！先知先觉是领导者，后知后觉是追随者，不知不觉是淘汰者！看了《步步为营》后，毫不夸张地说，出了一层细细的冷汗。职场真是不见硝烟的战场，一步步都得稳扎稳打，但是职场里也未必没有真情，相对于这些沉默里的刀光剑影，我庆幸我身在一个单纯而善良的团体里。",1
14603,键盘上的键敲得稍微快点的时候，有些字母明明敲了，但是就是没上去。好像主要是在左边的键。,1
14604,1、货源紧张，6月19号下的单，27号才到2、自带的Vista运行实在太慢了，自己又加了1G内存，现在用着还行3、为什么外包装盒的出厂配置标签上印的是“双核处理器”？,0
14605,显卡低级和其它配置不相符。另外就是运行预装的VISTA慢，真的是一分价钱一分货，看小黑比这配置低的运行VISTA都比这快多了。刚改XP了,0
14606,USB接口太少 而且位置不人性化！XP下的高清音频驱动，官网上没有，到NVIDIA网上去下载到的。,0
14607,"再次回家看了,发现小孩的视角跟我们大人的真的不一样,我家外甥女居然比较喜欢车来了,呵呵,本人比交看好的拉吧吧,他倒没什么兴趣,还有刷牙那本,她一看到书上就拿手指在那仅有的三个牙上刷.哈哈,应该是长牙了,这个动作刚好可以磨牙",2
14608,充其量一个度假村而已，客房其实并不大，不知通过什么手段评上4星了。酒店近邻104国道，是连套别墅销售附带的设施。房间装修味道很大，其中一个房子竟然没有窗户。卫生间一股臭味，设施还不如3星级酒店。如果不是去山东路上太晚，怎么也不会到这个酒店。,0
14609, 拍照功能十分强劲，便于我平时记录生活，完全足够了～而且，各种型号，同档次200w像素的拍照手机，不管什么牌子，绝对不可能撼动750c“光影捕手”的称号，这个，也是各个论坛都能找到的评测阿对比的。 铃声表现也很巴适，有几首我十分喜欢的，来电铃声，足以强劲，在公车上也拉风的很哦～有网友反映铃声小，可能和mp3原文件有关吧。视频声音有点小，恩，这个有点。游戏，自然不用说了，下了很多很多，仙剑可玩性也很高，超级玛利更是以前小霸王的翻版，呵呵`~~~待机时间我也比较满意的，平日玩手机还是很多，有时传照片插了数据线，就充电一会儿，所以，买了三个多月，充电器充的次数可能小于5次。,2
14610,"我是初二晚上到的这家酒店,酒店环境很好,后山就是旅游区，前面是五一广场，房间设施一般，但服务很热情，还有水果送。",1
14611,我买这款机子，用了没多久，发现天线不好使，电池导航能力差，像素也不怎么样，想用数据线下点东西也不行（可能是我下载技术太水）。不全是这些，还有就是他维修的地方——不知是它躲迷藏的本领太高，还是......,0
14612,"这是一间非常不错的三星级酒店,房间设施和服务员的服务素质,态度等都很不错,不过就是携程的协议价格和酒店前台价格相差不是很多,希望携程还得继续努力.",2
14613,"发货很速度,上一天买单,第二天早上货就到家门口了.产品来讲性价比还是不错.若是平常只是为了上网聊天,看看电影,办公的话,肯定是够用了.",2
14614,我喜欢的是它的造型和颜色。,2
14615,"买的时候1300声音不错,但居然打不开彩信",1
14616,一到晚上生意就非常的好，这么破的酒店还能吸引人的原因是因为价格还算便宜。,0
14617,1、音乐功能不支持wma格式的音乐文件，太孤傲2、键盘外形有点不人性，单粒键盘尺寸缩小一点，就不会太挤，造成按错健,0
14618,1.平民化的价钱。2.解放双手的蓝牙耳机。3.美观简约的银黑色调搭配。4.铃声响亮，不怕错过重要来电。5.300条短信和500条电话簿容量，可以接受。,2
14619,敬仰苏东坡，喜欢林语堂，因而毫不犹豫地买了这本书。此书别于其他类的人物传记，平实叙述穿插不少闲趣逸事，读来令人大有从头到尾一睹为快的畅意。想来妙笔生花的林语堂单单挑苏东坡写传，或许缘于两人相似的乐观博学精神。东坡诗词书画样样精通，仕途坎坷却一生为民请命，屡遭贬谪但广游乐活。语堂先生语言运筹帷幄，散文小说无不堪称精品，虽多年在外奔波，但乐在其中。一书以察两人，品人胜于观文。,1
14620,C908用了半年了，总是有点小毛病，现在接不了电话，每回来电话响了铃就关机，接也接不到，开机后电量显示就变少了，打电话到是挺正常的，只是声音小了点,0
14621,抱歉，是想给五颗星，误给了一颗星。经典！,0
14622,小日本的风格，人物画的小，看起来吃力，内容没有营养，一本书用1个小时就搞定！,0
14623,钢琴烤漆就是一个指纹收集器，还是喜欢以前的磨砂面，电脑不带系统盘，重新分区费了很长时间，而且感觉该机器不是很结实。,0
14624,了解茨威格是是通过他的名作《一个陌生女人的来信》及《象棋的故事》，从来没有料想过哪位伟大的作家能把文学作品构局的如此紧凑严密，高潮迭起，洗练深刻，尤其是对人物的内心的深度剖析几近胜过当事人对自己情感的理解把握。对于这位虽然没有得过诺贝尔文学奖，但将德语文学提升到英语、法语一样地位的伟大文学家，敬仰让我禁不住好奇，于是在当当网上购买了他的自传——《茨威格自传》。茨威格的自传经得起对传记严格挑剔的朋友的巡检。他向我们展示了一位具有世界主义视野的思想家的历程。他青年时代起即对生命的价值与历史责任有明了的认识；他在早年选择了翻译这样默默无闻、费力不讨好的工作了解和掌握母语精髓；为了创作真正有价值的作品，他在多看、多学、多了解世界的本质后才开始真正的创作；他游历欧洲，拜访结交比利时诗人维尔哈、艺术家罗丹、爱尔兰诗人叶芝等许多伟大的人物，感触了那些伟大心灵，结下纯净真挚的友谊。他的内心世界始终是自由的，如同他最后自由的选择了死亡。我们不会以世俗的眼光判定他的自杀为懦弱为逃避，我个人认为他至少不是在只剩下生命的躯壳后被命运遗弃，而是对世界还有着强烈、鲜活的认识时尊严的作出了抉择。茨威格以为作家真正使命，是维护和保卫“一切人性”。本书中，作者跨越时光的藩篱重现的群星闪耀时刻，以不可思议的描述技巧讲述了七个不可思议的历史转折，将人性光辉的闪耀时刻予以展现，让他们如星辰般永恒的人性光辉，给我们凡俗的生活以正义与自由的启明。,1
14625,１、服务很差。我订的是视频网络大床房，入住时发现酒店里根本就没有电脑。直到退房时，酒店才告诉我，由于该房型已满，在没有通知的前提下，主动帮我换了一间房，是价格358的高级大床房。在我提出要将消费清单进行帐单合并时，服务人员竟然提出要收5元费用的要求。人不能无耻到这种地步吧！２、我住的房号是2727，房间过小，能看电视的空间只能摆下一张凳子。换句话说来个客人，只能坐在床上。３、硬件配备不足。没有放行李的行李架，没有晾衣服的晾绳。４、酒店出入打车不方便。酒店设在一个远离马路的拐角里，出租车出入要过一个卡站，非常不方便。且酒店门口空间较小，出租车只能停在离酒店五六米外停车。不方便。,0
14626,1.海量内存，整部电影轻松存储，也备有专门的影片转换软件，可将影片轻松转换为手机播放格式。2.标配的线控耳机精美，时尚。3.运行速度比较快。,2
14627,读过她的《茶人三部曲》，一口气读完的。一直在搜寻她的文字，所有的。感谢当当，如我所愿！她真的长的很普通，但她的文字、她的思想真的很不普通！之前读过十几本茶书，可是与她的文字一比大多应当烧掉！有的人懂茶，但写出来的文字粗粗拉拉，不配！有的人不懂茶但也敢写！难得的是她能写出茶的美妙而又不失于浅薄，有研究而又不洋洋自得！一样的意思让她来表达就字字句句带了茶香！,1
14628,买这本书时正是工作超累之后，身体很不好的时候，消炎药和退烧药去火药是常服的，但是直接一时之痛。当时觉得不知道怎样才能把身体恢复过来。正好买了这本书，照书上说的按太冲穴，多睡觉，逐渐找到了恢复健康的信心。真的很赞同吴清忠关于身体健康的观点，也正是在这本书之后，才有了中里巴人的系列书出版，以及一批中医保健书的热卖，应该说吾清忠老师是真正的智者，开启了正确的身体保健潮流,1
14629,（1）外观时尚，键盘独特，色彩亮丽。 （2）性价比高。 （3）功能齐全。 （4）散热效果非常不错。,2
14630,房间很小，洗手间有异味，酒店外观陈旧，yi以后不会再住,0
14631,其实刚开始是从网上的手机电子书看的这本书，因为手机屏幕太亮，伤眼睛，看的也比较马虎。但是其中的爱情故事却是感人的很，好几次都感动的落泪了。看到结尾真的很伤心。好希望老三和静秋能走到一起。虽然悲剧更能然人印象深刻，但我还是希望这个故事是个大团圆结局。唉！希望他们下辈子能走到一起吧。圆我们这些喜爱这本书的读者一个美梦。,1
14632,"外观雅致,续行时间长,运行速度还可以,成都自提点服务态度满意,发货很快捷.",2
14633,洗完澡那叫一个舒服丫再来瓶蒙牛有益C爽！,2
14634,以前在书店看过，是和A4纸差不多大的，结果拿到，只有一半大，根本没有那种感觉。宝宝都不喜欢。,0
14635,这个系列的书，如《说康熙》、《说雍正》题材都很吸引我。试着在网上下载了一些《文化中国》纪老师的视频，都觉得还是看书比较过瘾。然而，不得不说出版社在校稿上不够认真，继《说康熙》中一处平三藩始末年份的错误后，本书第114页第二段中济尔哈朗与多尔衮的年纪相差了13岁，文中却说相关3岁。另外，看完这个系列的书，发现《说康熙》和《说孝庄》在内容方面重复过多。有些段落甚至一字不差，有凑字数之嫌。,2
14636,散热不是很好，不过送的散热器还可以将就用用，到天热的时候再看怎么样了,0
14637,我跟本就没有收到这本书，你们网站到底是怎么一回事。买了本书到了现在还没有收到。我真的很失望，书都没有收到叫我写什么评论。多的不想说了，就是一句话，我在你们那里买了这本书，到现在我都没有还没有收到书。,0
14638,客服态度很好噢，东西到货后，联系了美的安装客服，态度也很OK。现在还没用，后续追加评价。,2
14639,房间味道好重，本来都是去住华天世纪的，他们生意太好，没有房间了，丽晶的房间感觉象好久没人住了，霉味好大，住了两天，人都快晕了，如果再去柳州肯定不住这家了。宾馆反馈 2008年8月1日 ： 对您提出的意见我们已进行了改进。酒店设有无烟楼层，也推出了奢华新装的商务行政客房，一定不会让您失望！,0
14640,因为电池原因，笔记本还是比较重的，比x200重一些。 电源虽然小巧，但是发热量很大，拿着烫手。 外壳容易沾手印，最好贴个模。,1
14641,从天涯一直追到此书出版，虽然花了不少时间等待，都是十分值得的。沧海桑田，我们很多人已经习惯了现代化的医院，习惯了西医的一切学说，却恰恰把老祖宗留给我们的东西渐渐遗忘。很高兴罗大论医生用了一个特别的角度来描绘那些为我们医学事业做出巨大贡献的大医们，让我们不仅了解他们学医德经过，了解一些中医的基本知识，更重要的是什么才是真正的大医！！！绝对好书，值得收藏！！！！,2
14642,我算了一下，待机时间差不多六个小时，好像跟宣传中的有些差异。还有更郁闷的是才刚买了两天，京东就有返200元现金的活动了，唉,0
14643,1.屏幕显示效果不够细腻； 2.铃声效果一般，内置图片和铃声偏少； 3.不支持Java；,0
14644,选购，下订单一切正常，可就是收不到书，打电话才知道已经缺货，且近期不可能有货。,0
14645,没有配DVD刻录机，电源接头采用弯曲式，这样转到朝后的方向会影响到光驱托盘的弹出，其他待发现,0
14646,MTP-中层管理干部课程分享会，北京站，北京兆龙饭店，12月6日14:00点，本次由甄英才、刘克威两位老师亲自主讲！中粮集团、奔驰（中国）、蒙牛集团、西门子、美国高通等众多知名企业参加！ @华润顾问王陆燕,2
14647,因为众所周知的原因，我一直在内心深处比较抵制日本文化，我们接受的教育也是负面的信息多于正面的，但是随着阅读日本绘本的增加，我的观念发生了很大的变化，从这些书中，我们也可以看到他们对历史的反思，对儿童教育的关注，对人性的反思。比如宫西达也，比如今天看到的《狐狸的神仙》，书中只有淡淡的爱心和喜悦，看图画，很美，阅读文字，也是很美的享受，对孩子来说，是最好的爱心教育，无需多说。,1
14648,这次入住的宜兴宾馆性价比还是比较高的，房间很大，房内布置也比较温馨。早餐品种太少了，服务员态度比较好。,2
14649,手机已收到短消息回复订房OK，前台自己没查到，却叫我打电话给携程，要我自己搞定，即使我给前台看确认的短消息，一样不理，后来我自己打了电话，让携程的客服跟前台通话后，他们就找到了，这就是锦江之星（上海张江店）的服务态度,0
14650,真的出现问题再牛逼的公关也救不了蒙牛，洗洗睡吧,0
14651,"一般吧,我都没怎么用，给孩子也不合适",0
14652,"很小巧,很好看,很适合在校的女学生用啊~还没买手机的人买这款是个非常好的选择啊~!!!!!",2
14653,贵巴巴的手机，可是不实用，手写功能有，可也没配上一枝手写笔，再单买一支？现在回想起来当初真该好好看看配件。（唉，后悔也没用）。还有，按键太小，短信输起来真是不方便，加上手大，很受罪。还有，智能手机的操作系统不够快，菜单切换有延时，特别是在内存十分拥挤的情况下。还有，拍照不够清晰，特别是夜拍效果;朋友拿着的是一个130多万像素的DC，我的效果要差些，不够清晰。,0
14654,难以相信这是携程重点推荐的3星级宾馆！单人房住了5天，价格240元/晚，期间得知中石化试题题库会议，房价160元/天。房间的地毯已经N干年没有清洗除尘了，看上去黑乎乎的，各种斑点、污迹、小洞眼令人很不舒服。（过道里的地毯略微好一点）第一晚安排在二楼，后来调整到5楼，隔音不好，隔壁客人晚上2点回房间，关门、电视声音很大。卫生间有玻璃窗，但是不能打开，塑料窗帘小于窗户的面积，因此女士要小心露光。我住的那间，下水道不畅。每次积水都要没过脚面，非常sick！餐厅是外包的，一份（例盘）尖椒牛柳30多元，一个鱼香肉丝20元，可能只有这儿的价格离3星级标准接近一点。5天的自助早餐几乎都是一份汤面加1-2个煎蛋，因为几乎没有什么合口味的东东可供选择。因为开会，基本早出晚归，最后一天离店时才发现，一直垫着的床单竟然有数个脚印在其上！前台服务员有的和善，有的冷若冰霜，不可一概而论。,1
14655,首先，摄像头是个大问题，10W 的像素不如不要，宁愿用个数码相机来拍照还好，要它还增加了不必要的成本！,0
14656,"两人在通话中,录音问题很严重,众所周知,通话中录音,肯定不会去告诉对方我在录音,那如果这样,还要你录音干什么?可这个明,那真是明,一旦在通话中录音了,每10秒就很大声地给你嘟一声,你一分钟一嘟也好啊?生怕人家不知道,早知这样,那你还安装这个录音功能干什么?晕,美国人就是恶心,从此不用垃圾摩托.",0
14657,房间很旧，很差，后来我就换酒店了，不到3星标准。宾馆反馈 2008年7月22日 ： 请您提出具体的方面！我们将尽力完善改正！谢谢！,0
14658,先看的电影后买的书。说实话看电影时我很讨厌男主人公，后来通过看书才对其复杂的心理过程有了更深刻的认识，也更能够理解他和汉娜在战争和纳粹时代背景下扭曲的情感经历。可我还是认为他并不是真的爱上了汉娜，他只是爱上了他的爱，这个爱的载体是一个比他年长许多，性格与其一样执着顽固而且还目不识丁的纳粹看守，这个爱还无法经历时代变迁和人云亦云的世俗考验。真正可悲的是汉娜，她的极端自尊和羞耻心大大地超越了生命的力量，使她最终选择了死亡。,2
14659,听说昨天在体院篮球馆的比赛很精彩呀，谢谢蒙牛公司的赞助还有诚毅篮球，没去现场观看真可惜了。,2
14660,c，性价比相当的高。买回来直接上Vista系统非常完美，没有驱动问题。,2
14661,感觉这套书不错，里面有小胶贴，按照题目的要求把小胶贴粘在书页上。我家孩子四岁，做这册比较简单，孩子喜欢做。里面不仅有数学，还有关于时间、关于远近等方面的训练。需要大人给读题，题目的描述有时候比较拗口，孩子有时候读不懂。不过总体来说还是不错的。我家孩子做得快，我打算等他做完这五本，再给他买5岁的。各个家长根据自己家孩子的发育情况来选级别。要是平时对数学有些概念，就可以选高一级别的。,2
14662,我原地小复苏后我妈问我喝的啥牌子牛奶？我说，德国得。我妈说，你看吧，国外病毒更可怕，直接整中毒，都找不到赔偿，还不如喝蒙牛呢！,0
14663,非常不错的酒店，虽然不是在处在市中心，但是离钟楼、鼓楼不远，出租车起步价即可，或者可以坐公车606路，车站就在酒店对面。酒店环境不错，房间很干净，工作人员服务也比较好。,1
14664,商品还是很满意，很实惠。售后上门安装也比较及时。,2
14665,配置不错，又是小黑，有着小黑出色的键盘和沉稳的外观，4399的价格实在没什么可说的了。质量应该比其他品牌都更有保证，用户舒适度也不错。虽然SL不比其他系列，但是还是很有吸引力的机器。,1
14666,还不错酒店，就餐和出行都很方便。服务态度也比较好。,2
14667,"外型非常喜欢,不夸张,显稳重.",2
14668,我认为，这本书很值得品位一番，通过阅读，首先，我们在以后的工作中可以避免犯这些错误；其次，我们可以轻易的识破这些伎俩；最后，我们应该尤其注重职业道德问题，在这个领域内，我们至少要保持自己的纯洁，决不可利用自己的专业知识撒谎，做一些负面的事情。中国的统计发展如此缓慢，需要一大批讲原则的专业人士，我的信念就是从自己做起，为祖国的统计事业贡献微薄的力量。,2
14669,总体上来说对这个宾馆不很满意。1. 前台服务很差劲。据说是电脑系统问题，造成半个多小时都没有办成入住，而且总是爱搭不理；2. 入住后，发现房间没有及时整理，催促了好几次；3. 床单、枕套之类的白色都变成了黄色，据清洁人员说漂白过的才是白色；4. 退房时候又等了好久5. 入住时候预定的房型没有了，升级居然还要付钱。。。经据理力争才免费升级。这种情况在武定路的那家就没有发生。,0
14670,我在9月19日入住的，本来在携程网上预定了3天，但是酒店的前台在我入住的时候，都没有问我要住几天就开了一个一天的票给我。当时真是非常的生气。也没有计较，就住进去了，22日离开的。结果回来携程通知我我只完成了1天的入住，只给我1天的积分。郁闷！入住当晚，酒店就进了一个团队，打麻将打倒3点多钟，吵得难以入睡。而且酒店的位置在张家界森林公园，游览武陵源风景区不是很方便。,1
14671,一直很喜欢小黑，这次终于如愿以偿了，4399买到这样的配置和品牌，很超值！机器很漂亮，外观很稳重，键盘很好，比我以前的华硕要清晰很多，屏幕很完美，自己检测的，应该没有坏点什么的！小红帽还没习惯用，不过据说很赞！,2
14672,“蒙牛，只为点滴幸福”,2
14673,把过去的浮华世事写得很精彩，能作为一本古代浪漫普及的书。不过作者本人见解再独到，终究有偏于历史，过于个人化，缺乏史料支持。喜欢诗词的人，真是一本很不错的书，遣词唯美淡雅，清丽而丝丝入扣，融入了深深的感情。基调大多是悲哀的，叙述着在那远远过去惊心动魄的爱情，心酸悲凉，用古典诗词带你步入古人的世界。,2
14674,住的是258的阳光大床房，条件完全对得起这个价格，绝对的物超所值，酒店大环境很好，房间内的环境也很不错，入住赠送了水果，服务也很棒。缺点在于床稍微有点短，厕所有些小,2
14675,很一般的酒店，紧临马路，虽然有双层窗，但还有些吵。平时价格应低于200元，节日价格380元属于过高。总体而言，很一般，包括服务。,1
14676,书的翻译语言一般，读起来不朗朗上口。我是看了评论才买的，但事实并不是如此，也没有太多的科学道理。不值得买。,1
14677,原先一直想买非漫画版的，总觉得漫画版适合学生看，但是又找不到纯文字的那种，所以将就买了二十几本先看看，虽然一开始有点不习惯漫画版的阅读方式，但看了几页后就习惯了，并且越来越觉得这种版本比纯文字的更好，有视觉效果，这不，马上又订购了余下的四十多本，不过还缺第一本的，不知什么时候会有货，想买齐，收藏，等女儿大一点，再给她看。总之，值得推荐！,1
14678,位置很好，走路到文庙、清凉寺5分钟都用不了，周边公交车很多很方便，就是出租车不太爱去（老城区路窄爱堵车），因为是老宾馆所以设施要陈旧些，,2
14679,许多下围棋的人都会有一个困惑，那就是害怕对手的力量强，趴在战斗中吃亏，以及如何增强自己的战斗力。我也是，一直希望自己的力量增大，希望战斗中下出手筋获得优势，乃至胜利。还是看看战斗至尊坂田先生的棋吧！从他鹰隼般的捕捉战机的嗅觉和快如剃刀般的手法中一定能找到你想要的。我很喜欢这套书，她也是坂田先生毕生著作的精华，值得你拥有！,2
14680, 谢谢支持，我们会继续努力！ 支持一下！回头我有宝宝了也喝欧世蒙牛，最好有机的,2
14681,书的印刷很棒可惜文字过于生僻，而且有点傻瓜的感觉有点像韩国电视剧，过于华而不实不喜欢韩国人的作风，没有什么内涵，对记忆没有什么效果建议别买,0
14682,能说出这样的话证明了这个一个再简单不过的等式：不能保证行动一致=无耻！蒙牛=不能保证行动一致、所以:蒙牛=无耻！,0
14683,性价比还不错，位置很好，就在古镇入口处不远，开车去不要入旅游停车场，跟拦车的人直接说去周庄宾馆。电吹风要打电话要才有。,2
14684,对蒙牛新品，不想表达什么，送句祝福---好运！,2
14685,抢购到的本本，性价比超高，因为自己已有本本，买个人情，让给了同事。,2
14686,只要读一读南怀瑾老先生的《论语别裁》，就发现于丹的心得是多么的肤浅，感觉南怀瑾与于丹在一起，就象大学教授与小学生在一起一样。,0
14687,"很好的商品,购买后非常满意, 买的不后悔,以后还会推荐朋友购买这款产品",2
14688,纵然是再娇艳的花朵，作为和亲公主的皖雅，也逃脱不了所谓“贡物”的命运，绚烂一时的爱情，到头来终究抵不上江山一角。爱情，如此完美却又失落，皖雅的结局，苦涩却又实际地描绘了宫廷女子悲婉的一生。看尽世间无限遗憾，只因爱情如此脆弱。三个男人用不同的方式爱着这位花神，她本可换种选择使自己轻松，可她还是执着于她的爱，终究她的爱害了她，爱情总是这么威力无限！,2
14689,散热一般， 待机一般（不足2小时）， 开机很慢， 运行速度还可以。,0
14690,今天问了客服中心，回到是这个手机没有数据线:(也就是说中国版的AF51和国外的AF51是两码事。没什么好说的了。要想买个简单点的手机我觉得还是买个200-300元的更实惠。没有数据线，许多功能是毫无意义的。花500-600买它，不太值啊:(,0
14691,1、内存槽只有一个，想加内存只能换装。差点就多买一条1G的。 2、内置sim卡插槽，3G模块不能用，没有装。 3、包装还是不怎么样。来的机子已经拆封。,0
14692,我爱牛奶~每天喝起来~不过蒙牛到底安全吗？~~~,2
14693,非常形象的描绘了小孩子的生活和心理状态，我觉得阿波林的很多行为和儿子简直是一摸一样。儿子看完穿衣服那本后，常常在脱套头的衣服时喊：“我的头怎么那么大!”真的很好笑。可以看出作者的确是很细致的观察了孩子的行为。不过，阿波林是一个女孩子，她有很多举动更接近女孩子的状态，所以，我觉得应该更适合女孩子阅读。,2
14694,做工精致，屏幕很漂亮， 关于大家都说的喇叭问题，我觉得各位不要对它要求太高，这么小的本能出声就行了，追求音效可以接一个小音箱嘛,2
14695,书的中间少了好几十页。。。。。。。。。。。。：（要求退货。。。,0
14696,"看了,就觉得胡兰成恶心,为张爱铃不值",0
14697,"因为文化背景的差异,感觉这本书还是比较适合西方的小朋友!故事内容强调个性!比较自我!虽然我们可以比较理智的对待,但小朋友不太容易理解.",1
14698,看了这本书我是相当的气愤，没见过这样无耻的男人啊！不过为了张爱玲，还是值得买的这本书,0
14699,分区弱智  预装很多垃圾 启动慢死 无恢复光盘 网上也没有恢复软件下载 发热量很大 左手基本一直再烘烤 触摸板手感差 比THINKPAD的小红点差很多 Bios设置功能非常弱，不能硬件关闭不用的模块,0
14700,交通还可以，打车的话，还算方便。房间稍小了些，看上去也比较旧了，同价位的酒店中，在北京不算是很好的。早餐惨不忍睹。。。。门童很热情，赞一个,2
14701,坚决抵制蒙牛牛奶！！坚决抵制！宁愿去喝妇炎洁，也不去喝蒙牛！！大家都说我笨蛋，思前想后，为什么我以前很聪明，现在总被骂笨蛋。想来想去，是大学一直喝蒙牛！坚决抵制蒙牛，频繁出问题的牛一定是病牛！,0
14702,以汽车为主的绘图形式，不适合中国的女孩子亲子阅读。我孩子就新鲜一会儿，再也不愿看了！,0
14703,我的双胞胎儿子5岁，他们很喜欢。我在给他们阅读的时候，他们很安静，聚精会神地倾听。中间我感动得眼泪哗哗地，以致于读不下去，孩子们却没有催促，只是奇怪地看着我并静静地等待我继续读&#183;&#183;&#183;&#183;&#183;&#183;前面很多妈妈都说孩子流泪了，我儿子没有，只是皱起了眉头，表情沉重地问我：它是不是就是死了？好像变懂事了？！,2
14704,电池电力很好，还有就是信号强劲，在几乎完全屏蔽的地方竟然还能接打！,2
14705,房间的环境不好!阴暗潮湿!一点不像星级的宾馆!失望.不过服务还是可以的!,0
14706,严重后悔，决定以后都不要买这些书。当然，我买其也不是准备着自己看的了。全是胡扯，一如现在沸腾着的大国崛起,0
14707,电池够劲，底部也没有突出。运行XP速度可以接受，风扇噪声也不大。92%键盘打字比较顺畅。雾面屏不反光，看久了眼睛不酸。,2
14708,薇薇你超好的。你家的小狗还在么？泡总去摘草莓送薇妈妈蒙牛还是伊利！,2
14709,一翻开这本书，就让人想起韩剧里头那些不温不火絮絮叨叨的韩国女人，可能这就是文化差异吧,0
14710,我住的是商务标，房间不错，很干净，服务也好！下回还会住。。。,2
14711,看了百家讲坛，来了兴趣。因为工作忙，只看了一点点，因此买书来补。但看着看着，就睡着了。还是买碟片好，生动。,1
14712,D80最吸引人的地方，莫过于其简洁的外观，特别适合于男性使用。而且手感特别的好。D80的智能拨号能够很轻松的帮你找到联系人；通话录音功能能够在你通话的时候轻松记录通话信息，在需要记录一些重要信息的时候能够给你带来很不错的方便。,2
14713, 喝了蒙牛被打的很惨的这猴子被打的很惨啊。。 能不能告诉我这货是不是喝了蒙牛？,0
14714,作者逻辑严密，一气呵成。没有一句废话，深入浅出，循循善诱，环环相扣。让平日里看到指标图释就头疼的我竟然大有拨云见日，醍醐灌顶之感。果不出所料，占豪的黄金游戏，值得期待！,2
14715,作者长篇大论借用详细报告数据处理工作和计算结果支持其新观点。为什么荷兰曾经县有欧洲最高的生产率？为什么在文化上有着深刻纽带关系的中国和日本却在经济发展上有着极大的差异？为什么英国的北美殖民地造就了经济强大的美国，而西班牙的北美殖民却造就了范后的墨西哥？……很有价值，但不包括【中国近代史专业】。,1
14716,昨日，“MusicRadio音乐之声 新音乐运动 魏晨乐动会”在北京举行，魏晨和大家分享了自己对音乐的理解和感悟。3月6日“蒙牛绿色心情中国TOP排行榜颁奖晚会系列活动之启动记者会”，届时魏晨也将出席。在MusicRadio音乐之声知名 和 的带领下，让在场的粉丝们度过一段难忘而又美好的时光。,2
14717,三毛说 不该看的不看有人总喜欢相信免费午餐牛奶还不是蒙牛！太不要脸了！ 童话一样的敌对势力。,0
14718,收货快。全新机器。完美屏。发热一般。该有的都有了。性价比很好了的机器,2
14719,我们全家一起够月亮。看了十几天了，儿子对这本书已经很熟了。给他洗完澡穿裤子时，他就站在我的腿上说够月亮，我说够不着，怎么办呀？他说，叫妈妈，我说，妈妈够不着呀，他说，叫奶奶，我说奶奶够不着呀，他说叫爸爸，.....，你看他认真的表情，听着嗲声嗲气地童音，我想，此时的感觉无法用语言表达。很开心，很美好，很享受！感谢作者给孩子一个美妙的月亮故事，感谢这个美妙的亲子空间！,2
14720,买了一个系列，准备送给小侄子。看了一下，书的质量挺好的，里面的图画也挺吸引小朋友的，都是小熊，小兔，小松鼠之类的小朋友都喜欢的小动物。如果小朋友年龄还比较小，建议家长陪同着看，我觉得对小朋友的情商发展是会有帮助的。而且这书中英对照，也可以对小朋友灌输一下一些简单的英文。以上仅代表本人一点观点，至于实际情况，还要等我小侄子看了才能再说！,2
14721,感觉这个故事没有介绍里的那么吸引我，但绝对不是那个年代离我的生活遥远的关系。事件里的主角都太神话了，通篇就像是恋爱的人互相说的情话，绝对是一种很自我状态的表达，不是很喜欢~也没有很感动，故事太美好了，没有缺陷也就感觉不到真实了~,1
14722,商务小本，造型沉稳，做工精致。键盘手感不错，大小适中。屏幕10?，工作时眼睛不累。配置上也是可圈可点。,2
14723,"很漂亮,外观,性价比感觉 还不错.功能简单,适合出差 外出携带.蓝呀摄象头都有了,满足基本需求.对于不是高要求的你来说,很值得购买.满足一般上网需求.",2
14724,重了点，我知道，这不是她的错。。。鱼和熊掌不可兼得，可人都比较贪心,0
14725,"一个朋友说过,男人一旦开始爱了,会比女人更认真。沈先非就是这样的男人。“如果我们之间有1000步的距离，你只要跨出第1步，我就会朝你的方向走其余的999步。”平淡却很MAN的告白~~~一个误会和一场意外导致了两人五年的分离。但他们的身体上有彼此的痕迹，即使走丢了，最后还能找回对方。桑渝锲而不舍的追求绝对堪比玉面小飞龙。阿正和郑微的故事在这本书里完美延续~~~",1
14726,抵制蒙牛！ 我最讨厌蒙牛的高官，没有一点为人民服务的意识，这样的民族企业不要也罢蒙人的牛奶,0
14727,左侧usb接口靠的太近，外接设备大点。就不能同时插。光驱声音不是一般的大啊。 手写软件是鸡肋，没什么用。Express扩展卡插槽不是通用型，难道是以后的趋势。以前买无线网卡不能用了。,0
14728,再也不喝蒙牛的了。 谁敢喝？ 蒙牛为什么还在销售？为什么还有人买啊？ 抵制蒙牛抵制蠢货！这比抵制日货更为紧迫多了！,0
14729,超烂的一本书，买了全套到目前一本也无法继续看完，当当网吹得太过了，误导消费者。,0
14730,春节前往香港度假，入住富豪东方酒店。该酒店价格不低，可条件却不高。交通不便，服务一般般（国内快捷酒店水平）房间内的硬件设施还不如快捷酒店，很旧很旧的家具。房间始终弥漫着一股潮、霉的味道。晚上楼道里空调机房的声音整晚都不停，就像轰炸机在头顶盘旋。服务员看见洋鬼子比他爹还亲，对祖国大陆客人完全两样。酒店的位置很蹩脚，很难叫到出租车，小巴很近的距离就6块，5个人出门就30块比的士还贵。不推荐大家入住.......,0
14731,"LED的屏幕还是不错的,就是太亮了,有点反光.多功能的触摸板也是一大亮点",2
14732,"这本书教给了我很多引导\教育孩子的方式\方法.让我受益非浅.原以为我自己很会教育孩子,看了这本书以后,才意识到,我所掌握的太肤浅.孩子的很多行为都能体现出妈妈在教育方面的效果,孩子的性格主要靠平时妈妈的行为引导,并不完全是遗传了,这本书让我学会了太多,建议没一位家长都买一本.让我们的宝贝健康快乐的成长,让幸福,自信,勇敢,豁达,正直,善良伴随他一生",2
14733,其实在预定之前，看了各人的评论，有好有坏，结果我犹豫再三。入住了酒店后（豪华套房）就知道自己定对了酒店。酒店前台服务很周到，房间的设施也不错，个人觉得值得推荐。由于我经常有去市长大厦那边，感觉气势非常宏伟，所以就算订个普通房，也算是享受大环境。,2
14734,登狮头山时，突然下起大雨。雨中的阶梯无处躲藏，只好任雨淋湿。这时清楚地听到雨声了，仿佛是拼命在鼓掌。我们总是在舞台下鼓掌，却总是忘记为自己鼓掌。在没有舞台的地方，大地也为自己鼓掌。我们应学习，爬险阶时，常为自己鼓掌。在暗处，给自己一些掌声，在明处，也要为自己鼓掌。非常喜欢，与成与失败，都应该有如此的态度。为有自爱，才能更好的爱人。,2
14735,开箱即发现USB口一个是坏的，触摸板左键也是坏的，惠普的质量控制体系可以用垃圾来形容。,0
14736,女儿六岁半，读来有些浅了，一会就读完放在一边。可 我发现她经常还会翻起。同事看我买这本书，马上拿来看，一边看一边感叹：我女儿（四岁）一定喜欢这上面的图画，同时又培养了她的数学兴趣。于是，他马上订了一套。非常不错的书，如果我不时候受到如此轻松有趣的数学启蒙教育，就不会让对数学的厌烦陪伴长大，以至于上大学，高数还补考了。,2
14737,酒店服务员态度很好，晚上还送两个小玩偶到房间．但是酒点的自助早餐实在不感恭维。因为餐厅是敞开式的，所以没有空调（喜来登也是这样，但也有封闭的带空调的餐厅，客人可以自己选择），虽然海风习习，还是会有些汗，如果吃现烧的米粉，会很热。但是最受不了的是苍蝇蚊子，苍蝇在食物上或飞或停，蚊子围着我们打转。所以每次早餐，我们点现煮的，并且以超快的速度吃完。,1
14738,价格便宜。屏幕超大，可显示8行中文！32和弦名符其实。红外接口。支持彩信，可玩性强。,2
14739,书的质量不好，翻一下就坏了，而且书的内容也不好，没有什么用，也不觉得好笑！根本就比不上“我是英语单词书”！！建议大家不要买！！,0
14740,闹中取静的一个地方，在窗前能看到不错的风景。酒店价格的确有些偏高,2
14741,位置不是很好，交通一般，离地铁站比较远，一般只能打车，房间里空调老化，一晚上不停的响，还有蚊子，刚进房间就发现被单上有很大块的污渍，后来叫服务生才还掉的，感觉不是很好。,0
14742,优点：1、做工尚可2、系统响应速度快3、屏幕大，分辨率高，显示效果好4、照相200W，配置比较高,2
14743,《听杨绛谈往事》可以视为杨绛的个人传记，通读之可加深对杨绛先生的了解。从杨绛的一生中，我们可以了解一代文学大师是如何坚守自我，她与钱钟书先生又是如何坚守他们的立场，同时更可以了解他们所处时代的风云际会。读完此书，让我感受至深的是杨绛先生面对钱钟书和钱瑗两人同时卧床不起时的艰难心境。当钱瑗离开人世时，她既哀恸悲伤，又要瞒着钱钟书，不让他得知这个噩耗，实在是让人动容……,2
14744,大床房还不错，其他的没有看过。位置很好。希望菜做得更好吃,2
14745,物品还没发现不足，不过京东网的服务属实不好，客服办事效率有待提高。,0
14746,键盘太容易脏了，本来想买灰色的可是想想显卡还是选了白色。刚刚又在京东定了键盘膜不过上海本地没货在调货，不知什么时候才能收到。不过话说回来确实的白色的漂亮,0
14747,体积较大，虽然是最早上网本品牌但质感较惠普dell等品牌还有差距，鼠标按键和快捷键很硬很难用，基本可以放弃触摸屏。,1
14748, 在天津星尔特大酒店丢失白金项链一条，未能找回。客人洗澡时摘下，放在床头柜上，走时忘记拿，结果丢失。,0
14749,另外说一句，书中的故事也适合给低段儿童朗读,2
14750,物超所值，材料费只花了60呢,2
14751,酒店在肇庆闹市区，但靠花园的房间很安静；酒店走廊超乎想象的长，96个房间在一条走廊里。套房超乎想象的进深，从门口到床约15米。七星岩像一个大公园，如果作为城市人群休息的场所很不错，不应收门票（60元），像西湖这样的景区都不收门票。鼎湖山的原始森林很好，特别是蝴蝶谷新开的那一部分，值得去走一走。酒店的饮食不错，但浴足不怎么样，虽然便宜，但水平实在差，技师不像受过准们训练的，没有手法，按不到穴位，环境也不清爽，总体感觉有些龌龊。,1
14752,"全家五一期间选择去富阳休闲两日,通过携程订了3个5月4日的标准房间,check in 的时候前台小姐告知下次来可不通过携程直接过来,感觉南国是很遵守游戏规则.你不要奢望当你下车的时候门童会主动来开车门和拿行李,即便是再多的行李,也不会等到行李车,服务生只是远远的看着,最让人不能接受的是该所谓的五星级酒店不开空调,晚上极为闷热,当询问前台时得到的答复竟然是""可能是因为你太怕热"",因此强烈要求携程网在网上推荐时应在星号后边带上括号(常年不开空调,服务意识极差)",0
14753,Ｔｈｉｎｋｐａｄ嘛，优点就不用说了，联想接手以后，还是一样的！,2
14754,不知道是不是所有本本都一样，光驱不大好用，有时候读得出来，有时候则不然~~,0
14755,"买了一本,字是大大的,不觉得有啥好的晕",0
14756,蒙牛冠益乳，增强免疫力。@冠益乳,2
14757,"地点优越，房间和服务都不错。晚上送的绿豆汤，还有纸鹤和问候卡，感觉出家的感觉。下次还会住这里的。宾馆反馈 2008年6月25日 ： 感谢您对国宾大酒店的认可.我们非常愿意成为您的朋友.欢迎经常入住!祝工作顺利,心情愉快.",2
14758,"我通过携程定的豪华标间,价格4百元,以为这个价钱至少可以住到干净整洁的酒店吧,至于豪华,根本是没想过;但即使这样低的心理期待下,这酒店还是把我吓了一跳;一进房间就是一股霉味和臭味混杂的味道;等进了厕所,才知道房间的味道与之相比简直是小巫见大巫,简",1
14759,刚刚读了个开头，我便把紫手环戴在了手腕上，并且，也决心引发更多的人加入，为了那句话“改变地球意识”...很多人幻想地球的未来的样子大都是被人类破坏的非常不成样子，甚至你去翻阅小学生的作文都是这个样子...我想，如果我们从我做起，改变自己的意识，当我们的意识里充满更多的爱、和谐的时候，未来的地球肯定会变成我们理想的家园！,2
14760,笔记本还是不错的，要是我自己用，linux也凑合了，无奈是给家里人买的，只能改XP,2
14761,很好,2
14762,7合一读卡器这样的东西 我估计所有的消费者都以为是外置的另送的吧 还红字 有点忽悠人的嫌疑  其实是笔记本上的一个SD的插槽 基本上所有的电脑都有的,0
14763,在当当上买了那么多书，这是第一次有写。书评的冲动。实在觉得作者说的太好了，不推荐出来，自己都觉得过意不去。书里有很多经验都值得细细回味，特别关于课外阅读那部分让我共鸣不已，并且特地拿给我爸看。在孩子教育上，他外公就是主张不要花那么多时间进行课外阅读，把课本读好读精就行了，我虽说觉得他不对，但理论上不能说服，这下可有后援了哈哈！！,1
14764,我没想到刚过四岁生日的女儿竟然对这本书很感兴趣。说实话一开始拿到这本书的时候我心里很没底，因为正如有些评论中所写的，画面很乱，而且知识点很多，我都不知道该怎么去跟孩子讲，于是试着讲了《海底探险》，没想到孩子很爱听，讲完之后问我：“还有么？”一听说总共有十本，高兴地不得了。这两天总在重复问我一个问题，：“为什么她们的校车那么神奇呀？”,2
14765,虽然很喜欢这本书，但是还是有点小失望的。。。不知道是不是印刷原因，书的画面有点乌乌的，味道也很重不过瑕不掩瑜啦～～,1
14766,屏幕比较次，我这还有一个亮点，估计也没得换，似乎这个价格也没办法了，省成本贝,0
14767,很小的时候就读这本书了，我读的还是那种大部头，当时翻译过来还是比较原汁原味的。很吸引。所以印象深刻。记得小时候看是晚上偷偷钻在被窝里看。那种感觉是无法言喻。。拿到书，很兴奋。书也很整齐，很厚实。总之就算是拿着这本书都是一种情怀。找回了童年的感觉。呵呵。特意买了英文版，有空在家里翻翻英文字典，体味一下原汁原味版本的童话。很有趣。,2
14768,我很少做酒店点评，但这个酒店确实是我近年住的最差的酒店。地方非常不好找，大部份的士司机都找不到，太偏了。酒店房间很小，如果有两个人，连个行李都没地方放。卫生间漏水，马桶不通（我们两个房间都一样）。空调不管用，一个晚上卡卡的响，早餐极差。唯一好点就是边上有个公园，早餐爬走起来可走走。虽然那里面有一堆老人在晨练。总体意见：在这个价位下，不值得入住。,1
14769,安意如，同样是感性的女子。一个才女，就如她自己形容的一样，一流的才女，即使隔了千年时光，心智也是有共通的，身上流落的气息韵致，像老房子里留下的檀香木衣柜，总是高大沉厚的样式，何时打开来，都迷茫着淡淡香味，有恍惚相识的感觉。她的诗评，更多的是写出了女人的心事，叹服于其文学底蕴的同时，字里行间也时不时地可以邂逅到令人感动令人流泪令人反复咀嚼仍不觉厌倦的句子，似乎只有写下来才不觉可惜。,2
14770, 觉得这儿牛奶怎么样呢。蒙牛霸气外露，特伦苏,2
14771,儿时回忆是最好的东西，错过我会后悔。看着一本本的书，有的沉醉了。翻译是国语的，总觉得挺别扭，没有粤语翻译的好。不过不得不说质量很好，每一本书包装很好很全，礼品盒也很好，还有三张贴纸，两个书签，没有破坏过内外包装，看来果然是正版的书。还有不得不说送货员的细心很到位，在这里我要感谢他。动画我也看过，是粤语或者是日语的，不过我想拥有这一套珍贵书籍。,2
14772,不喜欢这样的措辞写成书，然后耗费我的时间去认真的读！觉得这样的语言，更适合去央视“百家讲坛”吹去～～～觉得历史还是应该稍微严肃点～～～,0
14773,其实我早在网上看过了女心理师的上集了，还想再好好看一看又上当当网买了一本回来，看了真恶心，可能是盗版的原因，书的内容缺了几十页，以后我不会在当当网买书了！,0
14774,"优点大家说得都差不多了.对于支持国产品牌来说,联想真的是个不错的选择.",2
14775,没什么意义，在网上下下看就好了感觉和论语没什么关系呢,0
14776,明显是跟 别笑，我是英文单词书的  内容很一般  感觉像拼凑出来的书  买了之后再看当当上的评论  感觉很多是书托不喜欢，不喜欢这种过于明显的跟风书   如果跟的话  拜托也用点心好的呀,0
14777,白打工!!!好累不会爱了〒_〒 @道长点亮索马里小蒙牛吹起老胡君,0
14778,优点：1：200万像素摄象头，有微距可调，全屏取景。光线充足时，拍照效果一流，用最大分辨率拍摄，可直接冲洗6寸照片；2：内置Realplayer，影音播放流畅、清晰，支持格式广泛，影音资源众多，并且支持FM；3：手写输入识别率惊人，有字迹记忆功能，给人书写的畅快感，在这方面摩托罗拉的确是独步天下；4：可在不翻盖的情况下直接操作照相，影音播放，短信阅读等功能；5：系统稳定，操作便捷，通话质量上佳；6：上网速度快，浏览效果好；7：内置图象编辑器，能连接蓝牙打印机无线打印，功能强大；8：标准的MiniUSB接口，直接支持U盘模式，使用方便；,2
14779,我很愤怒，这本书我4月23号收到邮件说上海寄出，今天了5月7号了，我还没见到书的影子，居然让我写评论……希望像在当当上买书的朋友慎重了,0
14780,我不否认这是我见过低于两千块最好的手机，看后确是与购买的冲动。,2
14781,"性价比高,外观也很别致,官网也提供xp驱动,安装xp十分简单. 系统运行流畅,昨天装好了系统,今天拷几个游戏回去看看效果 15.4寸的机身能容纳更多键位,使用起来更加方便.",2
14782,太烫了太烫了太烫了太烫了太烫了太烫了太烫了太烫了太烫了太烫了太烫了太烫了,0
14783,送了根连接电视的接线，本本上却没有的接口，不知为什么！！！！！！！！ 发货时我选的圆通快递，结果是用中通快递发来的，本本从北京到郑州的路上跑了两趟才送到。让我的等的心急如焚那，收到本本还是蛮兴奋的。,0
14784,能让人身临其境的产生恐惧，才是写恐怖小说作者的最大成功，我反对那些神啊，鬼的东西，太虚，没一点真实感，有些人的作品有的情节写的很好，玄疑、 恐怖，因为它离现实很近.周德东的小说，我看过不少，不知道有些是不是别人冒作者之名写的，写的太假，玄乎的东西一次也就够了，多了就没意思了。《赶尸》是部不错的小说，值得推荐。因为只有“人”才是最令人感到恐怖的东西，鬼只是存在于人的心里.,2
14785,今天跳完远，我即刻跑到北区邮电局找明信片，好大的一堆，我一堆一堆找，找了好久就找不着，当时好怕被扔了，然后继续再继续，终于我找到了熟悉的“蒙牛”二字，结果有种冲动，心里真的很温暖，虽然字丑丑的，但是我，现在我已经感动得不知道自己在说什么，美女@霞晓周,1
14786,老兵应该是什么样子？脾气暴躁的石光荣，性格倔直的谷子地，粗鲁大胆的李云龙，荧幕上的他们确实精彩，但是老兵故事中的王三官、葛二蛋都会让你难忘，特别是葛二蛋简直绝了，不知别人看他故事时的反应如何？反正我是笑得肚子抽筋，一个农民中的“智”者，一个典型的“二流子”英雄，在那个特殊的时代，他的表现另类，但是出色，如果活在今天，他会是什么样子？我不敢想，不过也许也是一个英雄！,1
14787,一位朋友说“现在的房子装修得有点过了，不像是房子了，倒像是一个豪华的污染源 ” 我们呆屋里面的时间太长了，很多人提倡我们“走出家门，呼吸大自然的空气”说的轻巧，做起来很难。现代社会使然。我们只能长时间呆在屋里，不管是温馨的家，还是忙碌的办公室。这本书很好，直接?别让房子谋杀你的健康?，我们不能走出去，那我们能保证在屋子里呆着是安全的不就行了。正在装修房子。谢谢当当网！,2
14788,无论是任何年龄，任何职业的女性，通过这本书，都可以找到一个全新的自我。作者用幽默的笔调，自身的经历，给我们讲述她的情感历程和周游的几个国家的饮食及文化，让人在笑过之余，不禁佩服起她的一切一切所见所得。或许随着年龄的增长我们已经不再年轻美貌，但是我们可以有一颗永远年轻的心和快乐，一辈子做一个幸福的女孩！,1
14789,悲剧蒙牛 没文化真可怕,0
14790,感谢于歌先生为大家带来这么精彩的一本好书！,2
14791,我发现蒙牛新出的 奶特不错上面那句浪漫从遇见开始,2
14792,亲爱的安德烈，母子之间的对话，话题是广泛的也是开放的，让正处于和安德烈差不多年龄的我，在母亲龙应台的信件中收获了许多，也知晓了我成长中的一些难题。我想父母的人生经历总要比我们丰富，可我们之间的交流越来越少了，我们自己作父母的时候也许就能体会到其中的苦了。我也喜欢安德烈这个小伙子。龙女士说，父母和我们的缘分就是看着我们一次次的离开，我们在长大的同时，也开始习惯于父母的老去......,2
14793,"整体环境不错,很干净,但叫花园饭店还有差距,绿化园景没则么看到,室内没有迷你吧(在四星级酒店不应该),两双拖鞋不同型号,一双有红边,一双没有,不协调,住在一楼,窗前一直有饭店人员走动(特别是中午),没有私密感,不敢开窗,配套服务很不错,但人手太少,我们两个人想去去洗个头,但只有一名服务人员,我只能回房自己洗.总体较满意,CHECK IN ",1
14794,价格和设施还是成正比的。这次给客人预定，反映还是不错的。,2
14795,"我要的这本书 怎么给我发的别的书啊?我已 全部退货 ,注意补发!!谢谢!!!",0
14796,突然发现大家都手捧一本《明朝那些事》才察觉原来都出到4了，赶紧从当当上买了一本饱读。感觉一般，看到一半就进行不下去了。,0
14797,"看了杜拉拉上下集，最近在看John Ding的打拼;坦言之,对于已经有5-6年工作经验的我来说,杜拉拉更具观赏性,丁约翰则更具备可操作性.正如书中所说,民企外企现今已没有太多严格的界限,其实职业道路真正能够走好的人,到哪里都可以灵活变通,学习的能力也日趋重要,无关乎年龄和职业种类.书看到一半,感觉很是很受益的.少了那么多矫揉造作的情感戏,却多了很多的现实版酸辣五味.刚刚过半,精彩还在继续.",2
14798,"就是我买了以后不知道安装瑞星杀毒软件,没有ID号,把哪个包装盒扔了,就难道不能安装ID号了吗?激活不了ID号了?请教高手?",0
14799,"我就奇怪了,评价这么好的书,我怎么就看不出好在哪里呢?孩子好象也不怎么感兴趣.",0
14800,此本做工非常好。人见人爱，花见花开啊。 自从购买了此本后，腰也不酸了。腿也不疼了。工作也有劲了。 等着数钱呢。,2
14801,孩子生在美国长在美国， 但他们喜欢恐龙的天性是没有语言隔阂的。 这是买给哥哥五岁的生日礼物，只可惜儿童恐龙小百科一路飘洋过海在买了差不多两个月左右才到波士顿。孩子很喜欢，喜欢读喜欢看。五岁的哥哥常读给妹妹听， 尽管常常读别字错字。 我接下来又一口气把什么植物动物等小百科全买了。,1
14802,员工最重视的事情：晋升和加薪。  权和钱！哈哈哈！,0
14803,东西不错，外观设计的好，做工精美，质量可靠，京东的送货速度很快！ 京东的东西质量还是比较放心的，没有多大问题，包装也不错，发货速度赞一个，基本当天都可以发货。东西刚用上，很不错，比想象中要好。,2
14804,"我是看了很久的评论才决定买的,拿到书,很失望,我感觉里面的小鸡们的名字都太难念了,我都记不清,读不顺,更何况是3岁不到的女儿呢?画面看起来也比较乱,我读着那些名字也不顺,而且里面的故事对于2岁多的孩子来说,一点吸引力都没有.只有放到一边了.相反,我后来买的那套<淘气的小格>,女儿就非常喜欢,缠着我讲完里面的故事后,还会自己拿着翻来翻去的看.她在量身高的时候惦起脚的时候,还会说:小格就是这样的.在她看来,调皮的她就跟淘气的小格一样,小格做的淘气事儿,她很多都做过,很有共同感哦.向大家推荐!",0
14805,虽然我上了四年大学，但是还是对会计不精通，您写的这本书，使我爱上会计。对会计从入门到感到其实会计也就是这样，一点不难！所以我特别感谢您阳光，还有阳光妈妈，这都是应该的！问题还是有，又发到邮箱里了，希望能回复！提前谢谢！,1
14806,我是看了点评才入住海景嘉福的，感觉还不如怡东。服务并不好。房间内通风不好有异味。也没看到有送水果和巧克力。总体感觉跟四星差不多。,2
14807,携城预定员极力推荐这家酒店，相信她才入住了这家，结果到了酒店才发现，连一星级都不如，前台的小姐穿着自家的衣服，慢不经心地回答着问题，大堂里一个人也没有，所有的服务部门都关着门（商场、足浴等）入住好后一进房间差点没被两只蚊子同时夹功，这么冷的天哪来的蚊子呀？奇怪，酒店真有本事！床单没洗，脏得要命。实在看不下去要求换房。晚上要总台送把水果刀和汤勺，得到的回复是没有这项服务，晕倒！！更搞笑的是，原本预定时说是含早餐，结果问前台，说是没有早餐，退我们二十块钱，再次晕倒！连基本的服务都办不到，还开什么酒店！！！我对酒店没有太大的意见，对携城到是有很大的意见，我们是你们的钻石会员，怎么给我们推荐这样的酒店，给我们的客户造成了不可磨灭的坏印象，如果这样的话我们以后宁愿不选择通过贵司预定。,0
14808,一起以来，都持一个观点“时间，会打磨一切，尤其是爱情”从未想过，五六年的光景，爱情，会依然那样热烈但，直到看到这本书看到网友的评论，“不要以为时间，可以消耗爱情，爱情是经得起岁月蹉跎的，经不起的，那不叫爱”忽然间，明白了什么有了爱情，其实，再孤独，也算不上真正的孤独如果在爱中，依然孤独，那你就需要考虑一下，这，是不是真的爱了!,1
14809,还没拆货，物流给力，送货到家，一直信赖大品牌，给32个赞。,2
14810,1.屏幕亮度和字体锐度较为一般； 2.铃声音质一般； 3.内置可玩性不高； 4.不支持红外、蓝牙，扩展性一般； ,0
14811,只因李安的电影《色，戒》，才买了张爱玲的小说来读。读后的感觉是失望——那么短浅，迷惑——李导演如何能以此拍出获奖影片？一个女人要诱杀一个男人（汉奸），在最后时刻突然觉得这个男人也许是真爱她的——他在给她买钻戒，而她却是要杀了他，于情于理都说不过去，于是仓皇中放走了他。但那男人却不会放过她……色使那个男人差点送了命，色（还有戒）使那个女人真的送了命。我想小说的精髓大概就在于此。这样的主题其实并没有什么新意，但写法上还是有耐人寻味之处。我欣赏的其实只是小说的标题：色，戒,1
14812,今天刚收到未用 应该不错 先不枉下评价等用一段时间再给发表使用情况、心得体验给大家提供参考,2
14813,不错,2
14814,国庆到河南旅游，在郑州国贸住了二晚。地点在郑州西南，出行还算方便。房间较大，设备也比较齐全，就是电视机那么老土，对不起五星级的价格。还有宾馆由两座并列的大楼组成，安排的房间正对着隔壁的大楼，窗外什么也没有，实在不爽。服务生都很不错，让我们感受到河南的热情。停车场较大，很方便。,2
14815,一直都钟爱蒙牛，但是为了@刘翔，果断的买了。重点是买二杯还送一杯一样的,1
14816,试用了几天才评价，因为是自己安装的，没热水出。还以为坏了后来才知是水压不够。水温也够热。好评,2
14817, 蒙牛出大瓶的yakurt，味道还不错！,2
14818,我定的大床房，房间靠主干道加上隔音很差，吵得要命，我整晚都没睡着，如果睡眠不好的朋友要考虑一下！,0
14819,本以为三星级的宾馆还过得去，订了四个单间，总台服务员见我们是外地的，给我们的单间最小的竟然只有6个平方米，另一间霉味特重，条件显然不符合三星级单间标准，我们要求退房，不行。住6平方的是个驾驶员，不敢说，以为我给他安排的就是这么大。后来得知与总台交涉，才勉强给我们换了两个房间。我们同行的一致认为，这家酒店太差劲了。评价：服务态度差、房间差、没停车场……反正一切都糟糕透顶，第二天立马换地方。本会员评价绝无假话，建议不要选此家酒店。,0
14820,"1.手机背景不能自己更换;2.短信不能群发;3.铃声不能下载,不能自编铃声;4.短信储存量少,手机本身没有储存空间,靠手机卡本身的容量,我的神州行收发一共只能存20条。5.不能支持EMS音画短信,虽然是彩屏和弦,但不支持这个,有点可悲.",1
14821,配置一般，同等配置电脑价格要低不少。材料是塑料的，手压会变形。。。不爽,0
14822,存储太小，配存储卡跟机子不兼容反映慢,0
14823,整本书由短小的有趣小故事组成。因此不受连续性的限制，你想什么时候读都可以。尤其在办公室工作时间很长或者想思想上逃离办公环境的话可以偷偷的看一两则小故事，那种感觉真爽，同事都不知道你在笑什么。不过，整本书看下来，能让我开怀大笑的也就2、3处，不过足以~~~~在现在的生活环境中能有几时开怀大笑呀~~~最后，本人想说，此书适合比较有童心的人阅读~~~,2
14824, 蒙牛一经理篡改生产日期被抓,0
14825,整本书都是关于穴位的，至少对我而言没太大实用性，对喜欢穴位的朋友或许有用吧。,0
14826,打电话去问，服务员态度极差，问题没问题清楚，就挂我线！,0
14827,1.外壳采用银纳米涂层，具有抗菌功能，还能够阻绝电磁波。2.电池待机时间比较理想。3.屏幕面积较大，显示效果不错。4.拍照功能较强，效果也不错。,2
14828,看后甚至有再生一个完全照着书中那样养的冲动！真的非常值得推荐，本以为自己的孩子都13岁了，不适合看了，其实每个阶段都可以找到自己需要改进和补救的地方。通过作者自己在教育上的细致观察，让我们可以看到自己的今天的一些不正确的表述或做法在今后给孩子带来了什么样的结果，非常有道理，让自己少走了许多弯路。我非常喜欢这本书，又买了几本送给朋友。,2
14829,很早就在想换手机，一直在W810C 3250 和E2之间徘徊，后来还是选择了E2。比较喜欢E2的外型。我一向不用日货的，3250又太厚了，夏天不爽。关于买机器，很多朋友都在观望，在等水机上市。我一国美的朋友告诉我，国美要包销我也就不等了，急啊，真的很想早点拿到真机。最后以2190的价格拿到了黑色的E2，还送了N多东西，一堆礼品。很多朋友说在国美买的时候没有礼品，那是你没给他要，你只问有没有礼品送，她销售小姐肯定告诉你没，其实她们都自己私藏了，你给她要，她要不送，送的不多，你就不交钱。说了那么多话，来点主题，黑色E2，机身的烤漆和造型拿到手里感觉很不错，也没传言中那么爱留指纹。就是有点担心哪个大大的标准插孔会进灰。机器反映也还可以，不算慢。我拿到手的是01.29P的。论坛上有人说这个版本不老美，我也不是很懂，也没敢刷，还是等等吧，等大家都拿了，刷的人多了在说。按键硬度和摇杆的感应我觉的还可以，入手不是很生硬。就是键盘有点小了，对于手大点的人来说可能会按错键。照相机130万的，配上MOTO 的屏幕，表现力不是一般的好。之前用过好几个130万的，3230，D508， 感觉还是E2的好点。音质，这是E2最大的亮点了，我拿到手后，朋友们谁见谁说音质棒，就只用标配的耳机都很震撼，如果在专门配个耳机就没的说了。,2
14830,记得几年以前的自己还是一个傻了吧唧的高中生。在上大学的一个姐姐送了我一本藤井树的《B栋11楼》，于是知道了原来有个叫做“彧子”的姑娘。从此喜欢上了藤井树的文字。在厦门闲逛的时候看到了这本《十年的你》，于是在当当找到，买下。每晚下班以后在自己榻榻米一样的床垫上细细的翻阅。十年里，阿树成长了很多。无论是职场上的阿树，情场上的阿树，都是那么可爱。可曾记得，当年有个叫做彧子的姑娘。,2
14831,"如此高配置,声音这么小",0
14832,电脑的优点在于持续时间长久的电池，正常使用6个小时足够 电脑显示也很棒,2
14833,22日预订的7楼江景豪华套间，入住后才知江景需要打开房门通过楼梯通道到公共凉台上才能看到江景，最可恶的是卧室的床居然与公共通道仅有一面玻璃窗之隔（有窗帘），看不到江景不说，楼道人来人往走路的声音到很清晰。到前台要求换房，小姐说没有，无奈要求退房，小姐又说6楼有1间，又上6楼却是标间，又要求退房，小姐说5楼有1间，又上5楼，这回真是江景套房宽大舒适，直接入住。洗澡时发现淋浴间奇小，转身都费力，而且水居然忽冷忽热，无奈忍一宿，早上结帐走人。 这是什么破酒店，还四星，连2星都不如。,0
14834,只能说不是我想要的内容，应该是不适合我吧，不是很喜欢，只看了几页，就放到一边了,0
14835,喜欢的话买其中的一本看就好了浪费时间,0
14836,TD-8的外壳好容易掉漆哦，才用4个月，边边角角都有不同程度的掉漆现象了，本来买的时候就是很看中它的外型的，现在都掉漆了，不太敢用了。屏幕也不怎么样，好好的用着用着就花屏了，我没怎么着啊，通电话也不清楚，杂音很厉害，待机太短，用不到2天就要充电，电话本查询功能太次，用着很不方便,0
14837,发热量大。。。不过对得起这个价了。另外，系统极难装。。。建议不懂的人谨慎，真的很麻烦,0
14838,既然叫朗读手册，应该是一本可以朗读给孩子听的书吧！翻开才知道原来全书都是在围绕“大声为孩子读书吧”这8个字写得废话，只有最后几页读给孩子听的推荐书目列表还算有点用处。总结：这是一本毫无价值的标题党垃圾书,0
14839,"6月16号就从网上订了房间,晚上到酒店时前台说房间了,也没找到我的订单.后来打电话给携程说已经酒店已经将订单回传过.酒店前台一直让我等待了五十分钟才给了房间.到房间后居然还有别人剩下的垃圾没有清理.而且环境还不好,外面就是马路,吵死了,反正这次弄得相当不愉快,相当差劲点?",0
14840,书送来的时候刚好是六一儿童节那天的中午，儿子见到书之后迅速被漂亮精致的彩页和内容吸引了，第一次宁愿放弃睡觉也要让我陪他做题。当初是看了众多好评才确定买的，真的没想到这套书会有这么大的魅力和魔力，呵呵，看到儿子喜欢，真是让人兴奋和激动。谢谢当当网发货送货及时，带给了我们这么好的节日礼物。孩子能在感兴趣的状态下学习，功效自然是事半功倍的。,2
14841,多年前，拜读过斯宾赛。约翰逊博士《珍贵的礼物》。正是这本书把我引领进了他的故事世界。从此逢他作品我必收藏之。他从不生硬地去讲大道理，而是通过生动的故事让读者融为书中的主角。《为什么幸运的人总幸运》这本书在年轻人与各个成功人士的对话中渗透着深刻的道理，有时候有些过于理论化，但是每个重要的有启迪性的心得都被年轻人额外的标注出来，在本书的排版中也被单独标注。是很值得推广的好书。,1
14842,民族企业龙头这几年一个个收拾，要么收购，不从的就搞臭，从蒙牛到双汇，三全，张裕。 抹黑张裕是个赤果果的阴谋啊???不过无脑媒体多了对企业危机公关能力也是个促进 感叹缺乏科学精神的文人！,0
14843,蒙牛，你让我怎能接受你？太可怕了 《蒙牛3千箱临过期牛奶生产日期遭篡改》 (来自 http:t.cn/zWRpZYf,0
14844,说起来，波特死而复活的那段很象圣斗士们，一被打倒，就迷迷糊糊地想起了女神，或是什么美好的回忆，然后一句“燃烧吧，小宇宙”，就神勇无比地跳起来打败BOSS级老怪了。^-^,2
14845,还没安装，卖家很负责，服务态度好，本来快递说不送上楼的，卖家客服帮助沟通以后快递送到门，谢谢卖家，全五分。。,2
14846,比较老的酒店，服务比较好，早餐品种不多。但是去海边很方便。,1
14847,在网上当的驱动程序，不过明显不如红旗的炫！不过自己不玩什么大游戏，只是看看片，上上网，足够用了！物有所值吧。不会装程序的同志们可以上网搜一下就能找到怎么安装了。不算麻烦。,2
14848,当当网这次送货的速度可以说神速，昨天晚上下的订单第二天上午就收到了！先赞一下！小熊宝宝绘本是我看了好多绘本后认定的，真的很不错，浅显易懂，特别适合年龄小的宝宝开始早期的亲子阅读，里面每一个小动物都是那么的可爱，表情丰富，特别生动形象~~~内容大部分是重复的，使宝宝能够加深记忆，值得推荐~~唯一的缺点就是第四本《睡觉》里好多画都有重影，不知是啥原因，让我觉得有点美中不足！,2
14849,安亭路是很小的一条马路，酒店也算是闹中取静了，花园洋房非常有特色。,2
14850,"是看了网上评分好才预订的,结果去了后大失所望.晚上去check-in的,但宾馆却没有开灯,我们绕着正义路跑了三圈都没找到,只好打电话让他们出来人才领到地方.刷卡不能预付,害得我们每天都要去刷一下当天房费并续房卡.房间很破,墙纸拿胶带粘着,插座十个都有八个不能用.多的枕头被子找个柜子就塞,估计都很脏,用了都有心理障碍.衣柜想挂衣服都很难打开.门锁开了关门困难,每次都要很大声的关门.宽带根本就是摆设,找人维修竟说IT人休息,昏倒~~房内卫生做得极其马虎,我们俩个房间一个几天都是药味,开窗也散不去;一个有烟味,却根本不能开窗.床头底下竟然还有个鸡蛋,抽屉里还有上一个客人的遗留物品.最最夸张的是那个卫生间,竟然淋浴没有隔层,洗个澡整个卫生间全是水.每天洗完澡不得不在地上铺块大浴巾,以便能进去.那个早餐我根本也不想说了,7-9点的供应时间,东西简直是垃圾.后来我连早餐券都不要他们的了.前台的接待员算有礼貌,但check out奇慢.后来才了解到一定要屋内人走了查完房才给我们结.只想说那屋里的东西送我都不会要,还怕人拿,太夸张了......以后是万万也不会再去那里住了,太失望了!!!!!!",1
14851,登狮头山时，突然下起大雨。雨中的阶梯无处躲藏，只好任雨淋湿。这时清楚地听到雨声了，仿佛是拼命在鼓掌。我们总是在舞台下鼓掌，却总是忘记为自己鼓掌。在没有舞台的地方，大地也为自己鼓掌。我们应学习，爬险阶时，常为自己鼓掌。在暗处，给自己一些掌声，在明处，也要为自己鼓掌。非常喜欢，与成与失败，都应该有如此的态度。为有自爱，才能更好的爱人。,2
14852,1、软键盘不是一般的难适应，要发短信实在是太累了。2、电话薄排序怎么和NOKIA3310一样，看不懂按什么顺序排的。3、我的真机没有图片效果好看，尤其键盘透明的略显破旧。4、通话时间45秒一提示，但提示音太小，要仔细听，效果不理想。5、屏幕上不显示星期几，只显示日月，要查星期几很麻烦。,1
14853,正愁不知道如何同孩子沟通学习问题时，朋友推荐了这本书！当我细细的品味内容时，突然发现很多反而的例子都是我小时候经历过的，很庆幸地是，我目前还没有被那些反例引着走，也可以说我孩子是幸运的！一句话，有很多种说法，但每种说法、语气所表现出来的意思和味道都不一样了，本书中正例和反例相比较，让你学会“说话”我已阅读二遍了，第二遍主要任务在于把书给读薄了，便与第三次的阅读！,1
14854,这款手机是直板机中的一个突破，设计注重人性化，操作简单易于上手。商务功能强大，可以称得上是性价比最高的彩屏手机。其主要优势有以下几个方面：1.机身质感较强，既美观手感也很好； 2.屏幕大，显示效果不错； 3.键盘手感舒适； 4.支持JAVA功能； 5.有录音功能；是一款值得推荐的经典产品 ,2
14855,"酒店位置比较好,设施比较新,房间比较宽敞，服务尚可。",2
14856,當當網作為全國知名網店，怎么能銷售如此質量的書呢？書的封面已經撕開了，而且聯繫退貨遲遲不給辦理，真是讓我失望，大家從我的這次買書中吸取教訓，得重新審視當當了！！,0
14857,前台服务态度很差 我是6月28好上午11点左右到酒点大堂的 到了以后一男一女两位前台接待根本就不跟你打招呼问好 其实也就一人在开房一人在退房 把我量那儿大概有6，7分钟 等他们忙好了直接从我手上接过身份证和信用卡 其间一句话也没说 那时候我已经有点火了 我主动说我是携程订的 男接待找了半天才找到单子 我原先预定的大床房 因为看到前面朋友的点评特意没要15号的房间 我在订的时候还特地注明了 男接待看也不看也不跟我说明原因直接开了15号的房间 等我问他怎么是15号房间的 他说已经满了 我又问到我已经订好了为什么没帮我留既然没有我还要订房间干嘛 他哑口了 然后又查了下说有大床 说要打扫房间 等了10多分钟说有416 然后又换了1216 反正这次入住极其不爽 好在房间还算干净 但是设施陈旧 都掉漆了 以后再也不会住这家了,1
14858,显然说谎，他心中最差的应该是蒙牛集团所在的城市。 赞朱威廉这个纯北京爷们！ 不喜欢我们北京就别来我们北京，谁求着你来啦，你可以骂我，但不许你批评我心目中最神圣的北京。 你个上海小赤佬。 不送！,1
14859,这本书真是象介绍所说的那样开本小，内容可不少。实例多，效果不打折。操作细，做事不含糊。知识全，覆盖多领域。便携带，随时学用查。价格低，为读者服务。是最适合初学者看的一本有价值、性价比高的好书，不仅大人能看懂，也适合孩子和家人看。其实，这本书真正做到了易学、易懂、易用的地步，编者的设计让百姓佩服！他著作的书就好比老师手把手教一样实用，值得推荐！！！！,2
14860,文字再好，也不能抹掉为人的无耻！胡兰成试图用美丽的爱情来掩饰他的无耻，可是，就算喷上香水，狗屎也不会变成鲜花的。他滥情，打一枪换一个地方，负了众多女人，却认为自己给了这些女人幸福，无耻！他寡情，结发妻子病重将亡，他却因为怕天气路难而不肯赶回见最后一面，他吧别人对他的鄙视当作别人对他的惧怕和退让，他把别人的疏离当成是别人该刊他不敢靠近，可笑！不过也幸亏他这样自以为是，不知所谓，否则，他怎有脸面做了汉奸还那么洋洋自得呢？,0
14861,"常坏,我怀疑是水货机子,动不动就死机,真拿它没办法.",0
14862,"今年11岁了,去年在弟弟家看了第一辑,非常喜欢,这次一起定了两辑来收藏.不一样的卡梅拉给我们不一样的幻想.里面的那些故事让我好象置身于卡梅啦中间,回味无穷,还有那些配的图片,更是勾起了童年回忆,让我爱不释手.之前买了很多这一类的童书,有很多没有多大意义,?不一样的卡梅拉?在每个故事里都包含着属于自己的意义,包含着自己的不一样梦想. 值得推荐!",2
14863,待机最高可达7-9天，多媒体功能十分强大，支持各种视频和音频的录制和播放，音频文件方面支持多种文件类型。,2
14864,又单独加了条2G的kingmax内存（非thinkpad专用），性能稳定，使用了快一个月，没什么问题,2
14865,"不管你是企业领导者,还是行业分析家,还是战略制定者,波特的竞争三部曲都可以说是必读之经典,可以让人对于分析行业结构,有着全新的方法,从来可以制定适合自己的战略,如果你打算自己做生意或正在做生意,这本书会让你的思路大开,对于你从事的行业,会有全新认识,你会发现有新的角度来认识自己!管理,营销,分析企业,战略制定,招商择业,必读竞争战略的基础是,?五力模型?分析,所有的战略都是围绕五力模型展开!",2
14866,?，只能用USB接口的鼠标啊。装系统貌似也不太麻烦，叫朋友帮忙装的。,0
14867,"有好多评论说这本书的好处,但我给儿子看的时候,三岁的他,反应出乎我意料.从一开始,他就不想碰.晚上睡觉的时候,还指定我要拿开,他说,妈妈,那个小孩我不喜欢,你看他牙齿,好象会咬人!---我真想不到结果会是这样!",1
14868,20年前，在大学里读过英文原版，就被深深地打动。毕业后一直想买一本收藏，可一直没找到。前几天在网上搜索到这本书的中文版电子书，DOWN下来又读了一遍。再一次决定，要买一本收藏。没想到真在当当网上找到了。显然，这本书是不大受人关注的，书皮的一半泛着黄，看样子被半压在其他书下很久了，落了很多土。书页黄黄的，不光滑，也没有亮光，不过我很喜欢这种感觉，很有书而非画报的感觉。,2
14869,外观不好看，（男朋友一点不了解我）：像个大肚子；红色红得也没有时尚感。铃声还行，能选的也比较多，音色也马马虎虎，可是，下载太贵了，好象只能用WAP才能下载。游戏也乏味。功能也少，没拍昭没MP3，干巴巴的就能打个电话发个短信看个时间的。,0
14870,"酒店的大堂环境比以前有所提高,可能是因为鲜花摆放的原因.房间的设施干净,清爽,很舒适.",2
14871,外观不错，硬盘是320G的，带Vista家庭普通版，跟京东描述的不一样，物超所值。,2
14872,1岁半的女儿非常喜欢小熊的形象，所以在买了噼里啪啦后又买了这套书，两套是同一个作者，但风格却截然不同，这套书我认为很适合小宝宝看，白背景，可爱的动物形象，讲述的小故事都是孩子熟悉的，很容易看懂。我每晚都是让宝宝自己选她喜欢的书，然后在床上给她讲，她非常喜欢听。准备作为孩子这个阶段的纪念，把这套书收藏起来，留着给她的宝宝看。,1
14873,外观小巧别致，很适合女士。,2
14874,看网评以为是不错的一本书，感觉一定要看，否则怕20几岁时错过后悔。可是看了感觉没什么内容，有点上当的感觉，不喜欢，内容挺肤浅的，写的很现实，却有些乏味。,0
14875,首先是名著，其次是名家，再加上名出版社，让你不动心都不行。我个人比较喜欢金圣叹这个版本的水浒，因为文字洗练，啰嗦的东西不多，尽管鲁迅先生对金大才子腰斩水浒很不满意。但我觉得这是个认真读书的人，至少有自己的一家之言，套用鲁老先生的一句话，有比较才有鉴别吧，建议喜欢水浒的朋友在读完120回本地水浒后，最好再读读这个金本70回。,1
14876,很浅的一本书~当是漫画书翻翻吧~还是喜欢几米的书~,0
14877,热水器很漂亮，而且比实体店实惠多了。配的配件齐全，安装后使用了一下，加热很快。超赞！ ,2
14878,第一台到手硬盘和屏幕就是坏的，质量不稳定，不知是华硕的问题还是物流的问题？！,0
14879,刚开始读《彼得林奇的成功投资》，被彼得的生活方式剧烈震撼。带着“这是一家上市公司吗？”的眼光观察世界，在日常接触的各种各样物品中分析公司的基本面，看到生意兴隆的商品时多一步是否能投资企业的思考，这真是一种奇妙的生活！不由得又想到清琦在《富爸爸》里提出的不断发掘工作之外的赚钱机会的想法。带着投资的眼光看世界，这该是多么奇妙~~,2
14880,最繁华的地段中价位适中的酒店，房间较大，骚扰电话不少。,2
14881,我给3颗心的评分并不是因为当当服务或者书质不好，而是书的内容实在让人给不了高分。这种书不合适买来细读，只能当杂志一样翻翻就好。而且作者本身也不高段——不论是文字叙述还是体验感悟。不说其他的，就说以作者这样的年龄，我想实在应该是不好意思写这类文章的，我并不是歧视这个年龄或者什么，而是认为人活一辈子很多时候都不应该太早下定论，说不定到你40岁的时候又会认为30岁时候所想的是错的呢~很奇怪为什么会登上什么“排行版”。而且暂不提观念的是非，作者自己书中本身很多观念都是自相矛盾的，很多内容都是对某件事的体悟而已。动不动就提“我身边的人”，局限性之非常已不堪言了。实在不应该出这样的书来误人子弟，读者也不必买这样的书来浪费时间。不过别人给写的那篇序到是值得人琢磨琢磨，其中之言外之意、弦外之音可得人会心一笑~~~~~~,0
14882,去的时候已经很晚了，在大厅叫了好几声才有一个服务员从前台后面爬起来，帮忙办理了入住手续。进到房间后发现房间的设施非常简陋，霉味也非常大。第二天早上起来才仔细看了一下房间，比起如家等快捷酒店差远了，说是三星的酒店，但距离三星不是差一点点。。。根本对不起220 的价格，最多也就值100多一点点。,1
14883,我付款已第三天，至今未收到货！由于点错了，才进到这个介面的。无奈中！！！,0
14884,买到了二零零四年的《温故》。也算是温故《温故》了。先看了几篇，越看越觉得有味道。看沈继光先生的《倾听先人手泽中的历史回声》，提供，启发我们关注生命的另一个视角，告诉我们，世界是用心灵深处的回声来感悟、对话。乱世逸民------康同壁母女，沈从文的1949，1933年上海文坛的“书目”风波，给我们提供了生命洪流中的那些着眼点、让我们去触摸一种状态。阅读越有味道。,2
14885,"于丹所说的很多内容都在误导大众,看看网上的很多评论就知道了,个人觉得不值得去看!!",0
14886,不纠结抄袭干嘛提倡反抄袭？外行人求解释！ 何必纠结三聚氰胺呢，促进销售就行，蒙牛也是这样认为的 何必总是纠结抄袭，设计的目的就是促进销售！销量上来了，剩下的都是浮云 牛 求扩散！,0
14887,蒙牛经理涉嫌篡改生产日期被批捕 http:t.cn/zlvaup9 （分享自 @头条新闻）,0
14888,1. 配置比较均衡，分量比较足 2. 基本满足家庭上网需要 3. 京东自提点距离我家特别近，只有200m  呵呵,2
14889,"快递的速度真的很快,本本也很漂亮，比照片漂亮多了！！很喜欢，家人也很满意！看来联想的东西还确实有实力.",2
14890,看过了，不怎么样，绝没有吹嘘的那样。建议还是捂紧钱包。,0
14891,坚决不买蒙牛！,0
14892,这家酒店虽然设施比较老，价格比较贵（很小的经济标准间还330），但是早餐很不错，服务更是不错…………服务生很有眼力见，主动过来帮忙拿东西，临走我想把车里的垃圾找垃圾箱扔了，正找呢，服务生又主动过来问情况，然后帮我把垃圾拿走扔掉了…………过了一个小时，酒店打来电话问是不是衣服落他们那儿了，可是我们上了高速回不去了，于是留了地址请他们寄回来，结果第二天一早衣服就到了，所以感觉服务很好，还特意打电话回去感谢他们…………这服务啊，跟那个啥交通大厦对比一下啊，那个天上地下啊（停车没人管，然后前台非说没收到携程的订单还不跟携程联系非让我自己联系，手机给她后她倒聊上了，于是我生气出门走人，结果就十分钟的停车保安竟然敢管我收5块的停车费！）这个价格高一点房间小一点我也认了…………强烈建议携程把交通大厦从合作对象中剔除，实在有损携程形象……我想点评交通大厦来着，因为很气愤就没有住，所以不让我点评，不过我给携程写了意见了……也建议大家不要订交通大厦，即使携程推荐…………,1
14893,这次加了不知名药粉=￣ω￣=再也不用蒙牛红枣奶做了，因为真的很难喝啊……,0
14894,其实最开始是在天涯上看到的帖子，马上被文章吸引住了，尤其是看到作者和一帮医术高超的朋友云游四方，免费给人医病，实在是让人敬佩，所以还没看完帖子，我就下订单买了这本书。但是没想到，书买回来了，却被老妈抢着去看了，她已经被深深地吸引住了。^_^,1
14895,没啥意思，给小学生看还行。故事和语言都不好，和小时候用的英文学习卡差不多，但是没有英文学习卡漂亮。,1
14896,"没过几天我还是选择住这个宾馆,怎么办呢,忘不了这里的早餐好滋味呀,个方便都挺好的~",2
14897,可以说这真的是很久以前的一本书了，记得曾经无意中下载了电子版本的，看完后怎么说呢感觉很悲，也是第一次在看过一本小说后如此的为之心碎，简单的人物，简单的故事情节，只是却完全无法接受夏飘雪的离去。或许因为这不只仅仅是一本简单的言情小说吧，洛心在飘雪那里学会了长大，可我想说难道长大真的如此疼痛，，那么我们可不可以选择不要长大很好的书，虽然印刷不怎么样，但会令你看一次感动一次,1
14898,早闻沈从文大名，高中课本也学过，不过当真正看到这本书的时候，才让自己心灵为之一振，翠翠的善良，爷爷的淳朴，小镇的静谧，无不给人以美的享受，加上作者不温不火，娓娓道来的文笔，让人读起来真有一种冲动，想卸下自己的包袱，走出去，去拥抱大自然。现在，在深夜脱衣而眠的时候，我也开始做着一个湘西梦！梦里有美丽的姑娘，还有数不清的东西来洗涤心灵！,2
14899,帮别人买的。拿到书后我粗略看了一下，觉得还挺好。真的是由浅入深——第一部分是很基础的对话练习，接着设计了完形填空和阅读理解的练习，最后一部分是阅读常见谚语、成语。内容比较简单，适合基础不好但又想提高阅读能力的学生，或初级自学者。如果能认真利用这本书，是对提高阅读能力有帮助的。建议：要是还出有提高版就好了，让学生学完这本后，继续提升能力。,1
14900,和同事出差北京，事先通过查询后，选择了中船宾馆，于是在携程网上订了中船宾馆5月17日-20日的两间房。当日飞机晚点了3个小时，因担心未能按预定时间入住宾馆，因此到北京后打电话给宾馆总台，请求保留房间。总台服务员热情的回复说会保留，于是心安了些。中船宾馆在月坛北街靠近三里河东路约100米向北的月坛北小街50米处，位置蛮幽静的，半夜在客房里不受外面道路人车声音的影响，适合休息。我入住的是大床间，房内总面积约4.5米3米＝13.5平方米左右，其中：卫生间约1.5米2米＝3平方米（约一张床大），睡房约2.8米3米＝8.4平方米。睡房内地板有点象木地板，有一张1.5米宽的大床、一个木衣柜、一张床头小柜，1圆桌2座椅、一张长木桌（含方凳），长木桌上配备有彩电、台灯，圆桌上配备有电烧水壶和4个杯子、茉莉花茶。房内装有可自己调节的空调。最满意的，一是房间内基本没有许多宾馆常闻到的霉味，气味是好的；二是枕头、被子、床单凳床上用品很整洁、干净，明显应该是新添置的用品。卫生间也较干净，全天有热水供应，就是隔音效果略微差点，隔壁房间客人开关卫生间的水龙头，有明显的水响声传过来。每天服务员及时清理房间，举止规范、文明。总体评价，房间作为个人休息是比较满意的。宾馆一楼总台旁边设有餐厅，每天早餐为自助餐，收费10元（可打入房费里），一般有油条、炸面饼、包子、馒头、花卷、煮鸡蛋、茶叶蛋、煎荷包蛋、粟米粥、绿豆粥、豆浆、牛奶、凉拌菜、咸菜、腐乳等菜色供应，还是蛮丰富的，比较抵值。从宾馆出门，可以很方便地打到出租车。宾馆东边不远处是著名的金融街，西边不远处是钓鱼台国宾馆，打的从月坛北街向东去西单约12元车费，我有天晚上从西单徒步走回宾馆，花了约1小时，大家若没事可以去四处转转瞧瞧，方便。宾馆周围有些小吃点、排挡等饮食摊店，吃东西十分方便，出宾馆后往北走200多米有个24小时营业的便利店，可以随时买到很多适合消费的生活用品。,2
14901,这本书的目的就是如何让你调到金龟婿。韩国人真恶心,0
14902,"这个酒店的房间有点旧啦,估计开了有好几年了,房门要两个人里外合力才能打开.周围环境不怎么样,建议以后还是住海边那片的房比较好.服务态度还行,餐点就实在不怎么样了.以后不为了省钱还是别住那儿了",2
14903,装的VISTA太慢了，当天全部格式化，重新分区，装XP，费了好大劲。,0
14904,酒店服务非常差，设备一般，加床是硬板床且收费很高，服务员态度很差，就像没有经过培训，业务也不熟练，根本不像三星级的酒店。,0
14905,我看这本书觉得情节不错，很好的写出了祈然对冰依的爱，尤其是冰依死去的那一刻，我觉得有点感伤。最好的地方就是让冰朔回去见到他们并且相认，让冰依不再有遗憾~~个人认为番外篇更是绝啊~~最爱看冰依跟卫在一起（虽然好像有点对不起祈然），看到他们都有自己的幸福是很好的~~不过作者怎么就不让步杀也幸福呢~虽然现在看来也不错，但是还是想看看步的爱情使~~*_*,1
14906,近日连续读了几遍[[中国不高兴]]一书，无论是宋晓军，王小东，还是黄纪苏，宋强，刘仰，他们的文章或直指时弊，或笑骂嘲讽，无一不是说出了有一点爱国心的被所谓的“精英”们鄙夷的的愤青的心声，真有一种痛快淋漓的爽的感觉，希望高层能切实地听听青年的呼声，不要再被那些误国误民的所谓的“精英”所左右，为了中国的利益，挺直腰杆，大声地说出自己想说的话，勇敢地做自己想做的事。,2
14907,"时尚的外观,功能也还可以",2
14908,festival fucking很强大啊。蒙牛的slogan用这个就好。,2
14909,同样的价格相差一个月，房间小了一倍！忽悠，接着忽悠！,0
14910,不喜欢这个系统的人怎么办呢？而且能在送一些小赠品就更平衡了：）,0
14911,房间还可以，楼下有食街，服务态度很好！不过网络不太好，总是断线；早餐一般般。,2
14912,散热不好 京东的包装实在太差了，一个大盒子，里面放了几块泡沫，而且还没有塞严实，这样很危险的，系统京东不要吝啬那几块泡沫。,0
14913,白色钢琴烤漆很漂亮，声音效果很棒，对于用来上上网，做些文字办公，看看电影，只要不超级大片的完全够用了，关键是便捷性很好。电池在连续办公时用了5个半小时。,2
14914,不是很专业的，就是作者个人的一些体验，并不适用于所有人。,0
14915,只要能提供健康的奶，我们依旧会支持新蒙牛,2
14916,香港的酒店在面積方面就不需要強求什麼了﹗這家酒店設施已經比較陳舊了，不過交通比較方便的﹗服務方面尚可﹗,2
14917,外观很硬朗，有种粗线条的感觉！很有男人味，好象一个玩具。,2
14918,自己去松江配送点拿的货，一打看就看到显示屏下方的有一处黑漆掉色严重．是帮朋友买的，郁闷中．,2
14919,刚看了个开头，文字精致，但有点涩,1
14920,内存较为少了一点，电池的位置比较导致掌托左边容易发热，散热在后面，但是USB鼠标使用起来的话，必须经过散热位，会导致USB线容易发热啊！ 还有就是显示器的缝合比较大间隙，所以磨具需要改进一下。,1
14921,酒店位置很好，就在市中心广场边上，出行非常方便，房间条件也不错，下次应该还会入住。,2
14922,翻改时候有黑色闪屏,0
14923,"酒店位置比较偏，交通不方便，出租车还有拒载的情况，另外该酒店会告知携程客人提前退房这样与事实不符的情况，很让人不舒服，希望酒店可以改正。宾馆反馈 2008年4月29日 ： 所有客人不管是通过什么渠道预订,只要入住本酒店,均可以在下午1点前退房,比一般酒店退房时间晚一个小时!",0
14924,去年孩子刚上学，当时小学里安排了教育专家给家长上课，讲怎么培训好孩子。其中老师提到一条，注意培养孩子的观察能力，也提出一些相关的小游戏。之后，发现这类大搜寻的书对培养孩子的观察能力非常有利，而且书内的图文精美，孩子也非常喜欢。这套书每本书都有一个主题，在培养孩子观察力的同时还能增长相关的见闻和知识。大力推荐一下！,2
14925,251页到267页内容缺失，换成了239页-246页再来一遍。太不爽了。图书内容随便看看还可以，史书这样写看起来不错。一句话：可以看但不值得收藏的书，指的可能就是这样的书。,1
14926,没有蓝牙、摄像头，连麦克风都省了 装XP有点小麻烦，MSDN原版没有SATA驱动无法安装，装雨林木风GHOST纯净版OK。 自带无线网卡驱动不能用，需到官网下载。,0
14927,首先应该讲携程的服务是非常到位的，为本人提供了不少方便。其次讲讲扬子岛酒店好的地方：1、位置真是好的没话讲，距解放碑步行只要两分钟不到，周边吃的、买的、看的都很多。2、服务员很热情，尤其是门童，这也是很多人肯定的。3、设施较全，大厅的马桶旁边都有垫纸（这一点应该是其他的很多做的不好的地方），当然与它的大厅在七楼应该也有很大关系。4、房价根据时间做调整，周一比周六便宜。重点讲讲不足：1、预订信息不准确。本来预订时说没有大床房，所以定了两个标间，但入住时又给了一个大床房，之前没有通知；2、大床房没有标准间大，而且相差很大；3、房间在刚进时有异味，虽然不太明显；4、烧开水的壶大多上盖损坏；5、卫生间没有吹风机，是另配的，我住的那间卫生间的插座有问题，吹风机只能在外面用，可是外面又没有镜子；6、下午五点多服务员就上门进行夜床服务，时间实在是太早了；7、保险箱有问题，按说明是无论如何用不了的，我和服务员按说明摆弄了半天都不能用，都已经报修时，突然又好了。8、水龙头只有一个，没有专用的饮水龙头。9、消防通道又偏又不干净。至于有的朋友所说电梯慢的问题，我个人感觉如果不坐观光电梯的话，速度还是可以的。而观景房实际上大多看不到什么景则是位置所限，周围都是高楼，没办法。,1
14928,我觉得这本书不适合在上大学或高中的朋友们，向我在读大学我觉得对我没有帮助，只适合入门级的读者,0
14929,是包装得蛮漂亮的一本书，但是内容让人有点失望，我是冲着＂庄子＂来买这本书，原先看原箸，有些地方看不太明白，没能真正悟出其中的道理，原以为看于丹的心得会有所启发，结果发现她的心得比我所悟到的东西还要敷浅，失望啊～～虽然我本人也说不出什么深刻的道理来，但是这本书对于我想更深入的了解＜庄子＞是一点帮助都没有～～,1
14930,我全说客观的，大家自己参考。1、酒店电话不能打外线，携程为什么不说明？2、拖鞋不是一次性的3、买点小东西不能计入房费，要单独结帐。4、我住的房间插座竟然掉在外面，是不是太不安全了。5、最关键服务态度就是招待所的态度。6、觉得不满意不能退房。补充点评 2008年1月22日 ： 7、早餐七点半供应，有点晚吧宾馆反馈 2008年8月16日 ： 感谢您的评价，我们己经将意义和建议反映给上级领导了，并且改进了服务，希望您下次入住时会真正体会到我们的进步。,0
14931,"酒店服务很不错。有几次因标准房间售完，酒店就升级到豪华间宾馆反馈 2008年7月3日 ： 感谢您经常入住国宾大酒店,并且对酒店的服务予以认可.我们热切期待您的再次光临!",2
14932,只在酒店休息了几个小时，没有来得及吃早餐，也没有看到所谓的10元抵餐券。房间内的设施还是挺丰富的，比较新的酒店，标间的床太小了，对于大块头的客人来说有点紧张。前台的服务意识还是不错，下次要好好享受一下酒店的服务。宾馆反馈 2008年8月4日 ： 感谢您的点评，酒店会重视您的建议，不断完善产品，期待您再次光临，入住体验，并给予我们更多建议。谢谢！,2
14933,我是临晨到中山水田店，他服务还算热情，但是前台非常不专业问什么都不知道。而且除了2百多的只有标准间，要单人房的只有6 百多的，十分不合理。作为一个四星酒店，连吹风机都没有，打电话问询后答复就是没有的，吹风机是从其他地方借的。当我说要投诉她时没过五分钟就送过来了。服务是能推就推，十分差！,1
14934,这本书所覆盖的语法点都很全面，初中级学习者完全够用。我在刚学法语时我的老师向我推荐的。看了小一年了，感觉很不错，基本上所有语法点都能找到。而且里边的分类清晰详尽，从一般到特殊都列举出来了，对学习法语很有帮助。但书里面有的地方讲的太细了，有的地方有点太复杂，容易打击学习积极性~我的法语老师说上面的很多知识点连法语专业都不会讲。想系统学习法语同志来说还是备上一本好,1
14935,没有麦克风，要是芯片组是GM的就好了。京东的客服把我的留言删了有点可惜。,0
14936,还对得起这个价钱，即使跟神舟比。自己花169升级成了3Ｇ内存，加上Ｔ４２００，再加上VISTA，现在比较完美。,2
14937,个人觉得此书一般，从中没有得到什么有益的启迪！是翻译的问题，还是我理解的问题呢？有时候觉得不知道作者到底要给父母什么样的建议。,0
14938,轻巧，手感不错，按键弹性很强，滚珠阻尼略有点大，可防止误操作~ 赠品，能送正版的IBM鼠标真不错了！,2
14939,"下飞机时长沙竟然35度.结果这个酒店,空调都没有,只有一个所谓的通风口,窗户又全订死了,只能伸个头出去透气,差点热死人了.而且酒店里什么东西都要钱,手能碰到的东西几乎都贴着价格,太恐怖了,以后免费请我住都不住了.",0
14940,USB接口太少，只有两个，而且都在机身右下角位置，外接一个USB鼠标就会觉得很碍事――当然换成蓝牙鼠标就好了。,0
14941,漂亮、质量不错，发热量好像还过的去，因为它有个强大的显卡，并且显示效果一级棒，完美屏。第一次在京东买东西，很满意。,2
14942,一本最近几年来少有能让我拿到手就一口气读完的好书。赵老师一生的思想历程，读之惊心动魄。很喜欢赵老师提出的“天文地文人文神文”的大尺度框架，拥有这样开阔的认知领域，拥有属于自己的科学，艺术和哲学的宗教，的确能让人生充实而幸福。天地者，万物之逆旅，光阴者，百代之过客，浮生若梦，为欢几何，相信这本书值得每一位追求丰富内心世界的读者阅读。,2
14943,确实不错！地点较佳，海景房正对栈桥和小青岛，不出房门，不用挤在旅游人群中，就能欣赏怡人海景；早餐较丰富且环境好，相对其价格，性价比高；一楼咖啡吧的简餐价格不高，味道较好，份量足（特别是三明治、热狗），是住客和非住店游客解决简单一餐或作为点心的好选择；宾馆楼道里的点心较受欢迎，品种多，质量高，而且添加及时，深受孩子喜爱；就是床略小（指带一个孩子睡的话）。总之，总体感觉好，推荐入住。,2
14944,键盘左上角稍微按下就严重下陷，唉，做工不敢恭维，跟我以前用的小黑键盘效果用天壤之别，难怪网上大家都不承认SL系列属于tinkpad,0
14945,内存太小了点，A面的钢琴烤漆太容易弄脏了，最不可取的是没有装系统，很麻烦！,0
14946,蒙牛的牛据说很聪明，自己会排队洗澡，挤奶,2
14947,不支持JAVA，现在这个功能很流行，许多游戏和图片都是可以免费下载的，但无法在U88的身上实现了。短信输入时，联想到的词组不是很多，有些不方便！摄像头位置设计得不合理，拍照时，实指很容易挡住摄像头。,1
14948,"书都没收到就要我发表什么评论,不知道当当是怎么做事的,缺货也不通知,就知道收钱~~",0
14949,柜台里经常坐着4个人，不管是入住还是退房，会几个人倒手办手续。十分不解！效率低不说，他们居然会把你的信用卡扔在一边，去干别的事情。无论你表现出愤怒、急切或是无奈，服务生全然无动于衷。前边有点评说，卫生间小。其实非但小，且设计不合理，洗澡水会流到整个卫生间。图片与房间实际情况严重不符。公寓居然只有一个开水壶。很不方便。,1
14950,从第一次阅读这本书的那一刻开始就越来越发现里面的细节竟然跟我和你之间有太多太多的雷同之处，这。。。。。。。。算是巧合吗？所以不管自己将这本书还有这个电影看了千遍依然会泪流不止，一次比一次哭的更加伤心痛心，可是却不知道为什么会哭泣，不是因为里面的情节，并不是！因为电影并不感人，甚至。。。。甚至可以说是有点枯燥。。。。可是自己还是不自觉的流下了眼泪。。。为你，也为自己。。。,2
14951,非常差劲买回了放在电脑上放感觉很卡不爽,0
14952,"强烈建议CTRIP取消这个酒店的预定.本人5月2X日入住,当天晚上还没8点,就不断的有女人敲门,相信大家知道""她""是做什么的.这些也就算了,为?",0
14953,这本书的内容太简单了，适合1岁-2岁宝宝读。,0
14954,离火车站、地铁站很近，去火车站北出口有近道，熟悉了还是很方便。房间装修很不错，房间有点小，出差住也够用了，服务非常好，早餐有点简单。就是离学校比较近，周一至周五早上七点多，孩子们出操，鼓乐齐鸣有点吵，不睡懒觉的倒也没关系。,2
14955,不论书的内容还是内容的排版，书的封面设计和书的纸质等各个方面都非常喜欢。快递送货的速度也很快，每次都能享受快递员的“微笑服务”，书送到的时候，我迫不及待地打开，书的外面还附有一层薄薄的白色塑料膜包装，看着心情非常愉悦！物超所值！同时这本《三字经》也很适合收藏！建议还没有买的以及还在犹豫是否购买的尽快购买！(*^__^*) 嘻嘻…，好像在打免费广告。以后继续支持当当！希望当当继续发扬！,2
14956,"垃圾,相当垃圾,1和2好多都是重复的不说,还总是买关子,什么这个的详细内容看第二本的多少页,那个内容看第一本的什么地方.诸如此类的数不胜数.总体感觉就是再变相让你买他的书,手段相当下贱.而且字大行稀........",0
14957,酒红色产品，外观设计时尚，无亮点，总体性能不错。送货非常迅速。,2
14958,地段很好，停车场也很大，开车的朋友去住还是比较方便的，3人的家庭房还是满大的，也比较干净，有电吹风，就是没有开中央空调，有个立式空调，就是声音有点响，可能是我对声音比较敏感吧,2
14959,地理位置位置很好，我们订的是主楼的标间，正好在南边，晚上的运河很漂亮。就是房间小了点，电视也不是很清楚。,2
14960,"本书能完全从实际出发，对于生活中汉英翻译的错误和不妥之处,先点评然后再与国外的公示语进行比较，是从事翻译者的良师益友,是一本不可多得的好书.对规范我国公示语,避免笑话的发生，起了非常重要的作用，也给有关人士提供了一本不可多得的参考书。.缺点是：有些细节的地方，在照片上的词句看不清楚,要是能在照片下面再写一遍就好了!",2
14961,在看完《四世同堂》之后，我开始觉得老舍先生应该是五四以来中国最出色的作家了。抗日时期的历史可能都是所谓的战争片了，这本书里我看到了寻常百姓的生活。在读的时候，我时常会问自己，如果身在当时，会奋起抗战么，会有尊严的活着么。开始下载了一部电子书在手机里看，竟然发现书里有些地方有删节，真让我相当反感。一部伟大的作品被某些标准删去某些字节，真够不尊重文字的。,2
14962,"散热不太好，触摸板那里温度高。 xp系统很不好装，初装的dos系统，折腾了大半天也没装上xp，总是提示硬盘有问题，后来打了客服才知道要在BIOS中设置成IDE,xp的驱动也没有提供，需要到网上下。",0
14963,每一本都是这样的，简直象是盗版书，如果是正规出版印刷，这样的封面质量怎么出得了门？！儿子才6个月，里面怎么样还没有看，以后看了再评论这套书的“内涵”吧。。。。真是的，拿出来把我吓一跳,0
14964,"酒店前面就是温泉公园, 环境还算ok.我下午3点左右到酒店, 在前台等check-in时等了十多分钟才有服务员替我办手续. 不过, 退房时就很快.房间也算整洁, 但洗手间的毛巾有一点点油烟味似的.自助早餐只是一般.最喜欢的是晚上大堂有人弹钢琴, 很好听.",1
14965,声音有爆音，安装系统，驱动非常麻烦，我是专业人员还搞了一天的时间,0
14966,我不是蒙牛、没你想象那么纯。--要不要这么讽刺啊？蒙牛好尴尬。。。,0
14967,"可以自由设置的屏幕,可以摄像录音,都令人感到它的功能还不错",2
14968,春节期间去住了3个晚上。第一天前台给安排在2305（大床），房间在同层是最小的。第二天在我的要求下换了。总的感觉硬件一般，较旧，显得房价偏贵。房间地毯不少斑迹。酒店位置不错。服务很好，早餐也还可以。,2
14969,这个机器待机时间超短~~也就可以用10个小时`可以接几个电话~~你说这个是电话吗~,0
14970,难道这就是中国奸商的经营之道？,0
14971,通电话好像不是很顺利，有时通有时不通？!特意注意了一下信号，信号是满的，但是有时却接不到电话,1
14972,希望蒙牛能给国人一杯健康的奶 蒙牛欢迎你们，希望更多网友能够走进蒙牛，了解蒙牛。,2
14973,看了五颗星才买的，结果很失望，书中有一些语言不适合小孩子，象什么“滚开”之类，小孩子很容易模仿，建议大家看好再决定，我个人意见不好。,0
14974,"外观比较满意，总体性能还可以,冲着NBA版买的，只是容易留指纹。音效还不错。",2
14975,这本书没读到底，不是特别喜欢。完全可以用序中的评价来表达我的感受：可以包容，却不想实践。除了物质，我们要追求的还有很多。,0
14976,散热技术，防滚架，金属铰链，关盖卡扣，合金机身，就连thinkpad的小红帽都抄袭，变成了小蓝帽，,0
14977,我是在图书馆发现这套书的，看了第1集后就欲罢不能了，专门在当当购了全套书已便于日后再多看几遍，这书写得还是真不错里面关于古代军事的描写应该算是比较专业，自己反正第一次接触这些东西。印象最深的是关于袁崇焕的描写，随后我就各处去查这方面的评论，跟自己以前的认识确实反差很大，而且看了很多资料之后，心里确实还是偏向于袁崇焕是个误国之臣的说法，也就是窃明作者的说法。,2
14978,炒菜讲求色香味俱全，缺一不可，书也一样书的质量很好，图片特好看，在这种前提下看一道首的菜谱感觉是口水直流内容涉及的范围很广，冷菜热菜小炒到煲汤应有尽有，配料大多选常见的，炒菜流程很详细也很易操作，新手和老手都可以为之一读。而且在对健康饮食越来越重视的今天，有一系列的保健菜式的确是个不错的选择炒菜有时炒的时一种心境，看好看的书炒漂亮的菜。不错！,2
14979,"这本书实在太烂了,什么朗读手册,一点朗读的内容都没有.看了几页就不想看下去了.",0
14980,2006年12月16号住了一晚，因为看过ctrip的住户点评区，直到比较吵，专门要了一间8楼的，不靠街面的房间，结果还是吵到不行。而且房间隔音很不好，室外的一点点动作都听的清楚。其次，水龙头的流水真叫那个小啊，虽然中央空调打到30度，淋浴的时候还是冻得不行了，只要随便冲洗一下作罢。,0
14981,还不错，来北京的首选．就是餐厅太贵．．．．．．,2
14982,韩国人写的太浅显了，没有实质性内容,0
14983,屏幕有一个暗点，外壳一处有轻微的划痕，光驱那个声音嘛，有点法拉利的感觉...,0
14984,找了个外置光驱装了XP！速度还是可以滴，感觉比我那台03年的奔4还快点！,2
14985,买了《小团圆》，接到后甚至不舍得拆封。怀着激动的心情看了，感觉有一点点失落。情节纠结，人物复杂，甚至感觉读着很累，我个人看的速度也慢，前半部分几乎全是讲所有人之间的关系，有点乱……看着好辛苦……但不管怎样，说她神秘，那是因为这故事的情节和张爱玲人生的重叠，而且是遗稿，又说了要“销毁”，自然会引起大家的好奇心，感觉在书没出之前，捧出来的人气就相当高了。如果要从张爱玲以前的文学作品看的话，《小团圆》还可以，复杂的人物关系向来是张爱玲爱描写的，《小团圆》更甚。但是看了觉得还是以前的文章会留下更深的印象。如果要从好奇心来说的话，这部小说就比较有价值了，几乎讲全了张爱玲的人生……字里行间，让人很是心痛。还不错吧。,1
14986,今天做过一个测试，结果出来确实B型人格，当时觉得怎么也不靠谱。明明本妞很A的啊？直到发现《A型人》说明书，才有种感觉：终于被人理解了：）听说亚洲人口中，大多数都是B型人，而朋友也无一例外的似乎都划分在了B的范围，B型人的热闹、B型的喜欢出风头，实则让A们吃过了不少苦头。有时，会觉得在B型人的社会中，A型总会显得有点怪异、过于缄默、很是黯然。所以，当拿起A型人说明书的时候，简直太开心了：,2
14987,孙寅贵先生的小聪明越发地显露无遗，不再找人发表令人眩目的长篇大论的赞美评论，而改以一句话的书评，这样看起来更接近真实，但孙寅贵先生用自己的钱买自己的书，真是煞费苦心，更怕是陪了夫人又折兵！为什么这么说呢，一本明明是给自己的买卖作广告的书却介着公平定律的书名来让读者掏腰包，以此孙先生本是想来提高自己的知名度，其实自从《兄弟恩怨》在中央台播出，百龙天梯被质疑是否破坏人类自然遗产的时候，孙先生的名声够大的了，但这是怎样的一种知名呢，网络红人诸如“芙蓉姐姐”不也非常有名吗？如果孙先生那些不为更多人知道的借足球拿地的湘军事件和前几天书评里天津百龙员工的痛心陈辞被媒体热炒，孙先生的知名度会更大！孙寅贵不过就是一个商人，而且是一个买卖做得不理想的商人，他在书里说过，不遵守公平，就会有麻烦，为什么孙先生的麻烦一个比一个大呢，因为孙先生一次比一次更大地破坏了公平！美誉度——不知孙先生是否听说过这个词，您一定很想拥有它，因为您离这个境界实在太远，看完你的公平定律，了解了一些真实的您之后，这是我最想送给您的新春礼物！时代进步太快了，您也该升升层次了，正如您在书中谴责的那些为富不仁的山西煤老板，您和他们不过是真小人和伪君子的区别，您因不公平而遇到的麻烦一定比他们多，您比他们“有文化”，会利用公平这样严肃的话题来迷惑更多的人，从某种意义上说，您这样做才是对社会最大的不公平！知名度不等于美誉度，请孙先生明辩！,1
14988,"宽屏的,有点不习惯,不过这个不是京东的问题;以前记得送鼠标的,现在没有了",0
14989,指纹还能忍受吧，但觉得键盘不是贴得很结实，敲上去啪啪的，再就是屏幕光线看久了有些累,1
14990,优点：便宜，配置不差，外型8错，完全可以满足日常使用总结：便宜，配置不差，外型8错，完全可以满足日常使用,2
14991,宾馆周围环境不错，离商业区很近，而且幽静。不过宾馆有些老了，装修都过时了。,2
14992,作为推理小说可能不是最好的，作为言情小说可能也不是最好的。但是结合在一起却很让人惊奇。羡慕那样的爱情和那样的生活，也许所有的杀人犯都有自己很心酸的一段生活一段历程。那是一种常人所无法理解的痛苦和无助，如果他们能得到一份爱也许真的会有更好的生活。元元和陆劲的爱情能有情人终成眷属真的是一件很欣慰的事情，无论生活在什么地方什么环境的人，都要找到自己能付出可以付出一切的那个人。,1
14993,重量是重了点，长时间运行热量还是有点的，带VISTA基本就是鸡肋，小本还是用XP，驱动盘中竟然没有XP驱动，需要网上去找，比较麻烦,0
14994,同其他的企业管理书不一样，作者是以小说的形式告诉你在企业中该做什么，不该做什么，怎么做，尺度如何。条分缕晰，在理，又不会有老子教训儿子的感觉，和主人公一起经历风浪，一起成长，作者所说的也尽在不言中了，易于让人接受，不致产生抵触情绪.是一本关于如何做好一名员工的好书。不过作者关于爱情的描写却累赘了些，我看完通篇也不知道拉拉什么时候喜欢上王伟的，有点失望~,2
14995,打开包装发现光驱外沿有条白色虚线，好像是蹭的白漆，擦了很久都没完全擦掉。郁闷 ！感觉音响效果较差。,0
14996,早餐还可以，房间一般，不过隔音效果很好，虽然对则一条大马路，但是根本听不到什么嘲音,1
14997,"1. 只有一小部份房間有網絡, 還不是免費的, 要加收15元/天.2. 衛生差, 房間地毯很髒, 一個一個不知道是什麼液體留下的黑色圈圈痕跡, 寢具洗得不夠乾淨, 本來應該是白色的,但是顏色看起來卻發灰. 上面還有很多小洞. 另外, 看到蟑螂坦然的從桌子上爬過去......",1
14998,因为是新产品，XP系统驱动不完整。还有就是每台电脑配置不一样。,0
14999,儿子在刚拿到这套书的时候只是随便看了一眼就放下了，过了几天我看了一遍，发现里面的图画非常生动，每一张图里的信息都非常多，每一只小鸡的表情都不一样，我让儿子看，儿子一下就喜欢上了，一口气让我把6册都讲完，现在每天都要让我讲一遍，他最喜欢卡门，并且还不时指指点点：“看把小羊贝里奥吓的。”我认为这套书的图画真的很棒。又给儿子买了第二辑，在路上，希望一样精彩！,2
15000,这本书不厚，但全部读下来，也需要些心力。序又汤用彤先生的儿子，汤一介所述，父子同为学界的要人。汤用彤先生在佛教研究上很有造诣，据说，他为能更深刻地理解一些佛经要义便亲自学习梵文，然后自己着笔去译，老先生的治学态度一向恭谨。这本书起初是先生的教学讲稿，后来编订成书，是了解魏晋玄学的一个很好的渠道。书虽然不厚，但内容很多，可见先生学术之广博。,1
